#
# There is insufficient memory for the Java Runtime Environment to continue.
# Native memory allocation (mmap) failed to map 1048576 bytes for G1 virtual space
# Possible reasons:
#   The system is out of physical RAM or swap space
#   The process is running with CompressedOops enabled, and the Java Heap may be blocking the growth of the native heap
# Possible solutions:
#   Reduce memory load on the system
#   Increase physical memory or swap space
#   Check if swap backing store is full
#   Decrease Java heap size (-Xmx/-Xms)
#   Decrease number of Java threads
#   Decrease Java thread stack sizes (-Xss)
#   Set larger code cache with -XX:ReservedCodeCacheSize=
#   JVM is running with Unscaled Compressed Oops mode in which the Java heap is
#     placed in the first 4GB address space. The Java Heap base address is the
#     maximum limit for the native heap growth. Please use -XX:HeapBaseMinAddress
#     to set the Java Heap base and to place the Java Heap above 4GB virtual address.
# This output file may be truncated or incomplete.
#
#  Out of Memory Error (os_windows.cpp:3541), pid=7760, tid=15924
#
# JRE version: Java(TM) SE Runtime Environment (17.0.5+9) (build 17.0.5+9-LTS-191)
# Java VM: Java HotSpot(TM) 64-Bit Server VM (17.0.5+9-LTS-191, mixed mode, sharing, tiered, compressed oops, compressed class ptrs, g1 gc, windows-amd64)
# No core dump will be written. Minidumps are not enabled by default on client versions of Windows
#

---------------  S U M M A R Y ------------

Command Line: --module-path=C:\Users\Yassine\.m2\repository\org\openjfx\javafx-base\21.0.2\javafx-base-21.0.2-win.jar;C:\Users\Yassine\.m2\repository\org\openjfx\javafx-base\21.0.2\javafx-base-21.0.2.jar;C:\Users\Yassine\.m2\repository\org\openjfx\javafx-controls\21.0.2\javafx-controls-21.0.2-win.jar;C:\Users\Yassine\.m2\repository\org\openjfx\javafx-controls\21.0.2\javafx-controls-21.0.2.jar;C:\Users\Yassine\.m2\repository\org\openjfx\javafx-fxml\21.0.2\javafx-fxml-21.0.2-win.jar;C:\Users\Yassine\.m2\repository\org\openjfx\javafx-fxml\21.0.2\javafx-fxml-21.0.2.jar;C:\Users\Yassine\.m2\repository\org\openjfx\javafx-graphics\21.0.2\javafx-graphics-21.0.2-win.jar;C:\Users\Yassine\.m2\repository\org\openjfx\javafx-graphics\21.0.2\javafx-graphics-21.0.2.jar;C:\Users\Yassine\.m2\repository\org\openjfx\javafx-swing\21.0.2\javafx-swing-21.0.2-win.jar;C:\Users\Yassine\.m2\repository\org\openjfx\javafx-swing\21.0.2\javafx-swing-21.0.2.jar --add-modules=javafx.base,javafx.controls,javafx.fxml,javafx.graphics,javafx.swing otemps.main.Main

Host: 11th Gen Intel(R) Core(TM) i7-11800H @ 2.30GHz, 16 cores, 7G,  Windows 11 , 64 bit Build 26100 (10.0.26100.8246)
Time: Mon Apr 27 03:52:17 2026 Paris, Madrid (heure duild 26100 (10.0.26100.8246) elapsed time: 12.135682 seconds (0d 0h 0m 12s)

---------------  T H R E A D  ---------------

Current thread (0x0000025a161dc770):  JavaThread "Thread-27" [_thread_in_vm, id=15924, stack(0x000000aa93900000,0x000000aa93a00000)]

Stack: [0x000000aa93900000,0x000000aa93a00000]
Native frames: (J=compiled Java code, j=interpreted, Vv=VM code, C=native code)
V  [jvm.dll+0x672eea]
V  [jvm.dll+0x7d2a04]
V  [jvm.dll+0x7d41ae]
V  [jvm.dll+0x7d4813]
V  [jvm.dll+0x242c15]
V  [jvm.dll+0x66fe09]
V  [jvm.dll+0x664682]
V  [jvm.dll+0x300e8b]
V  [jvm.dll+0x308426]
V  [jvm.dll+0x357ceb]
V  [jvm.dll+0x358314]
V  [jvm.dll+0x357ec6]
V  [jvm.dll+0x2d85f4]
V  [jvm.dll+0x2d4686]
V  [jvm.dll+0x607583]
V  [jvm.dll+0x20da65]
V  [jvm.dll+0x79c9b6]
V  [jvm.dll+0x37de6a]
C  0x0000025a0001b90d

Java frames: (J=compiled Java code, j=interpreted, Vv=VM code)
j  com.sun.javafx.iio.jpeg.JPEGImageLoader.load(IIIZZ)Lcom/sun/javafx/iio/ImageFrame;+184 javafx.graphics@21.0.2
j  com.sun.javafx.iio.ImageStorage.loadAll(Lcom/sun/javafx/iio/ImageLoader;DDZFZ)[Lcom/sun/javafx/iio/ImageFrame;+55 javafx.graphics@21.0.2
j  com.sun.javafx.iio.ImageStorage.loadAll(Ljava/io/InputStream;Lcom/sun/javafx/iio/ImageLoadListener;DDZFZ)[Lcom/sun/javafx/iio/ImageFrame;+49 javafx.graphics@21.0.2
j  com.sun.javafx.tk.quantum.PrismImageLoader2.loadAll(Ljava/io/InputStream;DDZZ)V+24 javafx.graphics@21.0.2
j  com.sun.javafx.tk.quantum.PrismImageLoader2.<init>(Ljava/io/InputStream;DDZZ)V+13 javafx.graphics@21.0.2
j  com.sun.javafx.tk.quantum.QuantumToolkit.loadImage(Ljava/io/InputStream;DDZZ)Lcom/sun/javafx/tk/ImageLoader;+12 javafx.graphics@21.0.2
j  javafx.scene.image.Image.loadImage(Ljava/io/InputStream;DDZZ)Lcom/sun/javafx/tk/ImageLoader;+10 javafx.graphics@21.0.2
j  javafx.scene.image.Image.initialize(Ljava/lang/Object;)V+65 javafx.graphics@21.0.2
j  javafx.scene.image.Image.<init>(Ljava/io/InputStream;)V+16 javafx.graphics@21.0.2
j  otemps.controllers.HomeController.fetchImage(Ljava/lang/String;)Ljavafx/scene/image/Image;+77
j  otemps.controllers.HomeController.lambda$createObjetCard$6(Lotemps/entites/Objet;Ljavafx/scene/image/ImageView;)V+41
j  otemps.controllers.HomeController$$Lambda$545+0x0000000800eb7dc8.run()V+12
j  java.lang.Thread.run()V+11 java.base@17.0.5
v  ~StubRoutines::call_stub

---------------  P R O C E S S  ---------------

Threads class SMR info:
_java_thread_list=0x0000025a1af9b140, length=38, elements={
0x0000025a6f8db980, 0x0000025a7f28d630, 0x0000025a7f28ec20, 0x0000025a7f2a8280,
0x0000025a7f2a97a0, 0x0000025a7f2ae1d0, 0x0000025a7f2ace90, 0x0000025a7f2e0180,
0x0000025a7f2e93b0, 0x0000025a0f00abf0, 0x0000025a7f2ac020, 0x0000025a7f2ab1b0,
0x0000025a7f2add00, 0x0000025a7f2ac4f0, 0x0000025a7f2aeb70, 0x0000025a7f2abb50,
0x0000025a7f2ac9c0, 0x0000025a7f2ab680, 0x0000025a7f2ad830, 0x0000025a161d9280,
0x0000025a161dbdd0, 0x0000025a161daf60, 0x0000025a15590910, 0x0000025a1558efc0,
0x0000025a1558eab0, 0x0000025a15591840, 0x0000025a15591330, 0x0000025a1558f9e0,
0x0000025a161d8410, 0x0000025a161db900, 0x0000025a161d9c20, 0x0000025a161dc2a0,
0x0000025a161d8db0, 0x0000025a161d88e0, 0x0000025a161daa90, 0x0000025a161dd110,
0x0000025a161dc770, 0x0000025a1558f4d0
}

Java Threads: ( => current thread )
  0x0000025a6f8db980 JavaThread "main" [_thread_blocked, id=26264, stack(0x000000aa8fd00000,0x000000aa8fe00000)]
  0x0000025a7f28d630 JavaThread "Reference Handler" daemon [_thread_blocked, id=13276, stack(0x000000aa90400000,0x000000aa90500000)]
  0x0000025a7f28ec20 JavaThread "Finalizer" daemon [_thread_blocked, id=17032, stack(0x000000aa90500000,0x000000aa90600000)]
  0x0000025a7f2a8280 JavaThread "Signal Dispatcher" daemon [_thread_blocked, id=15796, stack(0x000000aa90600000,0x000000aa90700000)]
  0x0000025a7f2a97a0 JavaThread "Attach Listener" daemon [_thread_blocked, id=14820, stack(0x000000aa90700000,0x000000aa90800000)]
  0x0000025a7f2ae1d0 JavaThread "Service Thread" daemon [_thread_blocked, id=17992, stack(0x000000aa90800000,0x000000aa90900000)]
  0x0000025a7f2ace90 JavaThread "Monitor Deflation Thread" daemon [_thread_blocked, id=31544, stack(0x000000aa90900000,0x000000aa90a00000)]
  0x0000025a7f2e0180 JavaThread "C2 CompilerThread0" daemon [_thread_in_native, id=2964, stack(0x000000aa90a00000,0x000000aa90b00000)]
  0x0000025a7f2e93b0 JavaThread "C1 CompilerThread0" daemon [_thread_blocked, id=1860, stack(0x000000aa90b00000,0x000000aa90c00000)]
  0x0000025a0f00abf0 JavaThread "Sweeper thread" daemon [_thread_blocked, id=5132, stack(0x000000aa90c00000,0x000000aa90d00000)]
  0x0000025a7f2ac020 JavaThread "Common-Cleaner" daemon [_thread_blocked, id=28560, stack(0x000000aa90e00000,0x000000aa90f00000)]
  0x0000025a7f2ab1b0 JavaThread "Notification Thread" daemon [_thread_blocked, id=19732, stack(0x000000aa91400000,0x000000aa91500000)]
  0x0000025a7f2add00 JavaThread "QuantumRenderer-0" daemon [_thread_blocked, id=3508, stack(0x000000aa91600000,0x000000aa91700000)]
  0x0000025a7f2ac4f0 JavaThread "InvokeLaterDispatcher" daemon [_thread_blocked, id=19788, stack(0x000000aa91700000,0x000000aa91800000)]
  0x0000025a7f2aeb70 JavaThread "JavaFX Application Thread" [_thread_in_native, id=28712, stack(0x000000aa91800000,0x000000aa91900000)]
  0x0000025a7f2abb50 JavaThread "Thread-1" daemon [_thread_in_native, id=20440, stack(0x000000aa91c00000,0x000000aa91d00000)]
  0x0000025a7f2ac9c0 JavaThread "JavaFX-Launcher" [_thread_blocked, id=20932, stack(0x000000aa91d00000,0x000000aa91e00000)]
  0x0000025a7f2ab680 JavaThread "mysql-cj-abandoned-connection-cleanup" daemon [_thread_blocked, id=5732, stack(0x000000aa91e00000,0x000000aa91f00000)]
  0x0000025a7f2ad830 JavaThread "Prism Font Disposer" daemon [_thread_blocked, id=23452, stack(0x000000aa92e00000,0x000000aa92f00000)]
  0x0000025a161d9280 JavaThread "Thread-8" [_thread_in_native, id=14096, stack(0x000000aa93300000,0x000000aa93400000)]
  0x0000025a161dbdd0 JavaThread "Cleaner-0" daemon [_thread_blocked, id=9184, stack(0x000000aa93a00000,0x000000aa93b00000)]
  0x0000025a161daf60 JavaThread "Keep-Alive-Timer" daemon [_thread_blocked, id=11132, stack(0x000000aa93e00000,0x000000aa93f00000)]
  0x0000025a15590910 JavaThread "C1 CompilerThread1" daemon [_thread_blocked, id=6856, stack(0x000000aa90d00000,0x000000aa90e00000)]
  0x0000025a1558efc0 JavaThread "C1 CompilerThread2" daemon [_thread_blocked, id=31088, stack(0x000000aa90f00000,0x000000aa91000000)]
  0x0000025a1558eab0 JavaThread "C2 CompilerThread1" daemon [_thread_blocked, id=27220, stack(0x000000aa91100000,0x000000aa91200000)]
  0x0000025a15591840 JavaThread "C2 CompilerThread2" daemon [_thread_blocked, id=17580, stack(0x000000aa91200000,0x000000aa91300000)]
  0x0000025a15591330 JavaThread "C1 CompilerThread3" daemon [_thread_blocked, id=21768, stack(0x000000aa91000000,0x000000aa91100000)]
  0x0000025a1558f9e0 JavaThread "C2 CompilerThread3" daemon [_thread_blocked, id=13640, stack(0x000000aa91300000,0x000000aa91400000)]
  0x0000025a161d8410 JavaThread "Thread-18" [_thread_blocked, id=11936, stack(0x000000aa92f00000,0x000000aa93000000)]
  0x0000025a161db900 JavaThread "Thread-19" [_thread_blocked, id=22680, stack(0x000000aa93000000,0x000000aa93100000)]
  0x0000025a161d9c20 JavaThread "Thread-20" [_thread_blocked, id=31604, stack(0x000000aa93100000,0x000000aa93200000)]
  0x0000025a161dc2a0 JavaThread "Thread-22" [_thread_in_native, id=23716, stack(0x000000aa93400000,0x000000aa93500000)]
  0x0000025a161d8db0 JavaThread "Thread-23" [_thread_blocked, id=26604, stack(0x000000aa93500000,0x000000aa93600000)]
  0x0000025a161d88e0 JavaThread "Thread-24" [_thread_in_native, id=5044, stack(0x000000aa93600000,0x000000aa93700000)]
  0x0000025a161daa90 JavaThread "Thread-25" [_thread_in_native, id=16308, stack(0x000000aa93700000,0x000000aa93800000)]
  0x0000025a161dd110 JavaThread "Thread-26" [_thread_blocked, id=30352, stack(0x000000aa93800000,0x000000aa93900000)]
=>0x0000025a161dc770 JavaThread "Thread-27" [_thread_in_vm, id=15924, stack(0x000000aa93900000,0x000000aa93a00000)]
  0x0000025a1558f4d0 JavaThread "C2 CompilerThread4" daemon [_thread_blocked, id=21628, stack(0x000000aa93f00000,0x000000aa94000000)]

Other Threads:
  0x0000025a7f286c40 VMThread "VM Thread" [stack: 0x000000aa90300000,0x000000aa90400000] [id=22248]
  0x0000025a0f38ba60 WatcherThread [stack: 0x000000aa91500000,0x000000aa91600000] [id=25312]
  0x0000025a6f937280 GCTaskThread "GC Thread#0" [stack: 0x000000aa8fe00000,0x000000aa8ff00000] [id=7836]
  0x0000025a14839cd0 GCTaskThread "GC Thread#1" [stack: 0x000000aa91f00000,0x000000aa92000000] [id=27080]
  0x0000025a149280d0 GCTaskThread "GC Thread#2" [stack: 0x000000aa92000000,0x000000aa92100000] [id=27172]
  0x0000025a148d8770 GCTaskThread "GC Thread#3" [stack: 0x000000aa92100000,0x000000aa92200000] [id=8828]
  0x0000025a148d5fc0 GCTaskThread "GC Thread#4" [stack: 0x000000aa92200000,0x000000aa92300000] [id=18652]
  0x0000025a0fbf9150 GCTaskThread "GC Thread#5" [stack: 0x000000aa92300000,0x000000aa92400000] [id=6436]
  0x0000025a16618c50 GCTaskThread "GC Thread#6" [stack: 0x000000aa92700000,0x000000aa92800000] [id=29112]
  0x0000025a155a0330 GCTaskThread "GC Thread#7" [stack: 0x000000aa92800000,0x000000aa92900000] [id=20948]
  0x0000025a14f333c0 GCTaskThread "GC Thread#8" [stack: 0x000000aa92900000,0x000000aa92a00000] [id=22080]
  0x0000025a14f33920 GCTaskThread "GC Thread#9" [stack: 0x000000aa92a00000,0x000000aa92b00000] [id=26204]
  0x0000025a14f31e40 GCTaskThread "GC Thread#10" [stack: 0x000000aa92b00000,0x000000aa92c00000] [id=11184]
  0x0000025a14f32650 GCTaskThread "GC Thread#11" [stack: 0x000000aa92c00000,0x000000aa92d00000] [id=3288]
  0x0000025a14f33670 GCTaskThread "GC Thread#12" [stack: 0x000000aa92d00000,0x000000aa92e00000] [id=8508]
  0x0000025a6f949790 ConcurrentGCThread "G1 Main Marker" [stack: 0x000000aa8ff00000,0x000000aa90000000] [id=27476]
  0x0000025a6f94b5e0 ConcurrentGCThread "G1 Conc#0" [stack: 0x000000aa90000000,0x000000aa90100000] [id=2416]
  0x0000025a14f32bb0 ConcurrentGCThread "G1 Conc#1" [stack: 0x000000aa93b00000,0x000000aa93c00000] [id=10980]
  0x0000025a14f320f0 ConcurrentGCThread "G1 Conc#2" [stack: 0x000000aa93c00000,0x000000aa93d00000] [id=15328]
  0x0000025a7f12f530 ConcurrentGCThread "G1 Refine#0" [stack: 0x000000aa90100000,0x000000aa90200000] [id=25432]
  0x0000025a7f12fe50 ConcurrentGCThread "G1 Service" [stack: 0x000000aa90200000,0x000000aa90300000] [id=26728]

Threads with active compile tasks:
C2 CompilerThread0    12161 5543   !   4       sun.security.ssl.SSLCipher$T13GcmReadCipherGenerator$GcmReadCipher::decrypt (524 bytes)

VM state: not at safepoint (normal execution)

VM Mutex/Monitor currently owned by a thread:  ([mutex/lock_event])
[0x0000025a6f8d9c60] Heap_lock - owner thread: 0x0000025a161dc770

Heap address: 0x0000000084a00000, size: 1974 MB, Compressed Oops mode: 32-bit

CDS archive(s) mapped at: [0x0000000800000000-0x0000000800bd0000-0x0000000800bd0000), size 12386304, SharedBaseAddress: 0x0000000800000000, ArchiveRelocationMode: 0.
Compressed class space mapped at: 0x0000000800c00000-0x0000000840c00000, reserved size: 1073741824
Narrow klass base: 0x0000000800000000, Narrow klass shift: 0, Narrow klass range: 0x100000000

GC Precious Log:
 CPUs: 16 total, 16 available
 Memory: 7893M
 Large Page Support: Disabled
 NUMA Support: Disabled
 Compressed Oops: Enabled (32-bit)
 Heap Region Size: 1M
 Heap Min Capacity: 8M
 Heap Initial Capacity: 124M
 Heap Max Capacity: 1974M
 Pre-touch: Disabled
 Parallel Workers: 13
 Concurrent Workers: 3
 Concurrent Refinement Workers: 13
 Periodic GC: Disabled

Heap:
 garbage-first heap   total 447488K, used 392794K [0x0000000084a00000, 0x0000000100000000)
  region size 1024K, 7 young (7168K), 4 survivors (4096K)
 Metaspace       used 28820K, committed 29056K, reserved 1081344K
  class space    used 3855K, committed 3968K, reserved 1048576K

Heap Regions: E=young(eden), S=young(survivor), O=old, HS=humongous(starts), HC=humongous(continues), CS=collection set, F=free, OA=open archive, CA=closed archive, TAMS=top-at-mark-start (previous, next)
|   0|0x0000000084a00000, 0x0000000084b00000, 0x0000000084b00000|100%| O|  |TAMS 0x0000000084b00000, 0x0000000084a00000| Updating 
|   1|0x0000000084b00000, 0x0000000084c00000, 0x0000000084c00000|100%| O|  |TAMS 0x0000000084c00000, 0x0000000084b00000| Untracked 
|   2|0x0000000084c00000, 0x0000000084d00000, 0x0000000084d00000|100%| O|  |TAMS 0x0000000084d00000, 0x0000000084c00000| Untracked 
|   3|0x0000000084d00000, 0x0000000084d8d200, 0x0000000084e00000| 55%| O|  |TAMS 0x0000000084d8d200, 0x0000000084d00000| Updating 
|   4|0x0000000084e00000, 0x0000000084f00000, 0x0000000084f00000|100%|HS|  |TAMS 0x0000000084f00000, 0x0000000084e00000| Complete 
|   5|0x0000000084f00000, 0x0000000085000000, 0x0000000085000000|100%|HC|  |TAMS 0x0000000085000000, 0x0000000084f00000| Complete 
|   6|0x0000000085000000, 0x0000000085100000, 0x0000000085100000|100%|HS|  |TAMS 0x0000000085100000, 0x0000000085000000| Complete 
|   7|0x0000000085100000, 0x0000000085200000, 0x0000000085200000|100%|HC|  |TAMS 0x0000000085200000, 0x0000000085100000| Complete 
|   8|0x0000000085200000, 0x0000000085300000, 0x0000000085300000|100%|HS|  |TAMS 0x0000000085300000, 0x0000000085200000| Complete 
|   9|0x0000000085300000, 0x0000000085400000, 0x0000000085400000|100%|HC|  |TAMS 0x0000000085400000, 0x0000000085300000| Complete 
|  10|0x0000000085400000, 0x0000000085500000, 0x0000000085500000|100%|HC|  |TAMS 0x0000000085500000, 0x0000000085400000| Complete 
|  11|0x0000000085500000, 0x0000000085600000, 0x0000000085600000|100%|HC|  |TAMS 0x0000000085600000, 0x0000000085500000| Complete 
|  12|0x0000000085600000, 0x0000000085700000, 0x0000000085700000|100%| O|  |TAMS 0x0000000085700000, 0x0000000085600000| Untracked 
|  13|0x0000000085700000, 0x0000000085800000, 0x0000000085800000|100%| O|  |TAMS 0x0000000085800000, 0x0000000085700000| Untracked 
|  14|0x0000000085800000, 0x0000000085900000, 0x0000000085900000|100%| O|  |TAMS 0x0000000085900000, 0x0000000085800000| Untracked 
|  15|0x0000000085900000, 0x0000000085a00000, 0x0000000085a00000|100%| O|  |TAMS 0x0000000085a00000, 0x0000000085900000| Untracked 
|  16|0x0000000085a00000, 0x0000000085b00000, 0x0000000085b00000|100%| O|  |TAMS 0x0000000085b00000, 0x0000000085a00000| Untracked 
|  17|0x0000000085b00000, 0x0000000085c00000, 0x0000000085c00000|100%| O|  |TAMS 0x0000000085c00000, 0x0000000085b00000| Untracked 
|  18|0x0000000085c00000, 0x0000000085d00000, 0x0000000085d00000|100%| O|  |TAMS 0x0000000085d00000, 0x0000000085c00000| Untracked 
|  19|0x0000000085d00000, 0x0000000085e00000, 0x0000000085e00000|100%| O|  |TAMS 0x0000000085e00000, 0x0000000085d00000| Untracked 
|  20|0x0000000085e00000, 0x0000000085f00000, 0x0000000085f00000|100%| O|  |TAMS 0x0000000085f00000, 0x0000000085e00000| Untracked 
|  21|0x0000000085f00000, 0x0000000086000000, 0x0000000086000000|100%| O|  |TAMS 0x0000000086000000, 0x0000000085f00000| Untracked 
|  22|0x0000000086000000, 0x0000000086100000, 0x0000000086100000|100%|HS|  |TAMS 0x0000000086100000, 0x0000000086000000| Complete 
|  23|0x0000000086100000, 0x0000000086200000, 0x0000000086200000|100%|HS|  |TAMS 0x0000000086200000, 0x0000000086100000| Complete 
|  24|0x0000000086200000, 0x0000000086300000, 0x0000000086300000|100%|HC|  |TAMS 0x0000000086300000, 0x0000000086200000| Complete 
|  25|0x0000000086300000, 0x0000000086400000, 0x0000000086400000|100%|HS|  |TAMS 0x0000000086400000, 0x0000000086300000| Complete 
|  26|0x0000000086400000, 0x0000000086500000, 0x0000000086500000|100%|HC|  |TAMS 0x0000000086500000, 0x0000000086400000| Complete 
|  27|0x0000000086500000, 0x0000000086600000, 0x0000000086600000|100%|HC|  |TAMS 0x0000000086600000, 0x0000000086500000| Complete 
|  28|0x0000000086600000, 0x0000000086700000, 0x0000000086700000|100%|HC|  |TAMS 0x0000000086700000, 0x0000000086600000| Complete 
|  29|0x0000000086700000, 0x0000000086800000, 0x0000000086800000|100%|HC|  |TAMS 0x0000000086800000, 0x0000000086700000| Complete 
|  30|0x0000000086800000, 0x0000000086900000, 0x0000000086900000|100%|HC|  |TAMS 0x0000000086900000, 0x0000000086800000| Complete 
|  31|0x0000000086900000, 0x0000000086a00000, 0x0000000086a00000|100%|HC|  |TAMS 0x0000000086a00000, 0x0000000086900000| Complete 
|  32|0x0000000086a00000, 0x0000000086b00000, 0x0000000086b00000|100%|HC|  |TAMS 0x0000000086b00000, 0x0000000086a00000| Complete 
|  33|0x0000000086b00000, 0x0000000086c00000, 0x0000000086c00000|100%|HC|  |TAMS 0x0000000086c00000, 0x0000000086b00000| Complete 
|  34|0x0000000086c00000, 0x0000000086d00000, 0x0000000086d00000|100%|HC|  |TAMS 0x0000000086d00000, 0x0000000086c00000| Complete 
|  35|0x0000000086d00000, 0x0000000086e00000, 0x0000000086e00000|100%|HC|  |TAMS 0x0000000086e00000, 0x0000000086d00000| Complete 
|  36|0x0000000086e00000, 0x0000000086f00000, 0x0000000086f00000|100%|HC|  |TAMS 0x0000000086f00000, 0x0000000086e00000| Complete 
|  37|0x0000000086f00000, 0x0000000087000000, 0x0000000087000000|100%|HC|  |TAMS 0x0000000087000000, 0x0000000086f00000| Complete 
|  38|0x0000000087000000, 0x0000000087100000, 0x0000000087100000|100%|HC|  |TAMS 0x0000000087100000, 0x0000000087000000| Complete 
|  39|0x0000000087100000, 0x0000000087200000, 0x0000000087200000|100%|HC|  |TAMS 0x0000000087200000, 0x0000000087100000| Complete 
|  40|0x0000000087200000, 0x0000000087300000, 0x0000000087300000|100%|HC|  |TAMS 0x0000000087300000, 0x0000000087200000| Complete 
|  41|0x0000000087300000, 0x0000000087400000, 0x0000000087400000|100%|HC|  |TAMS 0x0000000087400000, 0x0000000087300000| Complete 
|  42|0x0000000087400000, 0x0000000087500000, 0x0000000087500000|100%|HC|  |TAMS 0x0000000087500000, 0x0000000087400000| Complete 
|  43|0x0000000087500000, 0x0000000087600000, 0x0000000087600000|100%|HC|  |TAMS 0x0000000087600000, 0x0000000087500000| Complete 
|  44|0x0000000087600000, 0x0000000087700000, 0x0000000087700000|100%|HC|  |TAMS 0x0000000087700000, 0x0000000087600000| Complete 
|  45|0x0000000087700000, 0x0000000087800000, 0x0000000087800000|100%|HC|  |TAMS 0x0000000087800000, 0x0000000087700000| Complete 
|  46|0x0000000087800000, 0x0000000087900000, 0x0000000087900000|100%|HC|  |TAMS 0x0000000087900000, 0x0000000087800000| Complete 
|  47|0x0000000087900000, 0x0000000087a00000, 0x0000000087a00000|100%|HC|  |TAMS 0x0000000087a00000, 0x0000000087900000| Complete 
|  48|0x0000000087a00000, 0x0000000087b00000, 0x0000000087b00000|100%|HC|  |TAMS 0x0000000087b00000, 0x0000000087a00000| Complete 
|  49|0x0000000087b00000, 0x0000000087c00000, 0x0000000087c00000|100%|HC|  |TAMS 0x0000000087c00000, 0x0000000087b00000| Complete 
|  50|0x0000000087c00000, 0x0000000087d00000, 0x0000000087d00000|100%|HC|  |TAMS 0x0000000087d00000, 0x0000000087c00000| Complete 
|  51|0x0000000087d00000, 0x0000000087e00000, 0x0000000087e00000|100%|HC|  |TAMS 0x0000000087e00000, 0x0000000087d00000| Complete 
|  52|0x0000000087e00000, 0x0000000087f00000, 0x0000000087f00000|100%|HC|  |TAMS 0x0000000087f00000, 0x0000000087e00000| Complete 
|  53|0x0000000087f00000, 0x0000000088000000, 0x0000000088000000|100%|HC|  |TAMS 0x0000000088000000, 0x0000000087f00000| Complete 
|  54|0x0000000088000000, 0x0000000088100000, 0x0000000088100000|100%|HC|  |TAMS 0x0000000088100000, 0x0000000088000000| Complete 
|  55|0x0000000088100000, 0x0000000088200000, 0x0000000088200000|100%|HC|  |TAMS 0x0000000088200000, 0x0000000088100000| Complete 
|  56|0x0000000088200000, 0x0000000088300000, 0x0000000088300000|100%|HC|  |TAMS 0x0000000088300000, 0x0000000088200000| Complete 
|  57|0x0000000088300000, 0x0000000088400000, 0x0000000088400000|100%|HC|  |TAMS 0x0000000088400000, 0x0000000088300000| Complete 
|  58|0x0000000088400000, 0x0000000088500000, 0x0000000088500000|100%|HC|  |TAMS 0x0000000088500000, 0x0000000088400000| Complete 
|  59|0x0000000088500000, 0x0000000088600000, 0x0000000088600000|100%|HC|  |TAMS 0x0000000088600000, 0x0000000088500000| Complete 
|  60|0x0000000088600000, 0x0000000088700000, 0x0000000088700000|100%|HS|  |TAMS 0x0000000088700000, 0x0000000088600000| Complete 
|  61|0x0000000088700000, 0x0000000088800000, 0x0000000088800000|100%|HC|  |TAMS 0x0000000088800000, 0x0000000088700000| Complete 
|  62|0x0000000088800000, 0x0000000088900000, 0x0000000088900000|100%|HC|  |TAMS 0x0000000088900000, 0x0000000088800000| Complete 
|  63|0x0000000088900000, 0x0000000088a00000, 0x0000000088a00000|100%|HC|  |TAMS 0x0000000088a00000, 0x0000000088900000| Complete 
|  64|0x0000000088a00000, 0x0000000088b00000, 0x0000000088b00000|100%|HC|  |TAMS 0x0000000088b00000, 0x0000000088a00000| Complete 
|  65|0x0000000088b00000, 0x0000000088c00000, 0x0000000088c00000|100%|HC|  |TAMS 0x0000000088c00000, 0x0000000088b00000| Complete 
|  66|0x0000000088c00000, 0x0000000088d00000, 0x0000000088d00000|100%|HC|  |TAMS 0x0000000088d00000, 0x0000000088c00000| Complete 
|  67|0x0000000088d00000, 0x0000000088e00000, 0x0000000088e00000|100%|HC|  |TAMS 0x0000000088e00000, 0x0000000088d00000| Complete 
|  68|0x0000000088e00000, 0x0000000088f00000, 0x0000000088f00000|100%|HS|  |TAMS 0x0000000088f00000, 0x0000000088e00000| Complete 
|  69|0x0000000088f00000, 0x0000000089000000, 0x0000000089000000|100%|HC|  |TAMS 0x0000000089000000, 0x0000000088f00000| Complete 
|  70|0x0000000089000000, 0x0000000089100000, 0x0000000089100000|100%|HS|  |TAMS 0x0000000089100000, 0x0000000089000000| Complete 
|  71|0x0000000089100000, 0x0000000089200000, 0x0000000089200000|100%|HC|  |TAMS 0x0000000089200000, 0x0000000089100000| Complete 
|  72|0x0000000089200000, 0x0000000089300000, 0x0000000089300000|100%|HS|  |TAMS 0x0000000089300000, 0x0000000089200000| Complete 
|  73|0x0000000089300000, 0x0000000089400000, 0x0000000089400000|100%|HC|  |TAMS 0x0000000089400000, 0x0000000089300000| Complete 
|  74|0x0000000089400000, 0x0000000089400000, 0x0000000089500000|  0%| F|  |TAMS 0x0000000089400000, 0x0000000089400000| Untracked 
|  75|0x0000000089500000, 0x0000000089500000, 0x0000000089600000|  0%| F|  |TAMS 0x0000000089500000, 0x0000000089500000| Untracked 
|  76|0x0000000089600000, 0x0000000089700000, 0x0000000089700000|100%| O|  |TAMS 0x0000000089700000, 0x0000000089600000| Updating 
|  77|0x0000000089700000, 0x0000000089800000, 0x0000000089800000|100%| O|  |TAMS 0x0000000089800000, 0x0000000089700000| Updating 
|  78|0x0000000089800000, 0x000000008984ca00, 0x0000000089900000| 29%| O|  |TAMS 0x000000008984ca00, 0x0000000089800000| Updating 
|  79|0x0000000089900000, 0x0000000089a00000, 0x0000000089a00000|100%|HS|  |TAMS 0x0000000089900000, 0x0000000089900000| Complete 
|  80|0x0000000089a00000, 0x0000000089b00000, 0x0000000089b00000|100%|HC|  |TAMS 0x0000000089a00000, 0x0000000089a00000| Complete 
|  81|0x0000000089b00000, 0x0000000089c00000, 0x0000000089c00000|100%|HC|  |TAMS 0x0000000089b00000, 0x0000000089b00000| Complete 
|  82|0x0000000089c00000, 0x0000000089d00000, 0x0000000089d00000|100%|HC|  |TAMS 0x0000000089c00000, 0x0000000089c00000| Complete 
|  83|0x0000000089d00000, 0x0000000089d00000, 0x0000000089e00000|  0%| F|  |TAMS 0x0000000089d00000, 0x0000000089d00000| Untracked 
|  84|0x0000000089e00000, 0x0000000089e00000, 0x0000000089f00000|  0%| F|  |TAMS 0x0000000089e00000, 0x0000000089e00000| Untracked 
|  85|0x0000000089f00000, 0x0000000089f00000, 0x000000008a000000|  0%| F|  |TAMS 0x0000000089f00000, 0x0000000089f00000| Untracked 
|  86|0x000000008a000000, 0x000000008a000000, 0x000000008a100000|  0%| F|  |TAMS 0x000000008a000000, 0x000000008a000000| Untracked 
|  87|0x000000008a100000, 0x000000008a100000, 0x000000008a200000|  0%| F|  |TAMS 0x000000008a100000, 0x000000008a100000| Untracked 
|  88|0x000000008a200000, 0x000000008a200000, 0x000000008a300000|  0%| F|  |TAMS 0x000000008a200000, 0x000000008a200000| Untracked 
|  89|0x000000008a300000, 0x000000008a300000, 0x000000008a400000|  0%| F|  |TAMS 0x000000008a300000, 0x000000008a300000| Untracked 
|  90|0x000000008a400000, 0x000000008a400000, 0x000000008a500000|  0%| F|  |TAMS 0x000000008a400000, 0x000000008a400000| Untracked 
|  91|0x000000008a500000, 0x000000008a600000, 0x000000008a600000|100%|HS|  |TAMS 0x000000008a600000, 0x000000008a500000| Complete 
|  92|0x000000008a600000, 0x000000008a700000, 0x000000008a700000|100%|HC|  |TAMS 0x000000008a700000, 0x000000008a600000| Complete 
|  93|0x000000008a700000, 0x000000008a800000, 0x000000008a800000|100%|HC|  |TAMS 0x000000008a800000, 0x000000008a700000| Complete 
|  94|0x000000008a800000, 0x000000008a900000, 0x000000008a900000|100%|HC|  |TAMS 0x000000008a900000, 0x000000008a800000| Complete 
|  95|0x000000008a900000, 0x000000008aa00000, 0x000000008aa00000|100%|HC|  |TAMS 0x000000008aa00000, 0x000000008a900000| Complete 
|  96|0x000000008aa00000, 0x000000008ab00000, 0x000000008ab00000|100%|HC|  |TAMS 0x000000008ab00000, 0x000000008aa00000| Complete 
|  97|0x000000008ab00000, 0x000000008ac00000, 0x000000008ac00000|100%|HC|  |TAMS 0x000000008ac00000, 0x000000008ab00000| Complete 
|  98|0x000000008ac00000, 0x000000008ad00000, 0x000000008ad00000|100%|HC|  |TAMS 0x000000008ad00000, 0x000000008ac00000| Complete 
|  99|0x000000008ad00000, 0x000000008ae00000, 0x000000008ae00000|100%|HC|  |TAMS 0x000000008ae00000, 0x000000008ad00000| Complete 
| 100|0x000000008ae00000, 0x000000008af00000, 0x000000008af00000|100%|HC|  |TAMS 0x000000008af00000, 0x000000008ae00000| Complete 
| 101|0x000000008af00000, 0x000000008b000000, 0x000000008b000000|100%|HC|  |TAMS 0x000000008b000000, 0x000000008af00000| Complete 
| 102|0x000000008b000000, 0x000000008b100000, 0x000000008b100000|100%|HC|  |TAMS 0x000000008b100000, 0x000000008b000000| Complete 
| 103|0x000000008b100000, 0x000000008b200000, 0x000000008b200000|100%|HC|  |TAMS 0x000000008b200000, 0x000000008b100000| Complete 
| 104|0x000000008b200000, 0x000000008b300000, 0x000000008b300000|100%|HC|  |TAMS 0x000000008b300000, 0x000000008b200000| Complete 
| 105|0x000000008b300000, 0x000000008b400000, 0x000000008b400000|100%|HC|  |TAMS 0x000000008b400000, 0x000000008b300000| Complete 
| 106|0x000000008b400000, 0x000000008b500000, 0x000000008b500000|100%|HC|  |TAMS 0x000000008b500000, 0x000000008b400000| Complete 
| 107|0x000000008b500000, 0x000000008b600000, 0x000000008b600000|100%|HC|  |TAMS 0x000000008b600000, 0x000000008b500000| Complete 
| 108|0x000000008b600000, 0x000000008b700000, 0x000000008b700000|100%|HC|  |TAMS 0x000000008b700000, 0x000000008b600000| Complete 
| 109|0x000000008b700000, 0x000000008b800000, 0x000000008b800000|100%|HC|  |TAMS 0x000000008b800000, 0x000000008b700000| Complete 
| 110|0x000000008b800000, 0x000000008b900000, 0x000000008b900000|100%|HC|  |TAMS 0x000000008b900000, 0x000000008b800000| Complete 
| 111|0x000000008b900000, 0x000000008ba00000, 0x000000008ba00000|100%|HC|  |TAMS 0x000000008ba00000, 0x000000008b900000| Complete 
| 112|0x000000008ba00000, 0x000000008bb00000, 0x000000008bb00000|100%|HC|  |TAMS 0x000000008bb00000, 0x000000008ba00000| Complete 
| 113|0x000000008bb00000, 0x000000008bc00000, 0x000000008bc00000|100%|HC|  |TAMS 0x000000008bc00000, 0x000000008bb00000| Complete 
| 114|0x000000008bc00000, 0x000000008bd00000, 0x000000008bd00000|100%|HC|  |TAMS 0x000000008bd00000, 0x000000008bc00000| Complete 
| 115|0x000000008bd00000, 0x000000008be00000, 0x000000008be00000|100%|HC|  |TAMS 0x000000008be00000, 0x000000008bd00000| Complete 
| 116|0x000000008be00000, 0x000000008bf00000, 0x000000008bf00000|100%|HC|  |TAMS 0x000000008bf00000, 0x000000008be00000| Complete 
| 117|0x000000008bf00000, 0x000000008c000000, 0x000000008c000000|100%|HC|  |TAMS 0x000000008c000000, 0x000000008bf00000| Complete 
| 118|0x000000008c000000, 0x000000008c100000, 0x000000008c100000|100%|HC|  |TAMS 0x000000008c100000, 0x000000008c000000| Complete 
| 119|0x000000008c100000, 0x000000008c200000, 0x000000008c200000|100%|HC|  |TAMS 0x000000008c200000, 0x000000008c100000| Complete 
| 120|0x000000008c200000, 0x000000008c300000, 0x000000008c300000|100%|HC|  |TAMS 0x000000008c300000, 0x000000008c200000| Complete 
| 121|0x000000008c300000, 0x000000008c400000, 0x000000008c400000|100%|HC|  |TAMS 0x000000008c400000, 0x000000008c300000| Complete 
| 122|0x000000008c400000, 0x000000008c500000, 0x000000008c500000|100%|HC|  |TAMS 0x000000008c500000, 0x000000008c400000| Complete 
| 123|0x000000008c500000, 0x000000008c600000, 0x000000008c600000|100%|HC|  |TAMS 0x000000008c600000, 0x000000008c500000| Complete 
| 124|0x000000008c600000, 0x000000008c700000, 0x000000008c700000|100%|HC|  |TAMS 0x000000008c700000, 0x000000008c600000| Complete 
| 125|0x000000008c700000, 0x000000008c800000, 0x000000008c800000|100%|HC|  |TAMS 0x000000008c800000, 0x000000008c700000| Complete 
| 126|0x000000008c800000, 0x000000008c900000, 0x000000008c900000|100%|HC|  |TAMS 0x000000008c900000, 0x000000008c800000| Complete 
| 127|0x000000008c900000, 0x000000008ca00000, 0x000000008ca00000|100%|HC|  |TAMS 0x000000008ca00000, 0x000000008c900000| Complete 
| 128|0x000000008ca00000, 0x000000008cb00000, 0x000000008cb00000|100%|HC|  |TAMS 0x000000008cb00000, 0x000000008ca00000| Complete 
| 129|0x000000008cb00000, 0x000000008cc00000, 0x000000008cc00000|100%|HC|  |TAMS 0x000000008cc00000, 0x000000008cb00000| Complete 
| 130|0x000000008cc00000, 0x000000008cd00000, 0x000000008cd00000|100%|HC|  |TAMS 0x000000008cd00000, 0x000000008cc00000| Complete 
| 131|0x000000008cd00000, 0x000000008ce00000, 0x000000008ce00000|100%|HC|  |TAMS 0x000000008ce00000, 0x000000008cd00000| Complete 
| 132|0x000000008ce00000, 0x000000008cf00000, 0x000000008cf00000|100%|HC|  |TAMS 0x000000008cf00000, 0x000000008ce00000| Complete 
| 133|0x000000008cf00000, 0x000000008d000000, 0x000000008d000000|100%|HC|  |TAMS 0x000000008d000000, 0x000000008cf00000| Complete 
| 134|0x000000008d000000, 0x000000008d100000, 0x000000008d100000|100%|HC|  |TAMS 0x000000008d100000, 0x000000008d000000| Complete 
| 135|0x000000008d100000, 0x000000008d200000, 0x000000008d200000|100%|HC|  |TAMS 0x000000008d200000, 0x000000008d100000| Complete 
| 136|0x000000008d200000, 0x000000008d300000, 0x000000008d300000|100%|HC|  |TAMS 0x000000008d300000, 0x000000008d200000| Complete 
| 137|0x000000008d300000, 0x000000008d400000, 0x000000008d400000|100%|HC|  |TAMS 0x000000008d400000, 0x000000008d300000| Complete 
| 138|0x000000008d400000, 0x000000008d500000, 0x000000008d500000|100%|HC|  |TAMS 0x000000008d500000, 0x000000008d400000| Complete 
| 139|0x000000008d500000, 0x000000008d600000, 0x000000008d600000|100%|HC|  |TAMS 0x000000008d600000, 0x000000008d500000| Complete 
| 140|0x000000008d600000, 0x000000008d700000, 0x000000008d700000|100%|HC|  |TAMS 0x000000008d700000, 0x000000008d600000| Complete 
| 141|0x000000008d700000, 0x000000008d800000, 0x000000008d800000|100%|HC|  |TAMS 0x000000008d800000, 0x000000008d700000| Complete 
| 142|0x000000008d800000, 0x000000008d900000, 0x000000008d900000|100%|HC|  |TAMS 0x000000008d900000, 0x000000008d800000| Complete 
| 143|0x000000008d900000, 0x000000008da00000, 0x000000008da00000|100%|HC|  |TAMS 0x000000008da00000, 0x000000008d900000| Complete 
| 144|0x000000008da00000, 0x000000008db00000, 0x000000008db00000|100%|HC|  |TAMS 0x000000008db00000, 0x000000008da00000| Complete 
| 145|0x000000008db00000, 0x000000008dc00000, 0x000000008dc00000|100%|HC|  |TAMS 0x000000008dc00000, 0x000000008db00000| Complete 
| 146|0x000000008dc00000, 0x000000008dd00000, 0x000000008dd00000|100%|HC|  |TAMS 0x000000008dd00000, 0x000000008dc00000| Complete 
| 147|0x000000008dd00000, 0x000000008de00000, 0x000000008de00000|100%|HC|  |TAMS 0x000000008de00000, 0x000000008dd00000| Complete 
| 148|0x000000008de00000, 0x000000008df00000, 0x000000008df00000|100%|HC|  |TAMS 0x000000008df00000, 0x000000008de00000| Complete 
| 149|0x000000008df00000, 0x000000008e000000, 0x000000008e000000|100%|HC|  |TAMS 0x000000008e000000, 0x000000008df00000| Complete 
| 150|0x000000008e000000, 0x000000008e100000, 0x000000008e100000|100%|HC|  |TAMS 0x000000008e100000, 0x000000008e000000| Complete 
| 151|0x000000008e100000, 0x000000008e200000, 0x000000008e200000|100%|HC|  |TAMS 0x000000008e200000, 0x000000008e100000| Complete 
| 152|0x000000008e200000, 0x000000008e300000, 0x000000008e300000|100%|HC|  |TAMS 0x000000008e300000, 0x000000008e200000| Complete 
| 153|0x000000008e300000, 0x000000008e400000, 0x000000008e400000|100%|HC|  |TAMS 0x000000008e400000, 0x000000008e300000| Complete 
| 154|0x000000008e400000, 0x000000008e500000, 0x000000008e500000|100%|HC|  |TAMS 0x000000008e500000, 0x000000008e400000| Complete 
| 155|0x000000008e500000, 0x000000008e600000, 0x000000008e600000|100%|HC|  |TAMS 0x000000008e600000, 0x000000008e500000| Complete 
| 156|0x000000008e600000, 0x000000008e700000, 0x000000008e700000|100%|HC|  |TAMS 0x000000008e700000, 0x000000008e600000| Complete 
| 157|0x000000008e700000, 0x000000008e800000, 0x000000008e800000|100%|HC|  |TAMS 0x000000008e800000, 0x000000008e700000| Complete 
| 158|0x000000008e800000, 0x000000008e900000, 0x000000008e900000|100%|HC|  |TAMS 0x000000008e900000, 0x000000008e800000| Complete 
| 159|0x000000008e900000, 0x000000008ea00000, 0x000000008ea00000|100%|HC|  |TAMS 0x000000008ea00000, 0x000000008e900000| Complete 
| 160|0x000000008ea00000, 0x000000008eb00000, 0x000000008eb00000|100%|HC|  |TAMS 0x000000008eb00000, 0x000000008ea00000| Complete 
| 161|0x000000008eb00000, 0x000000008ec00000, 0x000000008ec00000|100%|HC|  |TAMS 0x000000008ec00000, 0x000000008eb00000| Complete 
| 162|0x000000008ec00000, 0x000000008ed00000, 0x000000008ed00000|100%|HC|  |TAMS 0x000000008ed00000, 0x000000008ec00000| Complete 
| 163|0x000000008ed00000, 0x000000008ee00000, 0x000000008ee00000|100%|HC|  |TAMS 0x000000008ee00000, 0x000000008ed00000| Complete 
| 164|0x000000008ee00000, 0x000000008ef00000, 0x000000008ef00000|100%|HC|  |TAMS 0x000000008ef00000, 0x000000008ee00000| Complete 
| 165|0x000000008ef00000, 0x000000008f000000, 0x000000008f000000|100%|HC|  |TAMS 0x000000008f000000, 0x000000008ef00000| Complete 
| 166|0x000000008f000000, 0x000000008f100000, 0x000000008f100000|100%|HC|  |TAMS 0x000000008f100000, 0x000000008f000000| Complete 
| 167|0x000000008f100000, 0x000000008f200000, 0x000000008f200000|100%|HC|  |TAMS 0x000000008f200000, 0x000000008f100000| Complete 
| 168|0x000000008f200000, 0x000000008f300000, 0x000000008f300000|100%|HC|  |TAMS 0x000000008f300000, 0x000000008f200000| Complete 
| 169|0x000000008f300000, 0x000000008f400000, 0x000000008f400000|100%|HC|  |TAMS 0x000000008f400000, 0x000000008f300000| Complete 
| 170|0x000000008f400000, 0x000000008f500000, 0x000000008f500000|100%|HC|  |TAMS 0x000000008f500000, 0x000000008f400000| Complete 
| 171|0x000000008f500000, 0x000000008f600000, 0x000000008f600000|100%|HC|  |TAMS 0x000000008f600000, 0x000000008f500000| Complete 
| 172|0x000000008f600000, 0x000000008f700000, 0x000000008f700000|100%|HC|  |TAMS 0x000000008f700000, 0x000000008f600000| Complete 
| 173|0x000000008f700000, 0x000000008f800000, 0x000000008f800000|100%|HC|  |TAMS 0x000000008f800000, 0x000000008f700000| Complete 
| 174|0x000000008f800000, 0x000000008f900000, 0x000000008f900000|100%|HC|  |TAMS 0x000000008f900000, 0x000000008f800000| Complete 
| 175|0x000000008f900000, 0x000000008fa00000, 0x000000008fa00000|100%|HC|  |TAMS 0x000000008fa00000, 0x000000008f900000| Complete 
| 176|0x000000008fa00000, 0x000000008fb00000, 0x000000008fb00000|100%|HC|  |TAMS 0x000000008fb00000, 0x000000008fa00000| Complete 
| 177|0x000000008fb00000, 0x000000008fc00000, 0x000000008fc00000|100%|HC|  |TAMS 0x000000008fc00000, 0x000000008fb00000| Complete 
| 178|0x000000008fc00000, 0x000000008fd00000, 0x000000008fd00000|100%|HC|  |TAMS 0x000000008fd00000, 0x000000008fc00000| Complete 
| 179|0x000000008fd00000, 0x000000008fe00000, 0x000000008fe00000|100%|HC|  |TAMS 0x000000008fe00000, 0x000000008fd00000| Complete 
| 180|0x000000008fe00000, 0x000000008ff00000, 0x000000008ff00000|100%|HC|  |TAMS 0x000000008ff00000, 0x000000008fe00000| Complete 
| 181|0x000000008ff00000, 0x0000000090000000, 0x0000000090000000|100%|HC|  |TAMS 0x0000000090000000, 0x000000008ff00000| Complete 
| 182|0x0000000090000000, 0x0000000090100000, 0x0000000090100000|100%|HC|  |TAMS 0x0000000090100000, 0x0000000090000000| Complete 
| 183|0x0000000090100000, 0x0000000090200000, 0x0000000090200000|100%|HC|  |TAMS 0x0000000090200000, 0x0000000090100000| Complete 
| 184|0x0000000090200000, 0x0000000090300000, 0x0000000090300000|100%|HC|  |TAMS 0x0000000090300000, 0x0000000090200000| Complete 
| 185|0x0000000090300000, 0x0000000090400000, 0x0000000090400000|100%|HC|  |TAMS 0x0000000090400000, 0x0000000090300000| Complete 
| 186|0x0000000090400000, 0x0000000090500000, 0x0000000090500000|100%|HC|  |TAMS 0x0000000090500000, 0x0000000090400000| Complete 
| 187|0x0000000090500000, 0x0000000090600000, 0x0000000090600000|100%|HC|  |TAMS 0x0000000090600000, 0x0000000090500000| Complete 
| 188|0x0000000090600000, 0x0000000090700000, 0x0000000090700000|100%|HC|  |TAMS 0x0000000090700000, 0x0000000090600000| Complete 
| 189|0x0000000090700000, 0x0000000090800000, 0x0000000090800000|100%|HC|  |TAMS 0x0000000090800000, 0x0000000090700000| Complete 
| 190|0x0000000090800000, 0x0000000090900000, 0x0000000090900000|100%|HC|  |TAMS 0x0000000090900000, 0x0000000090800000| Complete 
| 191|0x0000000090900000, 0x0000000090a00000, 0x0000000090a00000|100%|HC|  |TAMS 0x0000000090a00000, 0x0000000090900000| Complete 
| 192|0x0000000090a00000, 0x0000000090b00000, 0x0000000090b00000|100%|HC|  |TAMS 0x0000000090b00000, 0x0000000090a00000| Complete 
| 193|0x0000000090b00000, 0x0000000090c00000, 0x0000000090c00000|100%|HC|  |TAMS 0x0000000090c00000, 0x0000000090b00000| Complete 
| 194|0x0000000090c00000, 0x0000000090d00000, 0x0000000090d00000|100%|HC|  |TAMS 0x0000000090d00000, 0x0000000090c00000| Complete 
| 195|0x0000000090d00000, 0x0000000090e00000, 0x0000000090e00000|100%|HC|  |TAMS 0x0000000090e00000, 0x0000000090d00000| Complete 
| 196|0x0000000090e00000, 0x0000000090f00000, 0x0000000090f00000|100%|HC|  |TAMS 0x0000000090f00000, 0x0000000090e00000| Complete 
| 197|0x0000000090f00000, 0x0000000091000000, 0x0000000091000000|100%|HC|  |TAMS 0x0000000091000000, 0x0000000090f00000| Complete 
| 198|0x0000000091000000, 0x0000000091100000, 0x0000000091100000|100%|HC|  |TAMS 0x0000000091100000, 0x0000000091000000| Complete 
| 199|0x0000000091100000, 0x0000000091200000, 0x0000000091200000|100%|HC|  |TAMS 0x0000000091200000, 0x0000000091100000| Complete 
| 200|0x0000000091200000, 0x0000000091300000, 0x0000000091300000|100%|HC|  |TAMS 0x0000000091300000, 0x0000000091200000| Complete 
| 201|0x0000000091300000, 0x0000000091400000, 0x0000000091400000|100%|HC|  |TAMS 0x0000000091400000, 0x0000000091300000| Complete 
| 202|0x0000000091400000, 0x0000000091500000, 0x0000000091500000|100%|HC|  |TAMS 0x0000000091500000, 0x0000000091400000| Complete 
| 203|0x0000000091500000, 0x0000000091600000, 0x0000000091600000|100%|HC|  |TAMS 0x0000000091600000, 0x0000000091500000| Complete 
| 204|0x0000000091600000, 0x0000000091700000, 0x0000000091700000|100%|HC|  |TAMS 0x0000000091700000, 0x0000000091600000| Complete 
| 205|0x0000000091700000, 0x0000000091800000, 0x0000000091800000|100%|HC|  |TAMS 0x0000000091800000, 0x0000000091700000| Complete 
| 206|0x0000000091800000, 0x0000000091900000, 0x0000000091900000|100%|HC|  |TAMS 0x0000000091900000, 0x0000000091800000| Complete 
| 207|0x0000000091900000, 0x0000000091a00000, 0x0000000091a00000|100%|HC|  |TAMS 0x0000000091a00000, 0x0000000091900000| Complete 
| 208|0x0000000091a00000, 0x0000000091b00000, 0x0000000091b00000|100%|HC|  |TAMS 0x0000000091b00000, 0x0000000091a00000| Complete 
| 209|0x0000000091b00000, 0x0000000091c00000, 0x0000000091c00000|100%|HC|  |TAMS 0x0000000091c00000, 0x0000000091b00000| Complete 
| 210|0x0000000091c00000, 0x0000000091d00000, 0x0000000091d00000|100%|HC|  |TAMS 0x0000000091d00000, 0x0000000091c00000| Complete 
| 211|0x0000000091d00000, 0x0000000091e00000, 0x0000000091e00000|100%|HC|  |TAMS 0x0000000091e00000, 0x0000000091d00000| Complete 
| 212|0x0000000091e00000, 0x0000000091f00000, 0x0000000091f00000|100%|HC|  |TAMS 0x0000000091f00000, 0x0000000091e00000| Complete 
| 213|0x0000000091f00000, 0x0000000092000000, 0x0000000092000000|100%|HC|  |TAMS 0x0000000092000000, 0x0000000091f00000| Complete 
| 214|0x0000000092000000, 0x0000000092100000, 0x0000000092100000|100%|HC|  |TAMS 0x0000000092100000, 0x0000000092000000| Complete 
| 215|0x0000000092100000, 0x0000000092200000, 0x0000000092200000|100%|HC|  |TAMS 0x0000000092200000, 0x0000000092100000| Complete 
| 216|0x0000000092200000, 0x0000000092300000, 0x0000000092300000|100%|HC|  |TAMS 0x0000000092300000, 0x0000000092200000| Complete 
| 217|0x0000000092300000, 0x0000000092400000, 0x0000000092400000|100%|HC|  |TAMS 0x0000000092400000, 0x0000000092300000| Complete 
| 218|0x0000000092400000, 0x0000000092500000, 0x0000000092500000|100%|HC|  |TAMS 0x0000000092500000, 0x0000000092400000| Complete 
| 219|0x0000000092500000, 0x0000000092600000, 0x0000000092600000|100%|HC|  |TAMS 0x0000000092600000, 0x0000000092500000| Complete 
| 220|0x0000000092600000, 0x0000000092700000, 0x0000000092700000|100%|HC|  |TAMS 0x0000000092700000, 0x0000000092600000| Complete 
| 221|0x0000000092700000, 0x0000000092800000, 0x0000000092800000|100%|HC|  |TAMS 0x0000000092800000, 0x0000000092700000| Complete 
| 222|0x0000000092800000, 0x0000000092900000, 0x0000000092900000|100%|HS|  |TAMS 0x0000000092900000, 0x0000000092800000| Complete 
| 223|0x0000000092900000, 0x0000000092a00000, 0x0000000092a00000|100%|HC|  |TAMS 0x0000000092a00000, 0x0000000092900000| Complete 
| 224|0x0000000092a00000, 0x0000000092b00000, 0x0000000092b00000|100%|HC|  |TAMS 0x0000000092b00000, 0x0000000092a00000| Complete 
| 225|0x0000000092b00000, 0x0000000092c00000, 0x0000000092c00000|100%|HC|  |TAMS 0x0000000092c00000, 0x0000000092b00000| Complete 
| 226|0x0000000092c00000, 0x0000000092d00000, 0x0000000092d00000|100%|HC|  |TAMS 0x0000000092d00000, 0x0000000092c00000| Complete 
| 227|0x0000000092d00000, 0x0000000092e00000, 0x0000000092e00000|100%|HC|  |TAMS 0x0000000092e00000, 0x0000000092d00000| Complete 
| 228|0x0000000092e00000, 0x0000000092f00000, 0x0000000092f00000|100%|HC|  |TAMS 0x0000000092f00000, 0x0000000092e00000| Complete 
| 229|0x0000000092f00000, 0x0000000093000000, 0x0000000093000000|100%|HC|  |TAMS 0x0000000093000000, 0x0000000092f00000| Complete 
| 230|0x0000000093000000, 0x0000000093100000, 0x0000000093100000|100%|HC|  |TAMS 0x0000000093100000, 0x0000000093000000| Complete 
| 231|0x0000000093100000, 0x0000000093200000, 0x0000000093200000|100%|HC|  |TAMS 0x0000000093200000, 0x0000000093100000| Complete 
| 232|0x0000000093200000, 0x0000000093300000, 0x0000000093300000|100%|HC|  |TAMS 0x0000000093300000, 0x0000000093200000| Complete 
| 233|0x0000000093300000, 0x0000000093400000, 0x0000000093400000|100%|HC|  |TAMS 0x0000000093400000, 0x0000000093300000| Complete 
| 234|0x0000000093400000, 0x0000000093500000, 0x0000000093500000|100%|HC|  |TAMS 0x0000000093500000, 0x0000000093400000| Complete 
| 235|0x0000000093500000, 0x0000000093600000, 0x0000000093600000|100%|HC|  |TAMS 0x0000000093600000, 0x0000000093500000| Complete 
| 236|0x0000000093600000, 0x0000000093700000, 0x0000000093700000|100%|HC|  |TAMS 0x0000000093700000, 0x0000000093600000| Complete 
| 237|0x0000000093700000, 0x0000000093800000, 0x0000000093800000|100%|HC|  |TAMS 0x0000000093800000, 0x0000000093700000| Complete 
| 238|0x0000000093800000, 0x0000000093900000, 0x0000000093900000|100%|HC|  |TAMS 0x0000000093900000, 0x0000000093800000| Complete 
| 239|0x0000000093900000, 0x0000000093a00000, 0x0000000093a00000|100%|HC|  |TAMS 0x0000000093a00000, 0x0000000093900000| Complete 
| 240|0x0000000093a00000, 0x0000000093b00000, 0x0000000093b00000|100%|HC|  |TAMS 0x0000000093b00000, 0x0000000093a00000| Complete 
| 241|0x0000000093b00000, 0x0000000093c00000, 0x0000000093c00000|100%|HC|  |TAMS 0x0000000093c00000, 0x0000000093b00000| Complete 
| 242|0x0000000093c00000, 0x0000000093d00000, 0x0000000093d00000|100%|HC|  |TAMS 0x0000000093d00000, 0x0000000093c00000| Complete 
| 243|0x0000000093d00000, 0x0000000093e00000, 0x0000000093e00000|100%|HC|  |TAMS 0x0000000093e00000, 0x0000000093d00000| Complete 
| 244|0x0000000093e00000, 0x0000000093f00000, 0x0000000093f00000|100%|HC|  |TAMS 0x0000000093f00000, 0x0000000093e00000| Complete 
| 245|0x0000000093f00000, 0x0000000094000000, 0x0000000094000000|100%|HC|  |TAMS 0x0000000094000000, 0x0000000093f00000| Complete 
| 246|0x0000000094000000, 0x0000000094100000, 0x0000000094100000|100%|HC|  |TAMS 0x0000000094100000, 0x0000000094000000| Complete 
| 247|0x0000000094100000, 0x0000000094200000, 0x0000000094200000|100%|HC|  |TAMS 0x0000000094200000, 0x0000000094100000| Complete 
| 248|0x0000000094200000, 0x0000000094300000, 0x0000000094300000|100%|HC|  |TAMS 0x0000000094300000, 0x0000000094200000| Complete 
| 249|0x0000000094300000, 0x0000000094400000, 0x0000000094400000|100%|HC|  |TAMS 0x0000000094400000, 0x0000000094300000| Complete 
| 250|0x0000000094400000, 0x0000000094500000, 0x0000000094500000|100%|HC|  |TAMS 0x0000000094500000, 0x0000000094400000| Complete 
| 251|0x0000000094500000, 0x0000000094600000, 0x0000000094600000|100%|HC|  |TAMS 0x0000000094600000, 0x0000000094500000| Complete 
| 252|0x0000000094600000, 0x0000000094700000, 0x0000000094700000|100%|HC|  |TAMS 0x0000000094700000, 0x0000000094600000| Complete 
| 253|0x0000000094700000, 0x0000000094800000, 0x0000000094800000|100%|HC|  |TAMS 0x0000000094800000, 0x0000000094700000| Complete 
| 254|0x0000000094800000, 0x0000000094900000, 0x0000000094900000|100%|HC|  |TAMS 0x0000000094900000, 0x0000000094800000| Complete 
| 255|0x0000000094900000, 0x0000000094a00000, 0x0000000094a00000|100%|HC|  |TAMS 0x0000000094a00000, 0x0000000094900000| Complete 
| 256|0x0000000094a00000, 0x0000000094b00000, 0x0000000094b00000|100%|HC|  |TAMS 0x0000000094b00000, 0x0000000094a00000| Complete 
| 257|0x0000000094b00000, 0x0000000094c00000, 0x0000000094c00000|100%|HS|  |TAMS 0x0000000094b00000, 0x0000000094b00000| Complete 
| 258|0x0000000094c00000, 0x0000000094d00000, 0x0000000094d00000|100%|HC|  |TAMS 0x0000000094c00000, 0x0000000094c00000| Complete 
| 259|0x0000000094d00000, 0x0000000094e00000, 0x0000000094e00000|100%|HC|  |TAMS 0x0000000094d00000, 0x0000000094d00000| Complete 
| 260|0x0000000094e00000, 0x0000000094f00000, 0x0000000094f00000|100%|HC|  |TAMS 0x0000000094e00000, 0x0000000094e00000| Complete 
| 261|0x0000000094f00000, 0x0000000095000000, 0x0000000095000000|100%|HC|  |TAMS 0x0000000094f00000, 0x0000000094f00000| Complete 
| 262|0x0000000095000000, 0x0000000095100000, 0x0000000095100000|100%|HC|  |TAMS 0x0000000095000000, 0x0000000095000000| Complete 
| 263|0x0000000095100000, 0x0000000095200000, 0x0000000095200000|100%|HC|  |TAMS 0x0000000095100000, 0x0000000095100000| Complete 
| 264|0x0000000095200000, 0x0000000095300000, 0x0000000095300000|100%|HC|  |TAMS 0x0000000095200000, 0x0000000095200000| Complete 
| 265|0x0000000095300000, 0x0000000095400000, 0x0000000095400000|100%|HC|  |TAMS 0x0000000095300000, 0x0000000095300000| Complete 
| 266|0x0000000095400000, 0x0000000095500000, 0x0000000095500000|100%|HC|  |TAMS 0x0000000095400000, 0x0000000095400000| Complete 
| 267|0x0000000095500000, 0x0000000095600000, 0x0000000095600000|100%|HC|  |TAMS 0x0000000095500000, 0x0000000095500000| Complete 
| 268|0x0000000095600000, 0x0000000095700000, 0x0000000095700000|100%|HC|  |TAMS 0x0000000095600000, 0x0000000095600000| Complete 
| 269|0x0000000095700000, 0x0000000095800000, 0x0000000095800000|100%|HC|  |TAMS 0x0000000095700000, 0x0000000095700000| Complete 
| 270|0x0000000095800000, 0x0000000095900000, 0x0000000095900000|100%|HC|  |TAMS 0x0000000095800000, 0x0000000095800000| Complete 
| 271|0x0000000095900000, 0x0000000095a00000, 0x0000000095a00000|100%|HC|  |TAMS 0x0000000095900000, 0x0000000095900000| Complete 
| 272|0x0000000095a00000, 0x0000000095b00000, 0x0000000095b00000|100%|HC|  |TAMS 0x0000000095a00000, 0x0000000095a00000| Complete 
| 273|0x0000000095b00000, 0x0000000095c00000, 0x0000000095c00000|100%|HC|  |TAMS 0x0000000095b00000, 0x0000000095b00000| Complete 
| 274|0x0000000095c00000, 0x0000000095d00000, 0x0000000095d00000|100%|HC|  |TAMS 0x0000000095c00000, 0x0000000095c00000| Complete 
| 275|0x0000000095d00000, 0x0000000095e00000, 0x0000000095e00000|100%|HC|  |TAMS 0x0000000095d00000, 0x0000000095d00000| Complete 
| 276|0x0000000095e00000, 0x0000000095f00000, 0x0000000095f00000|100%|HC|  |TAMS 0x0000000095e00000, 0x0000000095e00000| Complete 
| 277|0x0000000095f00000, 0x0000000096000000, 0x0000000096000000|100%|HC|  |TAMS 0x0000000095f00000, 0x0000000095f00000| Complete 
| 278|0x0000000096000000, 0x0000000096100000, 0x0000000096100000|100%|HC|  |TAMS 0x0000000096000000, 0x0000000096000000| Complete 
| 279|0x0000000096100000, 0x0000000096200000, 0x0000000096200000|100%|HC|  |TAMS 0x0000000096100000, 0x0000000096100000| Complete 
| 280|0x0000000096200000, 0x0000000096300000, 0x0000000096300000|100%|HC|  |TAMS 0x0000000096200000, 0x0000000096200000| Complete 
| 281|0x0000000096300000, 0x0000000096400000, 0x0000000096400000|100%|HC|  |TAMS 0x0000000096300000, 0x0000000096300000| Complete 
| 282|0x0000000096400000, 0x0000000096500000, 0x0000000096500000|100%|HC|  |TAMS 0x0000000096400000, 0x0000000096400000| Complete 
| 283|0x0000000096500000, 0x0000000096600000, 0x0000000096600000|100%|HC|  |TAMS 0x0000000096500000, 0x0000000096500000| Complete 
| 284|0x0000000096600000, 0x0000000096700000, 0x0000000096700000|100%|HC|  |TAMS 0x0000000096600000, 0x0000000096600000| Complete 
| 285|0x0000000096700000, 0x0000000096800000, 0x0000000096800000|100%|HC|  |TAMS 0x0000000096700000, 0x0000000096700000| Complete 
| 286|0x0000000096800000, 0x0000000096900000, 0x0000000096900000|100%|HC|  |TAMS 0x0000000096800000, 0x0000000096800000| Complete 
| 287|0x0000000096900000, 0x0000000096a00000, 0x0000000096a00000|100%|HC|  |TAMS 0x0000000096900000, 0x0000000096900000| Complete 
| 288|0x0000000096a00000, 0x0000000096b00000, 0x0000000096b00000|100%|HC|  |TAMS 0x0000000096a00000, 0x0000000096a00000| Complete 
| 289|0x0000000096b00000, 0x0000000096c00000, 0x0000000096c00000|100%|HC|  |TAMS 0x0000000096b00000, 0x0000000096b00000| Complete 
| 290|0x0000000096c00000, 0x0000000096d00000, 0x0000000096d00000|100%|HC|  |TAMS 0x0000000096c00000, 0x0000000096c00000| Complete 
| 291|0x0000000096d00000, 0x0000000096e00000, 0x0000000096e00000|100%|HC|  |TAMS 0x0000000096d00000, 0x0000000096d00000| Complete 
| 292|0x0000000096e00000, 0x0000000096f00000, 0x0000000096f00000|100%|HC|  |TAMS 0x0000000096e00000, 0x0000000096e00000| Complete 
| 293|0x0000000096f00000, 0x0000000097000000, 0x0000000097000000|100%|HC|  |TAMS 0x0000000096f00000, 0x0000000096f00000| Complete 
| 294|0x0000000097000000, 0x0000000097100000, 0x0000000097100000|100%|HC|  |TAMS 0x0000000097000000, 0x0000000097000000| Complete 
| 295|0x0000000097100000, 0x0000000097200000, 0x0000000097200000|100%|HC|  |TAMS 0x0000000097100000, 0x0000000097100000| Complete 
| 296|0x0000000097200000, 0x0000000097300000, 0x0000000097300000|100%|HC|  |TAMS 0x0000000097200000, 0x0000000097200000| Complete 
| 297|0x0000000097300000, 0x0000000097400000, 0x0000000097400000|100%|HC|  |TAMS 0x0000000097300000, 0x0000000097300000| Complete 
| 298|0x0000000097400000, 0x0000000097500000, 0x0000000097500000|100%|HC|  |TAMS 0x0000000097400000, 0x0000000097400000| Complete 
| 299|0x0000000097500000, 0x0000000097600000, 0x0000000097600000|100%|HC|  |TAMS 0x0000000097500000, 0x0000000097500000| Complete 
| 300|0x0000000097600000, 0x0000000097700000, 0x0000000097700000|100%|HC|  |TAMS 0x0000000097600000, 0x0000000097600000| Complete 
| 301|0x0000000097700000, 0x0000000097800000, 0x0000000097800000|100%|HC|  |TAMS 0x0000000097700000, 0x0000000097700000| Complete 
| 302|0x0000000097800000, 0x0000000097900000, 0x0000000097900000|100%|HC|  |TAMS 0x0000000097800000, 0x0000000097800000| Complete 
| 303|0x0000000097900000, 0x0000000097a00000, 0x0000000097a00000|100%|HC|  |TAMS 0x0000000097900000, 0x0000000097900000| Complete 
| 304|0x0000000097a00000, 0x0000000097b00000, 0x0000000097b00000|100%|HC|  |TAMS 0x0000000097a00000, 0x0000000097a00000| Complete 
| 305|0x0000000097b00000, 0x0000000097c00000, 0x0000000097c00000|100%|HC|  |TAMS 0x0000000097b00000, 0x0000000097b00000| Complete 
| 306|0x0000000097c00000, 0x0000000097d00000, 0x0000000097d00000|100%|HC|  |TAMS 0x0000000097c00000, 0x0000000097c00000| Complete 
| 307|0x0000000097d00000, 0x0000000097e00000, 0x0000000097e00000|100%|HC|  |TAMS 0x0000000097d00000, 0x0000000097d00000| Complete 
| 308|0x0000000097e00000, 0x0000000097f00000, 0x0000000097f00000|100%|HC|  |TAMS 0x0000000097e00000, 0x0000000097e00000| Complete 
| 309|0x0000000097f00000, 0x0000000098000000, 0x0000000098000000|100%|HC|  |TAMS 0x0000000097f00000, 0x0000000097f00000| Complete 
| 310|0x0000000098000000, 0x0000000098100000, 0x0000000098100000|100%|HC|  |TAMS 0x0000000098000000, 0x0000000098000000| Complete 
| 311|0x0000000098100000, 0x0000000098200000, 0x0000000098200000|100%|HC|  |TAMS 0x0000000098100000, 0x0000000098100000| Complete 
| 312|0x0000000098200000, 0x0000000098300000, 0x0000000098300000|100%|HC|  |TAMS 0x0000000098200000, 0x0000000098200000| Complete 
| 313|0x0000000098300000, 0x0000000098400000, 0x0000000098400000|100%|HC|  |TAMS 0x0000000098300000, 0x0000000098300000| Complete 
| 314|0x0000000098400000, 0x0000000098500000, 0x0000000098500000|100%|HC|  |TAMS 0x0000000098400000, 0x0000000098400000| Complete 
| 315|0x0000000098500000, 0x0000000098600000, 0x0000000098600000|100%|HC|  |TAMS 0x0000000098500000, 0x0000000098500000| Complete 
| 316|0x0000000098600000, 0x0000000098700000, 0x0000000098700000|100%|HC|  |TAMS 0x0000000098600000, 0x0000000098600000| Complete 
| 317|0x0000000098700000, 0x0000000098800000, 0x0000000098800000|100%|HC|  |TAMS 0x0000000098700000, 0x0000000098700000| Complete 
| 318|0x0000000098800000, 0x0000000098900000, 0x0000000098900000|100%|HC|  |TAMS 0x0000000098800000, 0x0000000098800000| Complete 
| 319|0x0000000098900000, 0x0000000098a00000, 0x0000000098a00000|100%|HC|  |TAMS 0x0000000098900000, 0x0000000098900000| Complete 
| 320|0x0000000098a00000, 0x0000000098b00000, 0x0000000098b00000|100%|HC|  |TAMS 0x0000000098a00000, 0x0000000098a00000| Complete 
| 321|0x0000000098b00000, 0x0000000098c00000, 0x0000000098c00000|100%|HC|  |TAMS 0x0000000098b00000, 0x0000000098b00000| Complete 
| 322|0x0000000098c00000, 0x0000000098d00000, 0x0000000098d00000|100%|HC|  |TAMS 0x0000000098c00000, 0x0000000098c00000| Complete 
| 323|0x0000000098d00000, 0x0000000098e00000, 0x0000000098e00000|100%|HC|  |TAMS 0x0000000098d00000, 0x0000000098d00000| Complete 
| 324|0x0000000098e00000, 0x0000000098f00000, 0x0000000098f00000|100%|HC|  |TAMS 0x0000000098e00000, 0x0000000098e00000| Complete 
| 325|0x0000000098f00000, 0x0000000099000000, 0x0000000099000000|100%|HC|  |TAMS 0x0000000098f00000, 0x0000000098f00000| Complete 
| 326|0x0000000099000000, 0x0000000099100000, 0x0000000099100000|100%|HC|  |TAMS 0x0000000099000000, 0x0000000099000000| Complete 
| 327|0x0000000099100000, 0x0000000099200000, 0x0000000099200000|100%|HC|  |TAMS 0x0000000099100000, 0x0000000099100000| Complete 
| 328|0x0000000099200000, 0x0000000099300000, 0x0000000099300000|100%|HC|  |TAMS 0x0000000099200000, 0x0000000099200000| Complete 
| 329|0x0000000099300000, 0x0000000099400000, 0x0000000099400000|100%|HC|  |TAMS 0x0000000099300000, 0x0000000099300000| Complete 
| 330|0x0000000099400000, 0x0000000099500000, 0x0000000099500000|100%|HC|  |TAMS 0x0000000099400000, 0x0000000099400000| Complete 
| 331|0x0000000099500000, 0x0000000099600000, 0x0000000099600000|100%|HC|  |TAMS 0x0000000099500000, 0x0000000099500000| Complete 
| 332|0x0000000099600000, 0x0000000099700000, 0x0000000099700000|100%|HC|  |TAMS 0x0000000099600000, 0x0000000099600000| Complete 
| 333|0x0000000099700000, 0x0000000099800000, 0x0000000099800000|100%|HC|  |TAMS 0x0000000099700000, 0x0000000099700000| Complete 
| 334|0x0000000099800000, 0x0000000099900000, 0x0000000099900000|100%|HC|  |TAMS 0x0000000099800000, 0x0000000099800000| Complete 
| 335|0x0000000099900000, 0x0000000099a00000, 0x0000000099a00000|100%|HC|  |TAMS 0x0000000099900000, 0x0000000099900000| Complete 
| 336|0x0000000099a00000, 0x0000000099b00000, 0x0000000099b00000|100%|HC|  |TAMS 0x0000000099a00000, 0x0000000099a00000| Complete 
| 337|0x0000000099b00000, 0x0000000099c00000, 0x0000000099c00000|100%|HC|  |TAMS 0x0000000099b00000, 0x0000000099b00000| Complete 
| 338|0x0000000099c00000, 0x0000000099d00000, 0x0000000099d00000|100%|HC|  |TAMS 0x0000000099c00000, 0x0000000099c00000| Complete 
| 339|0x0000000099d00000, 0x0000000099e00000, 0x0000000099e00000|100%|HC|  |TAMS 0x0000000099d00000, 0x0000000099d00000| Complete 
| 340|0x0000000099e00000, 0x0000000099f00000, 0x0000000099f00000|100%|HC|  |TAMS 0x0000000099e00000, 0x0000000099e00000| Complete 
| 341|0x0000000099f00000, 0x000000009a000000, 0x000000009a000000|100%|HC|  |TAMS 0x0000000099f00000, 0x0000000099f00000| Complete 
| 342|0x000000009a000000, 0x000000009a100000, 0x000000009a100000|100%|HC|  |TAMS 0x000000009a000000, 0x000000009a000000| Complete 
| 343|0x000000009a100000, 0x000000009a200000, 0x000000009a200000|100%|HC|  |TAMS 0x000000009a100000, 0x000000009a100000| Complete 
| 344|0x000000009a200000, 0x000000009a300000, 0x000000009a300000|100%|HC|  |TAMS 0x000000009a200000, 0x000000009a200000| Complete 
| 345|0x000000009a300000, 0x000000009a400000, 0x000000009a400000|100%|HC|  |TAMS 0x000000009a300000, 0x000000009a300000| Complete 
| 346|0x000000009a400000, 0x000000009a500000, 0x000000009a500000|100%|HC|  |TAMS 0x000000009a400000, 0x000000009a400000| Complete 
| 347|0x000000009a500000, 0x000000009a600000, 0x000000009a600000|100%|HC|  |TAMS 0x000000009a500000, 0x000000009a500000| Complete 
| 348|0x000000009a600000, 0x000000009a700000, 0x000000009a700000|100%|HC|  |TAMS 0x000000009a600000, 0x000000009a600000| Complete 
| 349|0x000000009a700000, 0x000000009a800000, 0x000000009a800000|100%|HC|  |TAMS 0x000000009a700000, 0x000000009a700000| Complete 
| 350|0x000000009a800000, 0x000000009a900000, 0x000000009a900000|100%|HC|  |TAMS 0x000000009a800000, 0x000000009a800000| Complete 
| 351|0x000000009a900000, 0x000000009aa00000, 0x000000009aa00000|100%|HC|  |TAMS 0x000000009a900000, 0x000000009a900000| Complete 
| 352|0x000000009aa00000, 0x000000009ab00000, 0x000000009ab00000|100%|HC|  |TAMS 0x000000009aa00000, 0x000000009aa00000| Complete 
| 353|0x000000009ab00000, 0x000000009ac00000, 0x000000009ac00000|100%|HC|  |TAMS 0x000000009ab00000, 0x000000009ab00000| Complete 
| 354|0x000000009ac00000, 0x000000009ad00000, 0x000000009ad00000|100%|HC|  |TAMS 0x000000009ac00000, 0x000000009ac00000| Complete 
| 355|0x000000009ad00000, 0x000000009ae00000, 0x000000009ae00000|100%|HC|  |TAMS 0x000000009ad00000, 0x000000009ad00000| Complete 
| 356|0x000000009ae00000, 0x000000009af00000, 0x000000009af00000|100%|HC|  |TAMS 0x000000009ae00000, 0x000000009ae00000| Complete 
| 357|0x000000009af00000, 0x000000009b000000, 0x000000009b000000|100%|HC|  |TAMS 0x000000009af00000, 0x000000009af00000| Complete 
| 358|0x000000009b000000, 0x000000009b100000, 0x000000009b100000|100%|HC|  |TAMS 0x000000009b000000, 0x000000009b000000| Complete 
| 359|0x000000009b100000, 0x000000009b200000, 0x000000009b200000|100%|HC|  |TAMS 0x000000009b100000, 0x000000009b100000| Complete 
| 360|0x000000009b200000, 0x000000009b300000, 0x000000009b300000|100%|HC|  |TAMS 0x000000009b200000, 0x000000009b200000| Complete 
| 361|0x000000009b300000, 0x000000009b400000, 0x000000009b400000|100%|HC|  |TAMS 0x000000009b300000, 0x000000009b300000| Complete 
| 362|0x000000009b400000, 0x000000009b500000, 0x000000009b500000|100%|HC|  |TAMS 0x000000009b400000, 0x000000009b400000| Complete 
| 363|0x000000009b500000, 0x000000009b600000, 0x000000009b600000|100%|HC|  |TAMS 0x000000009b500000, 0x000000009b500000| Complete 
| 364|0x000000009b600000, 0x000000009b700000, 0x000000009b700000|100%|HC|  |TAMS 0x000000009b600000, 0x000000009b600000| Complete 
| 365|0x000000009b700000, 0x000000009b800000, 0x000000009b800000|100%|HC|  |TAMS 0x000000009b700000, 0x000000009b700000| Complete 
| 366|0x000000009b800000, 0x000000009b900000, 0x000000009b900000|100%|HC|  |TAMS 0x000000009b800000, 0x000000009b800000| Complete 
| 367|0x000000009b900000, 0x000000009ba00000, 0x000000009ba00000|100%|HC|  |TAMS 0x000000009b900000, 0x000000009b900000| Complete 
| 368|0x000000009ba00000, 0x000000009bb00000, 0x000000009bb00000|100%|HC|  |TAMS 0x000000009ba00000, 0x000000009ba00000| Complete 
| 369|0x000000009bb00000, 0x000000009bc00000, 0x000000009bc00000|100%|HC|  |TAMS 0x000000009bb00000, 0x000000009bb00000| Complete 
| 370|0x000000009bc00000, 0x000000009bd00000, 0x000000009bd00000|100%|HC|  |TAMS 0x000000009bc00000, 0x000000009bc00000| Complete 
| 371|0x000000009bd00000, 0x000000009be00000, 0x000000009be00000|100%|HC|  |TAMS 0x000000009bd00000, 0x000000009bd00000| Complete 
| 372|0x000000009be00000, 0x000000009bf00000, 0x000000009bf00000|100%|HC|  |TAMS 0x000000009be00000, 0x000000009be00000| Complete 
| 373|0x000000009bf00000, 0x000000009c000000, 0x000000009c000000|100%|HC|  |TAMS 0x000000009bf00000, 0x000000009bf00000| Complete 
| 374|0x000000009c000000, 0x000000009c100000, 0x000000009c100000|100%|HC|  |TAMS 0x000000009c000000, 0x000000009c000000| Complete 
| 375|0x000000009c100000, 0x000000009c200000, 0x000000009c200000|100%|HC|  |TAMS 0x000000009c100000, 0x000000009c100000| Complete 
| 376|0x000000009c200000, 0x000000009c300000, 0x000000009c300000|100%|HC|  |TAMS 0x000000009c200000, 0x000000009c200000| Complete 
| 377|0x000000009c300000, 0x000000009c400000, 0x000000009c400000|100%|HC|  |TAMS 0x000000009c300000, 0x000000009c300000| Complete 
| 378|0x000000009c400000, 0x000000009c500000, 0x000000009c500000|100%|HC|  |TAMS 0x000000009c400000, 0x000000009c400000| Complete 
| 379|0x000000009c500000, 0x000000009c600000, 0x000000009c600000|100%|HC|  |TAMS 0x000000009c500000, 0x000000009c500000| Complete 
| 380|0x000000009c600000, 0x000000009c700000, 0x000000009c700000|100%|HC|  |TAMS 0x000000009c600000, 0x000000009c600000| Complete 
| 381|0x000000009c700000, 0x000000009c800000, 0x000000009c800000|100%|HC|  |TAMS 0x000000009c700000, 0x000000009c700000| Complete 
| 382|0x000000009c800000, 0x000000009c900000, 0x000000009c900000|100%|HC|  |TAMS 0x000000009c800000, 0x000000009c800000| Complete 
| 383|0x000000009c900000, 0x000000009ca00000, 0x000000009ca00000|100%|HC|  |TAMS 0x000000009c900000, 0x000000009c900000| Complete 
| 384|0x000000009ca00000, 0x000000009cb00000, 0x000000009cb00000|100%|HC|  |TAMS 0x000000009ca00000, 0x000000009ca00000| Complete 
| 385|0x000000009cb00000, 0x000000009cc00000, 0x000000009cc00000|100%|HC|  |TAMS 0x000000009cb00000, 0x000000009cb00000| Complete 
| 386|0x000000009cc00000, 0x000000009cd00000, 0x000000009cd00000|100%|HC|  |TAMS 0x000000009cc00000, 0x000000009cc00000| Complete 
| 387|0x000000009cd00000, 0x000000009ce00000, 0x000000009ce00000|100%|HC|  |TAMS 0x000000009cd00000, 0x000000009cd00000| Complete 
| 388|0x000000009ce00000, 0x000000009ce00000, 0x000000009cf00000|  0%| F|  |TAMS 0x000000009ce00000, 0x000000009ce00000| Untracked 
| 389|0x000000009cf00000, 0x000000009cf00000, 0x000000009d000000|  0%| F|  |TAMS 0x000000009cf00000, 0x000000009cf00000| Untracked 
| 390|0x000000009d000000, 0x000000009d000000, 0x000000009d100000|  0%| F|  |TAMS 0x000000009d000000, 0x000000009d000000| Untracked 
| 391|0x000000009d100000, 0x000000009d100000, 0x000000009d200000|  0%| F|  |TAMS 0x000000009d100000, 0x000000009d100000| Untracked 
| 392|0x000000009d200000, 0x000000009d200000, 0x000000009d300000|  0%| F|  |TAMS 0x000000009d200000, 0x000000009d200000| Untracked 
| 393|0x000000009d300000, 0x000000009d300000, 0x000000009d400000|  0%| F|  |TAMS 0x000000009d300000, 0x000000009d300000| Untracked 
| 394|0x000000009d400000, 0x000000009d400000, 0x000000009d500000|  0%| F|  |TAMS 0x000000009d400000, 0x000000009d400000| Untracked 
| 395|0x000000009d500000, 0x000000009d500000, 0x000000009d600000|  0%| F|  |TAMS 0x000000009d500000, 0x000000009d500000| Untracked 
| 396|0x000000009d600000, 0x000000009d600000, 0x000000009d700000|  0%| F|  |TAMS 0x000000009d600000, 0x000000009d600000| Untracked 
| 397|0x000000009d700000, 0x000000009d700000, 0x000000009d800000|  0%| F|  |TAMS 0x000000009d700000, 0x000000009d700000| Untracked 
| 398|0x000000009d800000, 0x000000009d800000, 0x000000009d900000|  0%| F|  |TAMS 0x000000009d800000, 0x000000009d800000| Untracked 
| 399|0x000000009d900000, 0x000000009d900000, 0x000000009da00000|  0%| F|  |TAMS 0x000000009d900000, 0x000000009d900000| Untracked 
| 400|0x000000009da00000, 0x000000009da00000, 0x000000009db00000|  0%| F|  |TAMS 0x000000009da00000, 0x000000009da00000| Untracked 
| 401|0x000000009db00000, 0x000000009db00000, 0x000000009dc00000|  0%| F|  |TAMS 0x000000009db00000, 0x000000009db00000| Untracked 
| 402|0x000000009dc00000, 0x000000009dc00000, 0x000000009dd00000|  0%| F|  |TAMS 0x000000009dc00000, 0x000000009dc00000| Untracked 
| 403|0x000000009dd00000, 0x000000009dd00000, 0x000000009de00000|  0%| F|  |TAMS 0x000000009dd00000, 0x000000009dd00000| Untracked 
| 404|0x000000009de00000, 0x000000009de00000, 0x000000009df00000|  0%| F|  |TAMS 0x000000009de00000, 0x000000009de00000| Untracked 
| 405|0x000000009df00000, 0x000000009df00000, 0x000000009e000000|  0%| F|  |TAMS 0x000000009df00000, 0x000000009df00000| Untracked 
| 406|0x000000009e000000, 0x000000009e000000, 0x000000009e100000|  0%| F|  |TAMS 0x000000009e000000, 0x000000009e000000| Untracked 
| 407|0x000000009e100000, 0x000000009e100000, 0x000000009e200000|  0%| F|  |TAMS 0x000000009e100000, 0x000000009e100000| Untracked 
| 408|0x000000009e200000, 0x000000009e200000, 0x000000009e300000|  0%| F|  |TAMS 0x000000009e200000, 0x000000009e200000| Untracked 
| 409|0x000000009e300000, 0x000000009e3bcf98, 0x000000009e400000| 73%| S|CS|TAMS 0x000000009e300000, 0x000000009e300000| Complete 
| 410|0x000000009e400000, 0x000000009e400000, 0x000000009e500000|  0%| F|  |TAMS 0x000000009e400000, 0x000000009e400000| Untracked 
| 411|0x000000009e500000, 0x000000009e600000, 0x000000009e600000|100%| E|  |TAMS 0x000000009e500000, 0x000000009e500000| Complete 
| 412|0x000000009e600000, 0x000000009e700000, 0x000000009e700000|100%| E|CS|TAMS 0x000000009e600000, 0x000000009e600000| Complete 
| 413|0x000000009e700000, 0x000000009e800000, 0x000000009e800000|100%| S|CS|TAMS 0x000000009e700000, 0x000000009e700000| Complete 
| 414|0x000000009e800000, 0x000000009e900000, 0x000000009e900000|100%| S|CS|TAMS 0x000000009e800000, 0x000000009e800000| Complete 
| 415|0x000000009e900000, 0x000000009ea00000, 0x000000009ea00000|100%| S|CS|TAMS 0x000000009e900000, 0x000000009e900000| Complete 
| 416|0x000000009ea00000, 0x000000009eb00000, 0x000000009eb00000|100%| E|  |TAMS 0x000000009ea00000, 0x000000009ea00000| Complete 
| 417|0x000000009eb00000, 0x000000009eb00000, 0x000000009ec00000|  0%| F|  |TAMS 0x000000009eb00000, 0x000000009eb00000| Untracked 
| 418|0x000000009ec00000, 0x000000009ec00000, 0x000000009ed00000|  0%| F|  |TAMS 0x000000009ec00000, 0x000000009ec00000| Untracked 
| 419|0x000000009ed00000, 0x000000009ed00000, 0x000000009ee00000|  0%| F|  |TAMS 0x000000009ed00000, 0x000000009ed00000| Untracked 
| 420|0x000000009ee00000, 0x000000009ee00000, 0x000000009ef00000|  0%| F|  |TAMS 0x000000009ee00000, 0x000000009ee00000| Untracked 
| 421|0x000000009ef00000, 0x000000009ef00000, 0x000000009f000000|  0%| F|  |TAMS 0x000000009ef00000, 0x000000009ef00000| Untracked 
| 422|0x000000009f000000, 0x000000009f000000, 0x000000009f100000|  0%| F|  |TAMS 0x000000009f000000, 0x000000009f000000| Untracked 
| 423|0x000000009f100000, 0x000000009f100000, 0x000000009f200000|  0%| F|  |TAMS 0x000000009f100000, 0x000000009f100000| Untracked 
| 424|0x000000009f200000, 0x000000009f200000, 0x000000009f300000|  0%| F|  |TAMS 0x000000009f200000, 0x000000009f200000| Untracked 
| 425|0x000000009f300000, 0x000000009f300000, 0x000000009f400000|  0%| F|  |TAMS 0x000000009f300000, 0x000000009f300000| Untracked 
| 426|0x000000009f400000, 0x000000009f400000, 0x000000009f500000|  0%| F|  |TAMS 0x000000009f400000, 0x000000009f400000| Untracked 
| 427|0x000000009f500000, 0x000000009f500000, 0x000000009f600000|  0%| F|  |TAMS 0x000000009f500000, 0x000000009f500000| Untracked 
| 428|0x000000009f600000, 0x000000009f600000, 0x000000009f700000|  0%| F|  |TAMS 0x000000009f600000, 0x000000009f600000| Untracked 
| 429|0x000000009f700000, 0x000000009f700000, 0x000000009f800000|  0%| F|  |TAMS 0x000000009f700000, 0x000000009f700000| Untracked 
| 430|0x000000009f800000, 0x000000009f800000, 0x000000009f900000|  0%| F|  |TAMS 0x000000009f800000, 0x000000009f800000| Untracked 
| 431|0x000000009f900000, 0x000000009f900000, 0x000000009fa00000|  0%| F|  |TAMS 0x000000009f900000, 0x000000009f900000| Untracked 
| 432|0x000000009fa00000, 0x000000009fa00000, 0x000000009fb00000|  0%| F|  |TAMS 0x000000009fa00000, 0x000000009fa00000| Untracked 
| 433|0x000000009fb00000, 0x000000009fb00000, 0x000000009fc00000|  0%| F|  |TAMS 0x000000009fb00000, 0x000000009fb00000| Untracked 
| 434|0x000000009fc00000, 0x000000009fc00000, 0x000000009fd00000|  0%| F|  |TAMS 0x000000009fc00000, 0x000000009fc00000| Untracked 
| 435|0x000000009fd00000, 0x000000009fd00000, 0x000000009fe00000|  0%| F|  |TAMS 0x000000009fd00000, 0x000000009fd00000| Untracked 
| 436|0x000000009fe00000, 0x000000009fe00000, 0x000000009ff00000|  0%| F|  |TAMS 0x000000009fe00000, 0x000000009fe00000| Untracked 

Card table byte_map: [0x0000025a77da0000,0x0000025a78180000] _byte_map_base: 0x0000025a7797b000

Marking Bits (Prev, Next): (CMBitMap*) 0x0000025a6f9397a0, (CMBitMap*) 0x0000025a6f9397e0
 Prev Bits: [0x0000025a78560000, 0x0000025a7a438000)
 Next Bits: [0x0000025a7a440000, 0x0000025a7c318000)

Polling page: 0x0000025a6d880000

Metaspace:

Usage:
  Non-class:     24.38 MB used.
      Class:      3.77 MB used.
       Both:     28.15 MB used.

Virtual space:
  Non-class space:       32.00 MB reserved,      24.50 MB ( 77%) committed,  4 nodes.
      Class space:        1.00 GB reserved,       3.88 MB ( <1%) committed,  1 nodes.
             Both:        1.03 GB reserved,      28.38 MB (  3%) committed. 

Chunk freelists:
   Non-Class:  2.95 MB
       Class:  3.94 MB
        Both:  6.90 MB

MaxMetaspaceSize: unlimited
CompressedClassSpaceSize: 1.00 GB
Initial GC threshold: 21.00 MB
Current GC threshold: 47.31 MB
CDS: on
MetaspaceReclaimPolicy: balanced
 - commit_granule_bytes: 65536.
 - commit_granule_words: 8192.
 - virtual_space_node_default_size: 1048576.
 - enlarge_chunks_in_place: 1.
 - new_chunks_are_fully_committed: 0.
 - uncommit_free_chunks: 1.
 - use_allocation_guard: 0.
 - handle_deallocations: 1.


Internal statistics:

num_allocs_failed_limit: 3.
num_arena_births: 286.
num_arena_deaths: 0.
num_vsnodes_births: 5.
num_vsnodes_deaths: 0.
num_space_committed: 454.
num_space_uncommitted: 0.
num_chunks_returned_to_freelist: 3.
num_chunks_taken_from_freelist: 1101.
num_chunk_merges: 0.
num_chunk_splits: 736.
num_chunks_enlarged: 549.
num_purges: 0.
num_inconsistent_stats: 0.

CodeHeap 'non-profiled nmethods': size=119168Kb used=2555Kb max_used=2555Kb free=116612Kb
 bounds [0x0000025a07ba0000, 0x0000025a07e20000, 0x0000025a0f000000]
CodeHeap 'profiled nmethods': size=119104Kb used=12575Kb max_used=12575Kb free=106528Kb
 bounds [0x0000025a00750000, 0x0000025a013a0000, 0x0000025a07ba0000]
CodeHeap 'non-nmethods': size=7488Kb used=3232Kb max_used=3267Kb free=4255Kb
 bounds [0x0000025a00000000, 0x0000025a00340000, 0x0000025a00750000]
 total_blobs=6814 nmethods=5905 adapters=816
 compilation: enabled
              stopped_count=0, restarted_count=0
 full_count=0

Compilation events (20 events):
Event: 11.983 Thread 0x0000025a7f2e93b0 nmethod 5893 0x0000025a01388810 code [0x0000025a01388b00, 0x0000025a0138a108]
Event: 11.984 Thread 0x0000025a7f2e93b0 5901  s    3       sun.net.www.MessageHeader::findValue (69 bytes)
Event: 11.996 Thread 0x0000025a15591330 5902       1       java.util.concurrent.atomic.AtomicLong::get (5 bytes)
Event: 11.996 Thread 0x0000025a1558f4d0 5903       4       com.sun.javafx.text.PrismTextLayout::setWrapWidth (106 bytes)
Event: 11.996 Thread 0x0000025a15591330 nmethod 5902 0x0000025a07e16f90 code [0x0000025a07e17120, 0x0000025a07e171f8]
Event: 11.996 Thread 0x0000025a7f2e93b0 nmethod 5901 0x0000025a01390790 code [0x0000025a01390980, 0x0000025a01390f48]
Event: 12.006 Thread 0x0000025a15590910 nmethod 5894 0x0000025a0138a910 code [0x0000025a0138b0a0, 0x0000025a0138f3f8]
Event: 12.006 Thread 0x0000025a15591840 nmethod 5677 0x0000025a07e11d10 code [0x0000025a07e120e0, 0x0000025a07e14ed8]
Event: 12.024 Thread 0x0000025a15590910 5906       3       com.sun.javafx.geom.transform.GeneralTransform3D::ortho (189 bytes)
Event: 12.031 Thread 0x0000025a15591840 5907       4       com.sun.javafx.font.LogicalFont::getSlot0Resource (80 bytes)
Event: 12.031 Thread 0x0000025a15590910 nmethod 5906 0x0000025a01397490 code [0x0000025a013976c0, 0x0000025a01397a68]
Event: 12.033 Thread 0x0000025a1558efc0 nmethod 5898 0x0000025a01391190 code [0x0000025a01391880, 0x0000025a01395b08]
Event: 12.036 Thread 0x0000025a1558f4d0 nmethod 5903 0x0000025a07e17290 code [0x0000025a07e17460, 0x0000025a07e177b8]
Event: 12.036 Thread 0x0000025a1558f4d0 5905       4       javafx.scene.layout.Region$InsetsProperty::get (123 bytes)
Event: 12.037 Thread 0x0000025a1558eab0 nmethod 5585 0x0000025a07e17910 code [0x0000025a07e17ae0, 0x0000025a07e182b8]
Event: 12.037 Thread 0x0000025a1558eab0 5904       4       javafx.scene.layout.Region::computeChildMinAreaHeight (237 bytes)
Event: 12.037 Thread 0x0000025a15591840 nmethod 5907 0x0000025a07e18510 code [0x0000025a07e186c0, 0x0000025a07e18b10]
Event: 12.039 Thread 0x0000025a1558f9e0 nmethod 5895% 0x0000025a07e18d10 code [0x0000025a07e18ea0, 0x0000025a07e19488]
Event: 12.042 Thread 0x0000025a1558f4d0 nmethod 5905 0x0000025a07e19710 code [0x0000025a07e19940, 0x0000025a07e1a150]
Event: 12.060 Thread 0x0000025a1558eab0 nmethod 5904 0x0000025a07e1a810 code [0x0000025a07e1ac80, 0x0000025a07e1cea8]

GC Heap History (20 events):
Event: 0.955 GC heap before
{Heap before GC invocations=1 (full 0):
 garbage-first heap   total 126976K, used 35391K [0x0000000084a00000, 0x0000000100000000)
  region size 1024K, 34 young (34816K), 3 survivors (3072K)
 Metaspace       used 14443K, committed 14656K, reserved 1064960K
  class space    used 1874K, committed 1984K, reserved 1048576K
}
Event: 0.961 GC heap after
{Heap after GC invocations=2 (full 0):
 garbage-first heap   total 126976K, used 8167K [0x0000000084a00000, 0x0000000100000000)
  region size 1024K, 5 young (5120K), 5 survivors (5120K)
 Metaspace       used 14443K, committed 14656K, reserved 1064960K
  class space    used 1874K, committed 1984K, reserved 1048576K
}
Event: 1.620 GC heap before
{Heap before GC invocations=2 (full 0):
 garbage-first heap   total 126976K, used 40935K [0x0000000084a00000, 0x0000000100000000)
  region size 1024K, 38 young (38912K), 5 survivors (5120K)
 Metaspace       used 21268K, committed 21504K, reserved 1073152K
  class space    used 3002K, committed 3136K, reserved 1048576K
}
Event: 1.628 GC heap after
{Heap after GC invocations=3 (full 0):
 garbage-first heap   total 126976K, used 13876K [0x0000000084a00000, 0x0000000100000000)
  region size 1024K, 10 young (10240K), 10 survivors (10240K)
 Metaspace       used 21268K, committed 21504K, reserved 1073152K
  class space    used 3002K, committed 3136K, reserved 1048576K
}
Event: 2.120 GC heap before
{Heap before GC invocations=4 (full 0):
 garbage-first heap   total 51200K, used 35380K [0x0000000084a00000, 0x0000000100000000)
  region size 1024K, 25 young (25600K), 10 survivors (10240K)
 Metaspace       used 25944K, committed 26176K, reserved 1073152K
  class space    used 3556K, committed 3712K, reserved 1048576K
}
Event: 2.127 GC heap after
{Heap after GC invocations=5 (full 0):
 garbage-first heap   total 51200K, used 24452K [0x0000000084a00000, 0x0000000100000000)
  region size 1024K, 3 young (3072K), 3 survivors (3072K)
 Metaspace       used 25944K, committed 26176K, reserved 1073152K
  class space    used 3556K, committed 3712K, reserved 1048576K
}
Event: 2.141 GC heap before
{Heap before GC invocations=5 (full 0):
 garbage-first heap   total 72704K, used 60292K [0x0000000084a00000, 0x0000000100000000)
  region size 1024K, 4 young (4096K), 3 survivors (3072K)
 Metaspace       used 25996K, committed 26304K, reserved 1073152K
  class space    used 3561K, committed 3712K, reserved 1048576K
}
Event: 2.143 GC heap after
{Heap after GC invocations=6 (full 0):
 garbage-first heap   total 72704K, used 60914K [0x0000000084a00000, 0x0000000100000000)
  region size 1024K, 1 young (1024K), 1 survivors (1024K)
 Metaspace       used 25996K, committed 26304K, reserved 1073152K
  class space    used 3561K, committed 3712K, reserved 1048576K
}
Event: 2.206 GC heap before
{Heap before GC invocations=7 (full 0):
 garbage-first heap   total 329728K, used 196082K [0x0000000084a00000, 0x0000000100000000)
  region size 1024K, 2 young (2048K), 1 survivors (1024K)
 Metaspace       used 26032K, committed 26304K, reserved 1073152K
  class space    used 3561K, committed 3712K, reserved 1048576K
}
Event: 2.207 GC heap after
{Heap after GC invocations=8 (full 0):
 garbage-first heap   total 329728K, used 195698K [0x0000000084a00000, 0x0000000100000000)
  region size 1024K, 1 young (1024K), 1 survivors (1024K)
 Metaspace       used 26032K, committed 26304K, reserved 1073152K
  class space    used 3561K, committed 3712K, reserved 1048576K
}
Event: 2.246 GC heap before
{Heap before GC invocations=9 (full 0):
 garbage-first heap   total 337920K, used 209010K [0x0000000084a00000, 0x0000000100000000)
  region size 1024K, 5 young (5120K), 1 survivors (1024K)
 Metaspace       used 26168K, committed 26432K, reserved 1073152K
  class space    used 3562K, committed 3712K, reserved 1048576K
}
Event: 2.248 GC heap after
{Heap after GC invocations=10 (full 0):
 garbage-first heap   total 337920K, used 205871K [0x0000000084a00000, 0x0000000100000000)
  region size 1024K, 1 young (1024K), 1 survivors (1024K)
 Metaspace       used 26168K, committed 26432K, reserved 1073152K
  class space    used 3562K, committed 3712K, reserved 1048576K
}
Event: 2.297 GC heap before
{Heap before GC invocations=11 (full 0):
 garbage-first heap   total 353280K, used 209967K [0x0000000084a00000, 0x0000000100000000)
  region size 1024K, 4 young (4096K), 1 survivors (1024K)
 Metaspace       used 26245K, committed 26496K, reserved 1073152K
  class space    used 3562K, committed 3712K, reserved 1048576K
}
Event: 2.298 GC heap after
{Heap after GC invocations=12 (full 0):
 garbage-first heap   total 353280K, used 207927K [0x0000000084a00000, 0x0000000100000000)
  region size 1024K, 1 young (1024K), 1 survivors (1024K)
 Metaspace       used 26245K, committed 26496K, reserved 1073152K
  class space    used 3562K, committed 3712K, reserved 1048576K
}
Event: 4.917 GC heap before
{Heap before GC invocations=13 (full 0):
 garbage-first heap   total 355328K, used 224311K [0x0000000084a00000, 0x0000000100000000)
  region size 1024K, 16 young (16384K), 1 survivors (1024K)
 Metaspace       used 28175K, committed 28416K, reserved 1081344K
  class space    used 3838K, committed 3968K, reserved 1048576K
}
Event: 4.930 GC heap after
{Heap after GC invocations=14 (full 0):
 garbage-first heap   total 422912K, used 211668K [0x0000000084a00000, 0x0000000100000000)
  region size 1024K, 2 young (2048K), 2 survivors (2048K)
 Metaspace       used 28175K, committed 28416K, reserved 1081344K
  class space    used 3838K, committed 3968K, reserved 1048576K
}
Event: 11.937 GC heap before
{Heap before GC invocations=15 (full 0):
 garbage-first heap   total 422912K, used 238292K [0x0000000084a00000, 0x0000000100000000)
  region size 1024K, 25 young (25600K), 2 survivors (2048K)
 Metaspace       used 28787K, committed 29056K, reserved 1081344K
  class space    used 3855K, committed 3968K, reserved 1048576K
}
Event: 11.940 GC heap after
{Heap after GC invocations=16 (full 0):
 garbage-first heap   total 422912K, used 213419K [0x0000000084a00000, 0x0000000100000000)
  region size 1024K, 4 young (4096K), 4 survivors (4096K)
 Metaspace       used 28787K, committed 29056K, reserved 1081344K
  class space    used 3855K, committed 3968K, reserved 1048576K
}
Event: 11.984 GC heap before
{Heap before GC invocations=17 (full 0):
 garbage-first heap   total 427008K, used 254379K [0x0000000084a00000, 0x0000000100000000)
  region size 1024K, 8 young (8192K), 4 survivors (4096K)
 Metaspace       used 28820K, committed 29056K, reserved 1081344K
  class space    used 3855K, committed 3968K, reserved 1048576K
}
Event: 11.995 GC heap after
{Heap after GC invocations=18 (full 0):
 garbage-first heap   total 427008K, used 251482K [0x0000000084a00000, 0x0000000100000000)
  region size 1024K, 4 young (4096K), 4 survivors (4096K)
 Metaspace       used 28820K, committed 29056K, reserved 1081344K
  class space    used 3855K, committed 3968K, reserved 1048576K
}

Deoptimization events (20 events):
Event: 11.688 Thread 0x0000025a7f2aeb70 DEOPT PACKING pc=0x0000025a00a0fcf7 sp=0x000000aa918fb820
Event: 11.688 Thread 0x0000025a7f2aeb70 DEOPT UNPACKING pc=0x0000025a000566e3 sp=0x000000aa918fad08 mode 0
Event: 11.689 Thread 0x0000025a7f2aeb70 DEOPT PACKING pc=0x0000025a00a0fcf7 sp=0x000000aa918fbaa0
Event: 11.689 Thread 0x0000025a7f2aeb70 DEOPT UNPACKING pc=0x0000025a000566e3 sp=0x000000aa918faf88 mode 0
Event: 11.689 Thread 0x0000025a7f2aeb70 DEOPT PACKING pc=0x0000025a00a0fcf7 sp=0x000000aa918fb8e0
Event: 11.689 Thread 0x0000025a7f2aeb70 DEOPT UNPACKING pc=0x0000025a000566e3 sp=0x000000aa918fadc8 mode 0
Event: 11.696 Thread 0x0000025a7f2aeb70 DEOPT PACKING pc=0x0000025a00be8768 sp=0x000000aa918fdf30
Event: 11.696 Thread 0x0000025a7f2aeb70 DEOPT UNPACKING pc=0x0000025a000566e3 sp=0x000000aa918fd3b8 mode 0
Event: 11.738 Thread 0x0000025a7f2aeb70 DEOPT PACKING pc=0x0000025a00be8768 sp=0x000000aa918fdc90
Event: 11.738 Thread 0x0000025a7f2aeb70 DEOPT UNPACKING pc=0x0000025a000566e3 sp=0x000000aa918fd118 mode 0
Event: 11.752 Thread 0x0000025a7f2aeb70 DEOPT PACKING pc=0x0000025a00be8768 sp=0x000000aa918fda00
Event: 11.752 Thread 0x0000025a7f2aeb70 DEOPT UNPACKING pc=0x0000025a000566e3 sp=0x000000aa918fce88 mode 0
Event: 11.799 Thread 0x0000025a7f2aeb70 Uncommon trap: trap_request=0xffffff45 fr.pc=0x0000025a07dc7264 relative=0x0000000000000ee4
Event: 11.799 Thread 0x0000025a7f2aeb70 Uncommon trap: reason=unstable_if action=reinterpret pc=0x0000025a07dc7264 method=javafx.scene.Node.updateBounds()V @ 37 c2
Event: 11.808 Thread 0x0000025a7f2aeb70 DEOPT PACKING pc=0x0000025a07dc7264 sp=0x000000aa918fe5e0
Event: 11.808 Thread 0x0000025a7f2aeb70 DEOPT UNPACKING pc=0x0000025a00055ba3 sp=0x000000aa918fe5b0 mode 2
Event: 12.037 Thread 0x0000025a161d8db0 Uncommon trap: trap_request=0xffffffc6 fr.pc=0x0000025a07c21580 relative=0x0000000000000de0
Event: 12.037 Thread 0x0000025a161d8db0 Uncommon trap: reason=bimorphic_or_optimized_type_check action=maybe_recompile pc=0x0000025a07c21580 method=java.io.DataInputStream.readFully([BII)V @ 30 c2
Event: 12.037 Thread 0x0000025a161d8db0 DEOPT PACKING pc=0x0000025a07c21580 sp=0x000000aa935fe820
Event: 12.037 Thread 0x0000025a161d8db0 DEOPT UNPACKING pc=0x0000025a00055ba3 sp=0x000000aa935fe818 mode 2

Classes unloaded (0 events):
No events

Classes redefined (0 events):
No events

Internal exceptions (20 events):
Event: 1.371 Thread 0x0000025a7f2aeb70 Exception <a 'java/lang/NoSuchMethodError'{0x000000008b3bdf90}: 'java.lang.Object java.lang.invoke.DirectMethodHandle$Holder.newInvokeSpecial(java.lang.Object, java.lang.Object, int)'> (0x000000008b3bdf90) 
thrown [s\open\src\hotspot\share\interpreter\linkResolver.cpp, line 759]
Event: 1.471 Thread 0x0000025a161d9750 Exception <a 'sun/nio/fs/WindowsException'{0x000000008adc59d8}> (0x000000008adc59d8) 
thrown [s\open\src\hotspot\share\prims\jni.cpp, line 516]
Event: 1.508 Thread 0x0000025a161d9750 Exception <a 'java/lang/NoSuchMethodError'{0x000000008ac87b98}: 'int java.lang.invoke.DirectMethodHandle$Holder.invokeStaticInit(java.lang.Object, java.lang.Object, java.lang.Object, java.lang.Object)'> (0x000000008ac87b98) 
thrown [s\open\src\hotspot\share\interpreter\linkResolver.cpp, line 759]
Event: 1.510 Thread 0x0000025a161d9750 Exception <a 'java/lang/IncompatibleClassChangeError'{0x000000008ac90cf8}: Found class java.lang.Object, but interface was expected> (0x000000008ac90cf8) 
thrown [s\open\src\hotspot\share\interpreter\linkResolver.cpp, line 826]
Event: 1.511 Thread 0x0000025a161d9750 Exception <a 'java/lang/NoSuchMethodError'{0x000000008ac961c0}: 'int java.lang.invoke.DirectMethodHandle$Holder.invokeStaticInit(java.lang.Object, java.lang.Object)'> (0x000000008ac961c0) 
thrown [s\open\src\hotspot\share\interpreter\linkResolver.cpp, line 759]
Event: 1.642 Thread 0x0000025a7f2ae6a0 Exception <a 'java/lang/NoSuchMethodError'{0x0000000087007a68}: 'java.lang.Object java.lang.invoke.DirectMethodHandle$Holder.invokeStaticInit(java.lang.Object, int, int, int, int)'> (0x0000000087007a68) 
thrown [s\open\src\hotspot\share\interpreter\linkResolver.cpp, line 759]
Event: 1.711 Thread 0x0000025a7f2add00 Exception <a 'java/lang/NoSuchMethodError'{0x0000000086e1bd18}: 'java.lang.Object java.lang.invoke.DirectMethodHandle$Holder.invokeStaticInit(java.lang.Object, int)'> (0x0000000086e1bd18) 
thrown [s\open\src\hotspot\share\interpreter\linkResolver.cpp, line 759]
Event: 1.716 Thread 0x0000025a161d9280 Exception <a 'java/lang/NoSuchMethodError'{0x0000000086e85010}: 'java.lang.Object java.lang.invoke.DirectMethodHandle$Holder.invokeStaticInit(java.lang.Object, java.lang.Object, int, int, int, int)'> (0x0000000086e85010) 
thrown [s\open\src\hotspot\share\interpreter\linkResolver.cpp, line 759]
Event: 1.933 Thread 0x0000025a161d88e0 Implicit null exception at 0x0000025a07cca891 to 0x0000025a07ccab23
Event: 4.308 Thread 0x0000025a7f2aeb70 Exception <a 'java/lang/NoSuchMethodError'{0x000000009a0e4bb0}: 'long java.lang.invoke.DirectMethodHandle$Holder.invokeStatic(java.lang.Object, java.lang.Object, java.lang.Object)'> (0x000000009a0e4bb0) 
thrown [s\open\src\hotspot\share\interpreter\linkResolver.cpp, line 759]
Event: 4.308 Thread 0x0000025a7f2aeb70 Exception <a 'java/lang/NoSuchMethodError'{0x000000009a0e8358}: 'long java.lang.invoke.DirectMethodHandle$Holder.invokeStaticInit(java.lang.Object, java.lang.Object, java.lang.Object)'> (0x000000009a0e8358) 
thrown [s\open\src\hotspot\share\interpreter\linkResolver.cpp, line 759]
Event: 4.309 Thread 0x0000025a7f2aeb70 Exception <a 'java/lang/NoSuchMethodError'{0x0000000099f23c90}: 'java.lang.Object java.lang.invoke.DirectMethodHandle$Holder.newInvokeSpecial(java.lang.Object, java.lang.Object, long)'> (0x0000000099f23c90) 
thrown [s\open\src\hotspot\share\interpreter\linkResolver.cpp, line 759]
Event: 4.310 Thread 0x0000025a7f2aeb70 Exception <a 'java/lang/NoSuchMethodError'{0x0000000099f27800}: 'java.lang.Object java.lang.invoke.Invokers$Holder.linkToTargetMethod(java.lang.Object, long, java.lang.Object)'> (0x0000000099f27800) 
thrown [s\open\src\hotspot\share\interpreter\linkResolver.cpp, line 759]
Event: 4.536 Thread 0x0000025a7f2aeb70 Exception <a 'java/lang/NoSuchMethodError'{0x0000000099edd318}: 'void java.lang.invoke.DirectMethodHandle$Holder.invokeSpecial(java.lang.Object, java.lang.Object, int)'> (0x0000000099edd318) 
thrown [s\open\src\hotspot\share\interpreter\linkResolver.cpp, line 759]
Event: 4.579 Thread 0x0000025a7f2aeb70 Exception <a 'java/lang/NoSuchMethodError'{0x0000000099accf60}: 'int java.lang.invoke.DirectMethodHandle$Holder.invokeSpecial(java.lang.Object, java.lang.Object, int)'> (0x0000000099accf60) 
thrown [s\open\src\hotspot\share\interpreter\linkResolver.cpp, line 759]
Event: 4.623 Thread 0x0000025a7f2aeb70 Exception <a 'java/io/FileNotFoundException'{0x00000000997a2120}> (0x00000000997a2120) 
thrown [s\open\src\hotspot\share\prims\jni.cpp, line 516]
Event: 4.623 Thread 0x0000025a7f2aeb70 Exception <a 'java/io/FileNotFoundException'{0x00000000997a31b0}> (0x00000000997a31b0) 
thrown [s\open\src\hotspot\share\prims\jni.cpp, line 516]
Event: 4.623 Thread 0x0000025a7f2aeb70 Exception <a 'java/io/FileNotFoundException'{0x00000000997a4258}> (0x00000000997a4258) 
thrown [s\open\src\hotspot\share\prims\jni.cpp, line 516]
Event: 4.623 Thread 0x0000025a7f2aeb70 Exception <a 'java/io/FileNotFoundException'{0x00000000997a52e0}> (0x00000000997a52e0) 
thrown [s\open\src\hotspot\share\prims\jni.cpp, line 516]
Event: 5.865 Thread 0x0000025a7f2aeb70 Exception <a 'java/lang/NoSuchMethodError'{0x000000009e5cee18}: 'java.lang.Object java.lang.invoke.DirectMethodHandle$Holder.newInvokeSpecial(java.lang.Object, java.lang.Object, java.lang.Object, double, double, double, double, int, int, int, int, int, int, int, int, int)'> (0x000000009e5cee18) 
thrown [s\open\src\hotspot\share\interpreter\linkResolver.cpp, line 759]

VM Operations (20 events):
Event: 7.944 Executing VM operation: Cleanup
Event: 7.944 Executing VM operation: Cleanup done
Event: 8.945 Executing VM operation: Cleanup
Event: 8.945 Executing VM operation: Cleanup done
Event: 9.945 Executing VM operation: Cleanup
Event: 9.945 Executing VM operation: Cleanup done
Event: 11.802 Executing VM operation: ICBufferFull
Event: 11.811 Executing VM operation: ICBufferFull done
Event: 11.811 Executing VM operation: ICBufferFull
Event: 11.811 Executing VM operation: ICBufferFull done
Event: 11.937 Executing VM operation: G1TryInitiateConcMark
Event: 11.940 Executing VM operation: G1TryInitiateConcMark done
Event: 11.947 Executing VM operation: G1Concurrent
Event: 11.977 Executing VM operation: G1Concurrent done
Event: 11.981 Executing VM operation: G1Concurrent
Event: 11.981 Executing VM operation: G1Concurrent done
Event: 11.984 Executing VM operation: G1TryInitiateConcMark
Event: 11.995 Executing VM operation: G1TryInitiateConcMark done
Event: 12.001 Executing VM operation: G1Concurrent
Event: 12.020 Executing VM operation: G1Concurrent done

Events (20 events):
Event: 11.867 Thread 0x0000025a161dd5e0 Thread exited: 0x0000025a161dd5e0
Event: 11.868 Thread 0x0000025a161dcc40 Thread added: 0x0000025a161dcc40
Event: 11.868 Thread 0x0000025a161dcc40 Thread exited: 0x0000025a161dcc40
Event: 11.870 Thread 0x0000025a161dcc40 Thread added: 0x0000025a161dcc40
Event: 11.871 Thread 0x0000025a161dcc40 Thread exited: 0x0000025a161dcc40
Event: 11.877 Thread 0x0000025a161dcc40 Thread added: 0x0000025a161dcc40
Event: 11.877 Thread 0x0000025a161dcc40 Thread exited: 0x0000025a161dcc40
Event: 11.889 Thread 0x0000025a161dcc40 Thread added: 0x0000025a161dcc40
Event: 11.889 Thread 0x0000025a161dd5e0 Thread added: 0x0000025a161dd5e0
Event: 11.889 Thread 0x0000025a161da5c0 Thread added: 0x0000025a161da5c0
Event: 11.889 Thread 0x0000025a161dcc40 Thread exited: 0x0000025a161dcc40
Event: 11.889 Thread 0x0000025a161dd5e0 Thread exited: 0x0000025a161dd5e0
Event: 11.889 Thread 0x0000025a161da5c0 Thread exited: 0x0000025a161da5c0
Event: 11.890 Thread 0x0000025a161dcc40 Thread added: 0x0000025a161dcc40
Event: 11.890 Thread 0x0000025a161dd5e0 Thread added: 0x0000025a161dd5e0
Event: 11.890 Thread 0x0000025a161dcc40 Thread exited: 0x0000025a161dcc40
Event: 11.890 Thread 0x0000025a161dd5e0 Thread exited: 0x0000025a161dd5e0
Event: 11.890 Thread 0x0000025a161dcc40 Thread added: 0x0000025a161dcc40
Event: 11.891 Thread 0x0000025a161dcc40 Thread exited: 0x0000025a161dcc40
Event: 11.980 Thread 0x0000025a161da0f0 Thread exited: 0x0000025a161da0f0


Dynamic libraries:
0x00007ff7b30d0000 - 0x00007ff7b30e0000 	C:\Program Files\Java\jdk-17.0.5\bin\java.exe
0x00007ffa3aa20000 - 0x00007ffa3ac87000 	C:\WINDOWS\SYSTEM32\ntdll.dll
0x00007ffa03ee0000 - 0x00007ffa03f01000 	C:\Program Files\Avast Software\Avast\aswhook.dll
0x00007ffa39660000 - 0x00007ffa39729000 	C:\WINDOWS\System32\KERNEL32.DLL
0x00007ffa37850000 - 0x00007ffa37c44000 	C:\WINDOWS\System32\KERNELBASE.dll
0x00007ffa372f0000 - 0x00007ffa3743b000 	C:\WINDOWS\System32\ucrtbase.dll
0x00007ff9a3770000 - 0x00007ff9a3788000 	C:\Program Files\Java\jdk-17.0.5\bin\jli.dll
0x00007ff9a3300000 - 0x00007ff9a331a000 	C:\Program Files\Java\jdk-17.0.5\bin\VCRUNTIME140.dll
0x00007ffa3a920000 - 0x00007ffa3a9d6000 	C:\WINDOWS\System32\ADVAPI32.dll
0x00007ffa39040000 - 0x00007ffa390e9000 	C:\WINDOWS\System32\msvcrt.dll
0x00007ffa387b0000 - 0x00007ffa38857000 	C:\WINDOWS\System32\sechost.dll
0x00007ffa398c0000 - 0x00007ffa399d8000 	C:\WINDOWS\System32\RPCRT4.dll
0x00007ffa3a2a0000 - 0x00007ffa3a465000 	C:\WINDOWS\System32\USER32.dll
0x00007ffa1fc10000 - 0x00007ffa1fea3000 	C:\WINDOWS\WinSxS\amd64_microsoft.windows.common-controls_6595b64144ccf1df_6.0.26100.8115_none_3e075c82e3354f9c\COMCTL32.dll
0x00007ffa38780000 - 0x00007ffa387a7000 	C:\WINDOWS\System32\win32u.dll
0x00007ffa39890000 - 0x00007ffa398bb000 	C:\WINDOWS\System32\GDI32.dll
0x00007ffa37670000 - 0x00007ffa3779b000 	C:\WINDOWS\System32\gdi32full.dll
0x00007ffa27cb0000 - 0x00007ffa27cbb000 	C:\WINDOWS\SYSTEM32\VERSION.dll
0x00007ffa375c0000 - 0x00007ffa37663000 	C:\WINDOWS\System32\msvcp_win.dll
0x00007ffa399e0000 - 0x00007ffa39a12000 	C:\WINDOWS\System32\IMM32.DLL
0x00007ffa22250000 - 0x00007ffa2225c000 	C:\Program Files\Java\jdk-17.0.5\bin\vcruntime140_1.dll
0x00007ff9a0b00000 - 0x00007ff9a0b8d000 	C:\Program Files\Java\jdk-17.0.5\bin\msvcp140.dll
0x00007ff9881d0000 - 0x00007ff988d92000 	C:\Program Files\Java\jdk-17.0.5\bin\server\jvm.dll
0x00007ffa3a050000 - 0x00007ffa3a058000 	C:\WINDOWS\System32\PSAPI.DLL
0x00007ffa1d510000 - 0x00007ffa1d51a000 	C:\WINDOWS\SYSTEM32\WSOCK32.dll
0x00007ffa25070000 - 0x00007ffa250a6000 	C:\WINDOWS\SYSTEM32\WINMM.dll
0x00007ffa390f0000 - 0x00007ffa39170000 	C:\WINDOWS\System32\WS2_32.dll
0x00007ffa36040000 - 0x00007ffa3605b000 	C:\WINDOWS\SYSTEM32\kernel.appcore.dll
0x00007ff9a7aa0000 - 0x00007ff9a7aaa000 	C:\Program Files\Java\jdk-17.0.5\bin\jimage.dll
0x00007ffa35220000 - 0x00007ffa35462000 	C:\WINDOWS\SYSTEM32\DBGHELP.DLL
0x00007ffa3a470000 - 0x00007ffa3a7f2000 	C:\WINDOWS\System32\combase.dll
0x00007ffa39ca0000 - 0x00007ffa39d78000 	C:\WINDOWS\System32\OLEAUT32.dll
0x00007ffa271e0000 - 0x00007ffa2721b000 	C:\WINDOWS\SYSTEM32\dbgcore.DLL
0x00007ffa377a0000 - 0x00007ffa37845000 	C:\WINDOWS\System32\bcryptPrimitives.dll
0x00007ff9a1ba0000 - 0x00007ff9a1bc5000 	C:\Program Files\Java\jdk-17.0.5\bin\java.dll
0x00007ff9a0650000 - 0x00007ff9a0726000 	C:\Program Files\Java\jdk-17.0.5\bin\jsvml.dll
0x00007ffa38860000 - 0x00007ffa38fc7000 	C:\WINDOWS\System32\SHELL32.dll
0x00007ffa37c50000 - 0x00007ffa37dba000 	C:\WINDOWS\System32\wintypes.dll
0x00007ffa37dc0000 - 0x00007ffa38628000 	C:\WINDOWS\System32\windows.storage.dll
0x00007ffa39d80000 - 0x00007ffa39e78000 	C:\WINDOWS\System32\SHCORE.dll
0x00007ffa38fd0000 - 0x00007ffa39036000 	C:\WINDOWS\System32\shlwapi.dll
0x00007ffa37210000 - 0x00007ffa37239000 	C:\WINDOWS\SYSTEM32\profapi.dll
0x00007ff9a2ba0000 - 0x00007ff9a2bb9000 	C:\Program Files\Java\jdk-17.0.5\bin\net.dll
0x00007ffa29640000 - 0x00007ffa2976d000 	C:\WINDOWS\SYSTEM32\WINHTTP.dll
0x00007ffa36590000 - 0x00007ffa365fc000 	C:\WINDOWS\system32\mswsock.dll
0x00007ff9a10c0000 - 0x00007ff9a10d6000 	C:\Program Files\Java\jdk-17.0.5\bin\nio.dll
0x00007ff9a10a0000 - 0x00007ff9a10b8000 	C:\Program Files\Java\jdk-17.0.5\bin\zip.dll
0x0000025a6d8d0000 - 0x0000025a6d8d3000 	C:\Users\Yassine\.openjfx\cache\21.0.2+5\amd64\api-ms-win-core-console-l1-1-0.dll
0x0000025a6d8e0000 - 0x0000025a6d8e3000 	C:\Users\Yassine\.openjfx\cache\21.0.2+5\amd64\api-ms-win-core-console-l1-2-0.dll
0x0000025a7f2f0000 - 0x0000025a7f2f3000 	C:\Users\Yassine\.openjfx\cache\21.0.2+5\amd64\api-ms-win-core-datetime-l1-1-0.dll
0x0000025a7f300000 - 0x0000025a7f303000 	C:\Users\Yassine\.openjfx\cache\21.0.2+5\amd64\api-ms-win-core-debug-l1-1-0.dll
0x0000025a7f310000 - 0x0000025a7f313000 	C:\Users\Yassine\.openjfx\cache\21.0.2+5\amd64\api-ms-win-core-errorhandling-l1-1-0.dll
0x0000025a7f320000 - 0x0000025a7f324000 	C:\Users\Yassine\.openjfx\cache\21.0.2+5\amd64\api-ms-win-core-file-l1-1-0.dll
0x0000025a7f330000 - 0x0000025a7f333000 	C:\Users\Yassine\.openjfx\cache\21.0.2+5\amd64\api-ms-win-core-file-l1-2-0.dll
0x0000025a7f340000 - 0x0000025a7f343000 	C:\Users\Yassine\.openjfx\cache\21.0.2+5\amd64\api-ms-win-core-file-l2-1-0.dll
0x0000025a7f350000 - 0x0000025a7f353000 	C:\Users\Yassine\.openjfx\cache\21.0.2+5\amd64\api-ms-win-core-handle-l1-1-0.dll
0x0000025a7f360000 - 0x0000025a7f363000 	C:\Users\Yassine\.openjfx\cache\21.0.2+5\amd64\api-ms-win-core-heap-l1-1-0.dll
0x0000025a7f370000 - 0x0000025a7f373000 	C:\Users\Yassine\.openjfx\cache\21.0.2+5\amd64\api-ms-win-core-interlocked-l1-1-0.dll
0x0000025a7f380000 - 0x0000025a7f383000 	C:\Users\Yassine\.openjfx\cache\21.0.2+5\amd64\api-ms-win-core-libraryloader-l1-1-0.dll
0x0000025a7f390000 - 0x0000025a7f393000 	C:\Users\Yassine\.openjfx\cache\21.0.2+5\amd64\api-ms-win-core-localization-l1-2-0.dll
0x0000025a7f3a0000 - 0x0000025a7f3a3000 	C:\Users\Yassine\.openjfx\cache\21.0.2+5\amd64\api-ms-win-core-memory-l1-1-0.dll
0x0000025a7f3b0000 - 0x0000025a7f3b3000 	C:\Users\Yassine\.openjfx\cache\21.0.2+5\amd64\api-ms-win-core-namedpipe-l1-1-0.dll
0x0000025a7f3c0000 - 0x0000025a7f3c3000 	C:\Users\Yassine\.openjfx\cache\21.0.2+5\amd64\api-ms-win-core-processenvironment-l1-1-0.dll
0x0000025a7f3d0000 - 0x0000025a7f3d3000 	C:\Users\Yassine\.openjfx\cache\21.0.2+5\amd64\api-ms-win-core-processthreads-l1-1-0.dll
0x0000025a7f3e0000 - 0x0000025a7f3e3000 	C:\Users\Yassine\.openjfx\cache\21.0.2+5\amd64\api-ms-win-core-processthreads-l1-1-1.dll
0x0000025a7f3f0000 - 0x0000025a7f3f3000 	C:\Users\Yassine\.openjfx\cache\21.0.2+5\amd64\api-ms-win-core-profile-l1-1-0.dll
0x0000025a7fd40000 - 0x0000025a7fd43000 	C:\Users\Yassine\.openjfx\cache\21.0.2+5\amd64\api-ms-win-core-rtlsupport-l1-1-0.dll
0x0000025a7fd50000 - 0x0000025a7fd53000 	C:\Users\Yassine\.openjfx\cache\21.0.2+5\amd64\api-ms-win-core-string-l1-1-0.dll
0x0000025a7fd60000 - 0x0000025a7fd63000 	C:\Users\Yassine\.openjfx\cache\21.0.2+5\amd64\api-ms-win-core-synch-l1-1-0.dll
0x0000025a7fd70000 - 0x0000025a7fd73000 	C:\Users\Yassine\.openjfx\cache\21.0.2+5\amd64\api-ms-win-core-synch-l1-2-0.dll
0x0000025a7fd80000 - 0x0000025a7fd83000 	C:\Users\Yassine\.openjfx\cache\21.0.2+5\amd64\api-ms-win-core-sysinfo-l1-1-0.dll
0x0000025a7fd90000 - 0x0000025a7fd93000 	C:\Users\Yassine\.openjfx\cache\21.0.2+5\amd64\api-ms-win-core-timezone-l1-1-0.dll
0x0000025a7fda0000 - 0x0000025a7fda3000 	C:\Users\Yassine\.openjfx\cache\21.0.2+5\amd64\api-ms-win-core-util-l1-1-0.dll
0x0000025a7fdb0000 - 0x0000025a7fdb3000 	C:\Users\Yassine\.openjfx\cache\21.0.2+5\amd64\api-ms-win-crt-conio-l1-1-0.dll
0x0000025a7fdc0000 - 0x0000025a7fdc4000 	C:\Users\Yassine\.openjfx\cache\21.0.2+5\amd64\api-ms-win-crt-convert-l1-1-0.dll
0x0000025a7fdd0000 - 0x0000025a7fdd3000 	C:\Users\Yassine\.openjfx\cache\21.0.2+5\amd64\api-ms-win-crt-environment-l1-1-0.dll
0x0000025a7fde0000 - 0x0000025a7fde3000 	C:\Users\Yassine\.openjfx\cache\21.0.2+5\amd64\api-ms-win-crt-filesystem-l1-1-0.dll
0x0000025a7fdf0000 - 0x0000025a7fdf3000 	C:\Users\Yassine\.openjfx\cache\21.0.2+5\amd64\api-ms-win-crt-heap-l1-1-0.dll
0x0000025a7fe00000 - 0x0000025a7fe03000 	C:\Users\Yassine\.openjfx\cache\21.0.2+5\amd64\api-ms-win-crt-locale-l1-1-0.dll
0x0000025a7fe10000 - 0x0000025a7fe15000 	C:\Users\Yassine\.openjfx\cache\21.0.2+5\amd64\api-ms-win-crt-math-l1-1-0.dll
0x0000025a7fe20000 - 0x0000025a7fe25000 	C:\Users\Yassine\.openjfx\cache\21.0.2+5\amd64\api-ms-win-crt-multibyte-l1-1-0.dll
0x0000025a7fe30000 - 0x0000025a7fe40000 	C:\Users\Yassine\.openjfx\cache\21.0.2+5\amd64\api-ms-win-crt-private-l1-1-0.dll
0x0000025a7fe40000 - 0x0000025a7fe43000 	C:\Users\Yassine\.openjfx\cache\21.0.2+5\amd64\api-ms-win-crt-process-l1-1-0.dll
0x0000025a7fe50000 - 0x0000025a7fe54000 	C:\Users\Yassine\.openjfx\cache\21.0.2+5\amd64\api-ms-win-crt-runtime-l1-1-0.dll
0x0000025a7fe60000 - 0x0000025a7fe64000 	C:\Users\Yassine\.openjfx\cache\21.0.2+5\amd64\api-ms-win-crt-stdio-l1-1-0.dll
0x0000025a7fe70000 - 0x0000025a7fe74000 	C:\Users\Yassine\.openjfx\cache\21.0.2+5\amd64\api-ms-win-crt-string-l1-1-0.dll
0x0000025a7fe80000 - 0x0000025a7fe83000 	C:\Users\Yassine\.openjfx\cache\21.0.2+5\amd64\api-ms-win-crt-time-l1-1-0.dll
0x0000025a7fe90000 - 0x0000025a7fe93000 	C:\Users\Yassine\.openjfx\cache\21.0.2+5\amd64\api-ms-win-crt-utility-l1-1-0.dll
0x00007ff9edbc0000 - 0x00007ff9edcbc000 	C:\Users\Yassine\.openjfx\cache\21.0.2+5\amd64\ucrtbase.dll
0x00007ffa22270000 - 0x00007ffa2228b000 	C:\Users\Yassine\.openjfx\cache\21.0.2+5\amd64\vcruntime140.dll
0x00007ffa23040000 - 0x00007ffa2304c000 	C:\Users\Yassine\.openjfx\cache\21.0.2+5\amd64\vcruntime140_1.dll
0x00007ff9edb00000 - 0x00007ff9edb8e000 	C:\Users\Yassine\.openjfx\cache\21.0.2+5\amd64\msvcp140.dll
0x00007ffa22ee0000 - 0x00007ffa22ee9000 	C:\Users\Yassine\.openjfx\cache\21.0.2+5\amd64\msvcp140_1.dll
0x00007ffa1c090000 - 0x00007ffa1c0d1000 	C:\Users\Yassine\.openjfx\cache\21.0.2+5\amd64\msvcp140_2.dll
0x00007ffa1f310000 - 0x00007ffa1f340000 	C:\Users\Yassine\.openjfx\cache\21.0.2+5\amd64\prism_d3d.dll
0x00007ffa1dd90000 - 0x00007ffa1df42000 	C:\WINDOWS\system32\d3d9.dll
0x00007ffa34b30000 - 0x00007ffa34b5f000 	C:\WINDOWS\SYSTEM32\dwmapi.dll
0x00007ffa34890000 - 0x00007ffa348d3000 	C:\WINDOWS\SYSTEM32\dxcore.dll
0x00007ffa347b0000 - 0x00007ffa34859000 	C:\WINDOWS\system32\uxtheme.dll
0x00007ffa1dc20000 - 0x00007ffa1dd85000 	C:\WINDOWS\System32\DriverStore\FileRepository\iigd_dch.inf_amd64_4992c421bdec6194\igdumdim64.dll
0x00007ffa39eb0000 - 0x00007ffa3a047000 	C:\WINDOWS\System32\ole32.dll
0x00007ff9c1bc0000 - 0x00007ff9c5816000 	C:\WINDOWS\System32\DriverStore\FileRepository\iigd_dch.inf_amd64_4992c421bdec6194\igd9dxva64.dll
0x00007ffa39180000 - 0x00007ffa39607000 	C:\WINDOWS\System32\SETUPAPI.dll
0x00007ffa36e60000 - 0x00007ffa36eb1000 	C:\WINDOWS\SYSTEM32\cfgmgr32.dll
0x00007ffa2f2a0000 - 0x00007ffa2f661000 	C:\WINDOWS\System32\DriverStore\FileRepository\iigd_dch.inf_amd64_4992c421bdec6194\igdgmm64.dll
0x00007ffa32300000 - 0x00007ffa32361000 	C:\WINDOWS\SYSTEM32\directxdatabasehelper.dll
0x00007ffa007a0000 - 0x00007ffa007e2000 	C:\Users\Yassine\.openjfx\cache\21.0.2+5\amd64\glass.dll
0x00007ffa3a060000 - 0x00007ffa3a14f000 	C:\WINDOWS\System32\COMDLG32.dll
0x00007ffa39730000 - 0x00007ffa3988c000 	C:\WINDOWS\System32\MSCTF.dll
0x00007ff9e23f0000 - 0x00007ff9e2417000 	C:\WINDOWS\System32\DriverStore\FileRepository\iigd_dch.inf_amd64_4992c421bdec6194\igdinfo64.dll
0x00007ffa29770000 - 0x00007ffa2c976000 	C:\WINDOWS\System32\DriverStore\FileRepository\iigd_dch.inf_amd64_4992c421bdec6194\igc64.dll
0x00007ffa22160000 - 0x00007ffa22174000 	C:\Users\Yassine\.openjfx\cache\21.0.2+5\amd64\javafx_font.dll
0x00007ffa32ff0000 - 0x00007ffa33257000 	C:\WINDOWS\SYSTEM32\dwrite.dll
0x00007ffa3a160000 - 0x00007ffa3a20e000 	C:\WINDOWS\System32\clbcatq.dll
0x00007ffa32920000 - 0x00007ffa32b4e000 	C:\WINDOWS\SYSTEM32\WindowsCodecs.dll
0x00007ffa109a0000 - 0x00007ffa109fa000 	C:\WINDOWS\system32\dataexchange.dll
0x00007ffa28fc0000 - 0x00007ffa2920d000 	C:\WINDOWS\system32\twinapi.appcore.dll
0x00007ffa03d90000 - 0x00007ffa03dbc000 	C:\Program Files\Common Files\Microsoft Shared\Ink\rtscom.dll
0x00007ff9ffb00000 - 0x00007ff9ffc48000 	C:\WINDOWS\SYSTEM32\textinputframework.dll
0x00007ffa34180000 - 0x00007ffa342a7000 	C:\WINDOWS\SYSTEM32\CoreMessaging.dll
0x00007ffa31bf0000 - 0x00007ffa31ed2000 	C:\WINDOWS\SYSTEM32\CoreUIComponents.dll
0x00007ffa367f0000 - 0x00007ffa367fc000 	C:\WINDOWS\SYSTEM32\CRYPTBASE.DLL
0x00007ffa232b0000 - 0x00007ffa232be000 	C:\Program Files\Java\jdk-17.0.5\bin\sunmscapi.dll
0x00007ffa37440000 - 0x00007ffa375b7000 	C:\WINDOWS\System32\CRYPT32.dll
0x00007ffa36af0000 - 0x00007ffa36b20000 	C:\WINDOWS\SYSTEM32\ncrypt.dll
0x00007ffa36aa0000 - 0x00007ffa36adf000 	C:\WINDOWS\SYSTEM32\NTASN1.dll
0x00007ffa36990000 - 0x00007ffa369ab000 	C:\WINDOWS\SYSTEM32\CRYPTSP.dll
0x00007ffa35fa0000 - 0x00007ffa35fd9000 	C:\WINDOWS\system32\rsaenh.dll

dbghelp: loaded successfully - version: 4.0.5 - missing functions: none
symbol engine: initialized successfully - sym options: 0x614 - pdb path: .;C:\Program Files\Java\jdk-17.0.5\bin;C:\WINDOWS\SYSTEM32;C:\Program Files\Avast Software\Avast;C:\WINDOWS\WinSxS\amd64_microsoft.windows.common-controls_6595b64144ccf1df_6.0.26100.8115_none_3e075c82e3354f9c;C:\Program Files\Java\jdk-17.0.5\bin\server;C:\Users\Yassine\.openjfx\cache\21.0.2+5\amd64;C:\WINDOWS\System32\DriverStore\FileRepository\iigd_dch.inf_amd64_4992c421bdec6194;C:\Program Files\Common Files\Microsoft Shared\Ink

VM Arguments:
jvm_args: --module-path=C:\Users\Yassine\.m2\repository\org\openjfx\javafx-base\21.0.2\javafx-base-21.0.2-win.jar;C:\Users\Yassine\.m2\repository\org\openjfx\javafx-base\21.0.2\javafx-base-21.0.2.jar;C:\Users\Yassine\.m2\repository\org\openjfx\javafx-controls\21.0.2\javafx-controls-21.0.2-win.jar;C:\Users\Yassine\.m2\repository\org\openjfx\javafx-controls\21.0.2\javafx-controls-21.0.2.jar;C:\Users\Yassine\.m2\repository\org\openjfx\javafx-fxml\21.0.2\javafx-fxml-21.0.2-win.jar;C:\Users\Yassine\.m2\repository\org\openjfx\javafx-fxml\21.0.2\javafx-fxml-21.0.2.jar;C:\Users\Yassine\.m2\repository\org\openjfx\javafx-graphics\21.0.2\javafx-graphics-21.0.2-win.jar;C:\Users\Yassine\.m2\repository\org\openjfx\javafx-graphics\21.0.2\javafx-graphics-21.0.2.jar;C:\Users\Yassine\.m2\repository\org\openjfx\javafx-swing\21.0.2\javafx-swing-21.0.2-win.jar;C:\Users\Yassine\.m2\repository\org\openjfx\javafx-swing\21.0.2\javafx-swing-21.0.2.jar --add-modules=javafx.base,javafx.controls,javafx.fxml,javafx.graphics,javafx.swing 
java_command: otemps.main.Main
java_class_path (initial): C:\Users\Yassine\IdeaProjects\Otemps\target\classes;C:\Users\Yassine\.m2\repository\com\github\librepdf\openpdf\1.3.30\openpdf-1.3.30.jar;C:\Users\Yassine\.m2\repository\com\google\code\findbugs\jsr305\3.0.2\jsr305-3.0.2.jar;C:\Users\Yassine\.m2\repository\com\google\code\gson\gson\2.10.1\gson-2.10.1.jar;C:\Users\Yassine\.m2\repository\com\google\protobuf\protobuf-java\3.19.4\protobuf-java-3.19.4.jar;C:\Users\Yassine\.m2\repository\com\itextpdf\itextpdf\5.5.13.3\itextpdf-5.5.13.3.jar;C:\Users\Yassine\.m2\repository\com\squareup\okhttp3\okhttp\4.11.0\okhttp-4.11.0.jar;C:\Users\Yassine\.m2\repository\com\squareup\okio\okio\3.2.0\okio-3.2.0.jar;C:\Users\Yassine\.m2\repository\com\squareup\okio\okio-jvm\3.2.0\okio-jvm-3.2.0.jar;C:\Users\Yassine\.m2\repository\mysql\mysql-connector-java\8.0.29\mysql-connector-java-8.0.29.jar;C:\Users\Yassine\.m2\repository\org\jetbrains\annotations\13.0\annotations-13.0.jar;C:\Users\Yassine\.m2\repository\org\jetbrains\kotlin\kotlin-stdlib\1.6.20\kotlin-stdlib-1.6.20.jar;C:\Users\Yassine\.m2\repository\org\jetbrains\kotlin\kotlin-stdlib-common\1.6.20\kotlin-stdlib-common-1.6.20.jar;C:\Users\Yassine\.m2\repository\org\jetbrains\kotlin\kotlin-stdlib-jdk7\1.6.20\kotlin-stdlib-jdk7-1.6.20.jar;C:\Users\Yassine\.m2\repository\org\jetbrains\kotlin\kotlin-stdlib-jdk8\1.6.20\kotlin-stdlib-jdk8-1.6.20.jar;C:\Users\Yassine\.m2\repository\org\json\json\20231013\json-20231013.jar
Launcher Type: SUN_STANDARD

[Global flags]
     intx CICompilerCount                          = 12                                        {product} {ergonomic}
     uint ConcGCThreads                            = 3                                         {product} {ergonomic}
     uint G1ConcRefinementThreads                  = 13                                        {product} {ergonomic}
   size_t G1HeapRegionSize                         = 1048576                                   {product} {ergonomic}
    uintx GCDrainStackTargetSize                   = 64                                        {product} {ergonomic}
   size_t InitialHeapSize                          = 130023424                                 {product} {ergonomic}
   size_t MarkStackSize                            = 4194304                                   {product} {ergonomic}
   size_t MaxHeapSize                              = 2069889024                                {product} {ergonomic}
   size_t MaxNewSize                               = 1241513984                                {product} {ergonomic}
   size_t MinHeapDeltaBytes                        = 1048576                                   {product} {ergonomic}
   size_t MinHeapSize                              = 8388608                                   {product} {ergonomic}
    uintx NonNMethodCodeHeapSize                   = 7602480                                {pd product} {ergonomic}
    uintx NonProfiledCodeHeapSize                  = 122027880                              {pd product} {ergonomic}
    uintx ProfiledCodeHeapSize                     = 122027880                              {pd product} {ergonomic}
    uintx ReservedCodeCacheSize                    = 251658240                              {pd product} {ergonomic}
     bool SegmentedCodeCache                       = true                                      {product} {ergonomic}
   size_t SoftMaxHeapSize                          = 2069889024                             {manageable} {ergonomic}
     bool UseCompressedClassPointers               = true                           {product lp64_product} {ergonomic}
     bool UseCompressedOops                        = true                           {product lp64_product} {ergonomic}
     bool UseG1GC                                  = true                                      {product} {ergonomic}
     bool UseLargePagesIndividualAllocation        = false                                  {pd product} {ergonomic}

Logging:
Log output configuration:
 #0: stdout all=warning uptime,level,tags
 #1: stderr all=off uptime,level,tags

Environment Variables:
PATH=C:\Python312\Scripts\;C:\Python312\;C:\oraclexe\app\oracle\product\11.2.0\server\bin;C:\Program Files\Common Files\Oracle\Java\javapath;C:\Windows\system32;C:\Windows;C:\Windows\System32\Wbem;C:\Windows\System32\WindowsPowerShell\v1.0\;C:\Windows\System32\OpenSSH\;C:\Program Files (x86)\NVIDIA Corporation\PhysX\Common;C:\Program Files\NVIDIA Corporation\NVIDIA NvDLISR;C:\WINDOWS\system32;C:\WINDOWS;C:\WINDOWS\System32\Wbem;C:\WINDOWS\System32\WindowsPowerShell\v1.0\;C:\WINDOWS\System32\OpenSSH\;C:\src\dart-sdk\bin;C:\src\flutter\bin;C:\xampp\php;C:\instantclient12_2;C:\oraclexe\app\oracle\admin\XE;C:\oraclexe;C:\ProgramData\chocolatey\bin;C:\Program Files (x86)\QuickTime\QTSystem\;C:\Program Files\Vagrant\bin;C:\ProgramData\chocolatey\lib\maven\apache-maven-3.9.9\bin;C:\Program Files\Docker\Docker\resources\bin;C:\Program Files\nodejs\;C:\ProgramData\ComposerSetup\bin;C:\Program Files\dotnet\;C:\Program Files (x86)\ZeroTier\One\;C:\Program Files\Git\cmd;C:\Users\Yassine\scoop\shims;C:\Users\Yassine\AppData\Local\Microsoft\WindowsApps;C:\src\dart-sdk\bin;C:\src\flutter\bin;C:\Users\Yassine\AppData\Local\Programs\Microsoft VS Code\bin;C:\xampp\php;C:\Users\Yassine\composer;C:\Users\Yassine\AppData\Local\GitHubDesktop\bin;C:\Users\Yassine\AppData\Local\Microsoft\WinGet\Packages\Schniz.fnm_Microsoft.Winget.Source_8wekyb3d8bbwe;C:\Users\Yassine\AppData\Roaming\npm;C:\Users\Yassine\AppData\Roaming\Composer\vendor\bin;C:\Python312\pythonw.exe;C:\Users\Yassine\AppData\Local\Programs\cursor\resources\app\bin;C:\Users\Yassine\AppData\Local\Programs\Windsurf\bin
USERNAME=Yassine
OS=Windows_NT
PROCESSOR_IDENTIFIER=Intel64 Family 6 Model 141 Stepping 1, GenuineIntel



---------------  S Y S T E M  ---------------

OS:
 Windows 11 , 64 bit Build 26100 (10.0.26100.8246)
OS uptime: 6 days 11:09 hours
Hyper-V role detected

CPU: total 16 (initial active 16) (8 cores per cpu, 2 threads per core) family 6 model 141 stepping 1 microcode 0x26, cx8, cmov, fxsr, ht, mmx, 3dnowpref, sse, sse2, sse3, ssse3, sse4.1, sse4.2, popcnt, lzcnt, tsc, tscinvbit, avx, avx2, aes, erms, clmul, bmi1, bmi2, adx, avx512f, avx512dq, avx512cd, avx512bw, avx512vl, sha, fma, vzeroupper, avx512_vpopcntdq, avx512_vpclmulqdq, avx512_vaes, avx512_vnni, clflush, clflushopt, clwb, avx512_vbmi2, avx512_vbmi, hv

Memory: 4k page, system-wide physical 7893M (869M free)
TotalPageFile size 21561M (AvailPageFile size 7M)
current process WorkingSet (physical memory assigned to process): 803M, peak: 808M
current process commit charge ("private bytes"): 882M, peak: 886M

vm_info: Java HotSpot(TM) 64-Bit Server VM (17.0.5+9-LTS-191) for windows-amd64 JRE (17.0.5+9-LTS-191), built on Sep 13 2022 17:31:43 by "mach5one" with MS VC++ 16.8 / 16.9 (VS2019)

END.
