#
# A fatal error has been detected by the Java Runtime Environment:
#
#  EXCEPTION_UNCAUGHT_CXX_EXCEPTION (0xe06d7363) at pc=0x00007ffa379179da, pid=19636, tid=17028
#
# JRE version: OpenJDK Runtime Environment Temurin-21.0.10+7 (21.0.10+7) (build 21.0.10+7-LTS)
# Java VM: OpenJDK 64-Bit Server VM Temurin-21.0.10+7 (21.0.10+7-LTS, mixed mode, sharing, tiered, compressed oops, compressed class ptrs, parallel gc, windows-amd64)
# Problematic frame:
# C  [KERNELBASE.dll+0xc79da]
#
# No core dump will be written. Minidumps are not enabled by default on client versions of Windows
#
# If you would like to submit a bug report, please visit:
#   https://github.com/adoptium/adoptium-support/issues
#

---------------  S U M M A R Y ------------

Command Line: --add-modules=ALL-SYSTEM --add-opens=java.base/java.util=ALL-UNNAMED --add-opens=java.base/java.lang=ALL-UNNAMED --add-opens=java.base/sun.nio.fs=ALL-UNNAMED -Declipse.application=org.eclipse.jdt.ls.core.id1 -Dosgi.bundles.defaultStartLevel=4 -Declipse.product=org.eclipse.jdt.ls.core.product -Djava.import.generatesMetadataFilesAtProjectRoot=false -DDetectVMInstallationsJob.disabled=true -Dfile.encoding=utf8 -XX:+UseParallelGC -XX:GCTimeRatio=4 -XX:AdaptiveSizePolicyWeight=90 -Dsun.zip.disableMemoryMapping=true -Xmx2G -Xms100m -Xlog:disable -javaagent:c:\Users\Yassine\.vscode\extensions\redhat.java-1.54.0-win32-x64\lombok\lombok-1.18.39-4050.jar c:\Users\Yassine\.vscode\extensions\redhat.java-1.54.0-win32-x64\server\plugins\org.eclipse.equinox.launcher_1.7.100.v20251111-0406.jar -configuration c:\Users\Yassine\AppData\Roaming\Code\User\globalStorage\redhat.java\1.54.0\config_ss_win -data c:\Users\Yassine\AppData\Roaming\Code\User\workspaceStorage\6492f56bf7caa5c017032afb33b29225\redhat.java\ss_ws --pipe=\\.\pipe\lsp-fb0907d8ba415ba01356c76a4edaac3c-sock

Host: 11th Gen Intel(R) Core(TM) i7-11800H @ 2.30GHz, 16 cores, 7G,  Windows 11 , 64 bit Build 26100 (10.0.26100.8246)
Time: Sun May  3 19:58:12 2026 elapsed time: 4.969525 seconds (0d 0h 0m 4s)

---------------  T H R E A D  ---------------

Current thread (0x000001d8fa10b7f0):  JavaThread "Start Level: Equinox Container: bccac882-66dc-4fa0-b97c-e4b3600b1ef6" daemon [_thread_in_vm, id=17028, stack(0x000000a590800000,0x000000a590900000) (1024K)]

Stack: [0x000000a590800000,0x000000a590900000],  sp=0x000000a5908f6a50,  free space=986k
Native frames: (J=compiled Java code, j=interpreted, Vv=VM code, C=native code)
C  [KERNELBASE.dll+0xc79da]
C  [VCRUNTIME140.dll+0x5267]
C  [jimage.dll+0x3203]
C  [jimage.dll+0x2985]
C  [jimage.dll+0x1413]
C  [jimage.dll+0x1e13]
C  [jimage.dll+0x1eaa]
C  [jimage.dll+0x25d2]
V  [jvm.dll+0x2226a3]
V  [jvm.dll+0x31584d]
V  [jvm.dll+0x5b600d]
V  [jvm.dll+0x82e426]
V  [jvm.dll+0x82e0c0]
V  [jvm.dll+0x82f15b]
V  [jvm.dll+0x82f724]
V  [jvm.dll+0x47fc3b]
C  [java.dll+0x1a2d]

Java frames: (J=compiled Java code, j=interpreted, Vv=VM code)
J 968  java.lang.ClassLoader.findBootstrapClass(Ljava/lang/String;)Ljava/lang/Class; java.base@21.0.10 (0 bytes) @ 0x000001d8a5e4582a [0x000001d8a5e457c0+0x000000000000006a]
J 1162 c1 jdk.internal.loader.ClassLoaders$BootClassLoader.loadClassOrNull(Ljava/lang/String;Z)Ljava/lang/Class; java.base@21.0.10 (10 bytes) @ 0x000001d89e42b9dc [0x000001d89e42b860+0x000000000000017c]
J 1135 c1 jdk.internal.loader.BuiltinClassLoader.loadClassOrNull(Ljava/lang/String;Z)Ljava/lang/Class; java.base@21.0.10 (143 bytes) @ 0x000001d89e41f924 [0x000001d89e41f2e0+0x0000000000000644]
J 1140 c1 jdk.internal.loader.BuiltinClassLoader.loadClass(Ljava/lang/String;Z)Ljava/lang/Class; java.base@21.0.10 (22 bytes) @ 0x000001d89e420ef4 [0x000001d89e420de0+0x0000000000000114]
J 1986 c1 org.eclipse.osgi.internal.loader.BundleLoader.findClass0(Ljava/lang/String;ZZ)Ljava/lang/Class; (490 bytes) @ 0x000001d89e5fcb44 [0x000001d89e5f8ee0+0x0000000000003c64]
J 1985 c1 org.eclipse.osgi.internal.loader.BundleLoader.findClass(Ljava/lang/String;)Ljava/lang/Class; (8 bytes) @ 0x000001d89e5f1c4c [0x000001d89e5f1bc0+0x000000000000008c]
J 1990 c1 org.eclipse.osgi.internal.loader.ModuleClassLoader.loadClass(Ljava/lang/String;Z)Ljava/lang/Class; (36 bytes) @ 0x000001d89e5f3fcc [0x000001d89e5f3da0+0x000000000000022c]
J 1055 c1 java.lang.ClassLoader.loadClass(Ljava/lang/String;)Ljava/lang/Class; java.base@21.0.10 (7 bytes) @ 0x000001d89e3fe954 [0x000001d89e3fe840+0x0000000000000114]
v  ~StubRoutines::call_stub 0x000001d8a56a10e7
j  org.apache.felix.scr.impl.manager.ComponentContextImpl.createNewFieldHandlerMap()Ljava/util/Map;+0
j  org.apache.felix.scr.impl.manager.ComponentContextImpl.getBoundValues(Ljava/lang/String;)Ljava/util/Map;+37
j  org.apache.felix.scr.impl.inject.field.FieldHandler.updateField(Lorg/apache/felix/scr/impl/inject/field/FieldHandler$METHOD_TYPE;Ljava/lang/Object;Lorg/apache/felix/scr/impl/inject/BindParameters;)Lorg/apache/felix/scr/impl/inject/MethodResult;+295
j  org.apache.felix.scr.impl.inject.field.FieldHandler.access$400(Lorg/apache/felix/scr/impl/inject/field/FieldHandler;Lorg/apache/felix/scr/impl/inject/field/FieldHandler$METHOD_TYPE;Ljava/lang/Object;Lorg/apache/felix/scr/impl/inject/BindParameters;)Lorg/apache/felix/scr/impl/inject/MethodResult;+4
j  org.apache.felix.scr.impl.inject.field.FieldHandler$Resolved.invoke(Lorg/apache/felix/scr/impl/inject/field/FieldHandler;Lorg/apache/felix/scr/impl/inject/field/FieldHandler$METHOD_TYPE;Ljava/lang/Object;Lorg/apache/felix/scr/impl/inject/BindParameters;)Lorg/apache/felix/scr/impl/inject/MethodResult;+5
j  org.apache.felix.scr.impl.inject.field.FieldHandler$ReferenceMethodImpl.invoke(Ljava/lang/Object;Lorg/apache/felix/scr/impl/inject/BindParameters;Lorg/apache/felix/scr/impl/inject/MethodResult;)Lorg/apache/felix/scr/impl/inject/MethodResult;+34
j  org.apache.felix.scr.impl.manager.DependencyManager.doInvokeBindMethod(Lorg/apache/felix/scr/impl/manager/ComponentContextImpl;Lorg/apache/felix/scr/impl/inject/ReferenceMethod;Lorg/apache/felix/scr/impl/inject/RefPair;I)Z+67
j  org.apache.felix.scr.impl.manager.DependencyManager.bindDependency(Lorg/apache/felix/scr/impl/manager/ComponentContextImpl;Lorg/apache/felix/scr/impl/inject/ReferenceMethod;Lorg/apache/felix/scr/impl/inject/OpenStatus;)Z+75
j  org.apache.felix.scr.impl.manager.DependencyManager.bind(Lorg/apache/felix/scr/impl/manager/ComponentContextImpl;Lorg/apache/felix/scr/impl/inject/OpenStatus;)Z+54
j  org.apache.felix.scr.impl.manager.SingleComponentManager.createImplementationObject(Lorg/osgi/framework/Bundle;Lorg/apache/felix/scr/impl/manager/SingleComponentManager$SetImplementationObject;Lorg/apache/felix/scr/impl/manager/ComponentContextImpl;)Ljava/lang/Object;+409
j  org.apache.felix.scr.impl.manager.SingleComponentManager.createComponent(Lorg/apache/felix/scr/impl/manager/ComponentContextImpl;)Z+35
j  org.apache.felix.scr.impl.manager.SingleComponentManager.getService(Lorg/apache/felix/scr/impl/manager/ComponentContextImpl;)Ljava/lang/Object;+14
j  org.apache.felix.scr.impl.manager.SingleComponentManager.getServiceInternal(Lorg/osgi/framework/ServiceRegistration;)Z+87
j  org.apache.felix.scr.impl.manager.SingleComponentManager.getService(Lorg/osgi/framework/Bundle;Lorg/osgi/framework/ServiceRegistration;)Ljava/lang/Object;+69
j  org.eclipse.osgi.internal.serviceregistry.ServiceFactoryUse$1.run()Ljava/lang/Object;+24
J 2461 c1 java.security.AccessController.doPrivileged(Ljava/security/PrivilegedAction;)Ljava/lang/Object; java.base@21.0.10 (9 bytes) @ 0x000001d89e6f6b54 [0x000001d89e6f69e0+0x0000000000000174]
j  org.eclipse.osgi.internal.serviceregistry.ServiceFactoryUse.factoryGetService()Ljava/lang/Object;+8
j  org.eclipse.osgi.internal.serviceregistry.ServiceFactoryUse.getService()Ljava/lang/Object;+231
j  org.eclipse.osgi.internal.serviceregistry.ServiceConsumer$2.getService(Lorg/eclipse/osgi/internal/serviceregistry/ServiceUse;)Ljava/lang/Object;+1
j  org.eclipse.osgi.internal.serviceregistry.ServiceRegistrationImpl.getService(Lorg/eclipse/osgi/internal/framework/BundleContextImpl;Lorg/eclipse/osgi/internal/serviceregistry/ServiceConsumer;)Ljava/lang/Object;+459
j  org.eclipse.osgi.internal.serviceregistry.ServiceRegistry.getService(Lorg/eclipse/osgi/internal/framework/BundleContextImpl;Lorg/eclipse/osgi/internal/serviceregistry/ServiceReferenceImpl;)Ljava/lang/Object;+12
j  org.eclipse.osgi.internal.framework.BundleContextImpl.getService(Lorg/osgi/framework/ServiceReference;)Ljava/lang/Object;+35
j  org.apache.felix.scr.impl.manager.SingleRefPair.getServiceObject(Lorg/apache/felix/scr/impl/inject/ScrComponentContext;Lorg/osgi/framework/BundleContext;)Z+5
j  org.apache.felix.scr.impl.inject.methods.BindMethod.getServiceObject(Lorg/apache/felix/scr/impl/inject/BindParameters;Lorg/osgi/framework/BundleContext;)Z+84
j  org.apache.felix.scr.impl.manager.DependencyManager.getServiceObject(Lorg/apache/felix/scr/impl/manager/ComponentContextImpl;Lorg/apache/felix/scr/impl/inject/ReferenceMethod;Lorg/apache/felix/scr/impl/inject/RefPair;)Z+26
j  org.apache.felix.scr.impl.manager.DependencyManager$MultipleDynamicCustomizer.prebind(Lorg/apache/felix/scr/impl/manager/ComponentContextImpl;)Z+98
j  org.apache.felix.scr.impl.manager.DependencyManager.prebind(Lorg/apache/felix/scr/impl/manager/ComponentContextImpl;)Z+5
j  org.apache.felix.scr.impl.manager.AbstractComponentManager.collectDependencies(Lorg/apache/felix/scr/impl/manager/ComponentContextImpl;)Z+36
j  org.apache.felix.scr.impl.manager.SingleComponentManager.getServiceInternal(Lorg/osgi/framework/ServiceRegistration;)Z+25
j  org.apache.felix.scr.impl.manager.AbstractComponentManager.activateInternal()V+485
j  org.apache.felix.scr.impl.manager.DependencyManager$SingleStaticCustomizer.addedService(Lorg/osgi/framework/ServiceReference;Lorg/apache/felix/scr/impl/inject/RefPair;IILorg/apache/felix/scr/impl/manager/ExtendedServiceEvent;)V+267
j  org.apache.felix.scr.impl.manager.DependencyManager$SingleStaticCustomizer.addedService(Lorg/osgi/framework/ServiceReference;Ljava/lang/Object;IILorg/osgi/framework/ServiceEvent;)V+14
j  org.apache.felix.scr.impl.manager.ServiceTracker$Tracked.customizerAdded(Lorg/osgi/framework/ServiceReference;Lorg/osgi/framework/ServiceEvent;Ljava/lang/Object;II)V+14
j  org.apache.felix.scr.impl.manager.ServiceTracker$Tracked.customizerAdded(Ljava/lang/Object;Ljava/lang/Object;Ljava/lang/Object;II)V+14
j  org.apache.felix.scr.impl.manager.ServiceTracker$AbstractTracked.trackAdding(Ljava/lang/Object;Ljava/lang/Object;)V+207
j  org.apache.felix.scr.impl.manager.ServiceTracker$AbstractTracked.track(Ljava/lang/Object;Ljava/lang/Object;)V+104
j  org.apache.felix.scr.impl.manager.ServiceTracker$Tracked.serviceChanged(Lorg/osgi/framework/ServiceEvent;)V+67
j  org.apache.felix.scr.impl.BundleComponentActivator$ListenerInfo.serviceChanged(Lorg/osgi/framework/ServiceEvent;)V+66
J 1959 c1 org.eclipse.osgi.internal.serviceregistry.FilteredServiceListener.serviceChanged(Lorg/osgi/framework/ServiceEvent;)V (296 bytes) @ 0x000001d89e5eac34 [0x000001d89e5e8320+0x0000000000002914]
J 1957 c1 org.eclipse.osgi.internal.framework.BundleContextImpl.dispatchEvent(Ljava/lang/Object;Ljava/lang/Object;ILjava/lang/Object;)V (577 bytes) @ 0x000001d89e5e1c54 [0x000001d89e5de380+0x00000000000038d4]
J 2228 c1 org.eclipse.osgi.framework.eventmgr.EventManager.dispatchEvent(Ljava/util/Set;Lorg/eclipse/osgi/framework/eventmgr/EventDispatcher;ILjava/lang/Object;)V (69 bytes) @ 0x000001d89e677954 [0x000001d89e677440+0x0000000000000514]
j  org.eclipse.osgi.framework.eventmgr.ListenerQueue.dispatchEventSynchronous(ILjava/lang/Object;)V+67
j  org.eclipse.osgi.internal.serviceregistry.ServiceRegistry.publishServiceEventPrivileged(Lorg/osgi/framework/ServiceEvent;)V+320
j  org.eclipse.osgi.internal.serviceregistry.ServiceRegistry.publishServiceEvent(Lorg/osgi/framework/ServiceEvent;)V+8
j  org.eclipse.osgi.internal.serviceregistry.ServiceRegistrationImpl.register(Ljava/util/Dictionary;)V+137
j  org.eclipse.osgi.internal.serviceregistry.ServiceRegistry.registerService(Lorg/eclipse/osgi/internal/framework/BundleContextImpl;[Ljava/lang/String;Ljava/lang/Object;Ljava/util/Dictionary;)Lorg/eclipse/osgi/internal/serviceregistry/ServiceRegistrationImpl;+317
j  org.eclipse.osgi.internal.framework.BundleContextImpl.registerService([Ljava/lang/String;Ljava/lang/Object;Ljava/util/Dictionary;)Lorg/osgi/framework/ServiceRegistration;+15
j  org.eclipse.osgi.internal.framework.BundleContextImpl.registerService(Ljava/lang/String;Ljava/lang/Object;Ljava/util/Dictionary;)Lorg/osgi/framework/ServiceRegistration;+15
j  org.eclipse.osgi.internal.framework.BundleContextImpl.registerService(Ljava/lang/Class;Ljava/lang/Object;Ljava/util/Dictionary;)Lorg/osgi/framework/ServiceRegistration;+7
j  org.eclipse.core.resources.ResourcesPlugin$WorkspaceInitCustomizer.addingService(Lorg/osgi/framework/ServiceReference;)Lorg/eclipse/core/internal/resources/Workspace;+83
j  org.eclipse.core.resources.ResourcesPlugin$WorkspaceInitCustomizer.addingService(Lorg/osgi/framework/ServiceReference;)Ljava/lang/Object;+5
j  org.osgi.util.tracker.ServiceTracker$Tracked.customizerAdding(Lorg/osgi/framework/ServiceReference;Lorg/osgi/framework/ServiceEvent;)Ljava/lang/Object;+8
j  org.osgi.util.tracker.ServiceTracker$Tracked.customizerAdding(Ljava/lang/Object;Ljava/lang/Object;)Ljava/lang/Object;+9
j  org.osgi.util.tracker.AbstractTracked.trackAdding(Ljava/lang/Object;Ljava/lang/Object;)V+8
j  org.osgi.util.tracker.AbstractTracked.trackInitial()V+90
j  org.osgi.util.tracker.ServiceTracker.open(Z)V+198
j  org.osgi.util.tracker.ServiceTracker.open()V+2
j  org.eclipse.core.resources.ResourcesPlugin.start(Lorg/osgi/framework/BundleContext;)V+106
j  org.eclipse.osgi.internal.framework.BundleContextImpl$2.run()Ljava/lang/Void;+23
j  org.eclipse.osgi.internal.framework.BundleContextImpl$2.run()Ljava/lang/Object;+1
J 1206 c1 java.security.AccessController.executePrivileged(Ljava/security/PrivilegedExceptionAction;Ljava/security/AccessControlContext;Ljava/lang/Class;)Ljava/lang/Object; java.base@21.0.10 (65 bytes) @ 0x000001d89e447b44 [0x000001d89e4479e0+0x0000000000000164]
j  java.security.AccessController.doPrivileged(Ljava/security/PrivilegedExceptionAction;)Ljava/lang/Object;+9 java.base@21.0.10
j  org.eclipse.osgi.internal.framework.BundleContextImpl.startActivator(Lorg/osgi/framework/BundleActivator;)V+9
j  org.eclipse.osgi.internal.framework.BundleContextImpl.start()V+141
j  org.eclipse.osgi.internal.framework.EquinoxBundle.startWorker0()V+35
j  org.eclipse.osgi.internal.framework.EquinoxBundle$EquinoxModule.startWorker()V+4
j  org.eclipse.osgi.container.Module.doStart([Lorg/eclipse/osgi/container/Module$StartOptions;)Lorg/eclipse/osgi/container/ModuleContainerAdaptor$ModuleEvent;+200
j  org.eclipse.osgi.container.Module.start([Lorg/eclipse/osgi/container/Module$StartOptions;)V+460
j  org.eclipse.osgi.framework.util.SecureAction.start(Lorg/eclipse/osgi/container/Module;[Lorg/eclipse/osgi/container/Module$StartOptions;)V+8
J 2078 c1 org.eclipse.osgi.internal.hooks.EclipseLazyStarter.postFindLocalClass(Ljava/lang/String;Ljava/lang/Class;Lorg/eclipse/osgi/internal/loader/classpath/ClasspathManager;)V (394 bytes) @ 0x000001d89e625f94 [0x000001d89e624fc0+0x0000000000000fd4]
J 2076 c1 org.eclipse.osgi.internal.loader.classpath.ClasspathManager.findLocalClass(Ljava/lang/String;)Ljava/lang/Class; (210 bytes) @ 0x000001d89e620274 [0x000001d89e61f260+0x0000000000001014]
J 2074 c1 org.eclipse.osgi.internal.loader.BundleLoader.findLocalClass(Ljava/lang/String;)Ljava/lang/Class; (159 bytes) @ 0x000001d89e6227d4 [0x000001d89e621be0+0x0000000000000bf4]
J 1986 c1 org.eclipse.osgi.internal.loader.BundleLoader.findClass0(Ljava/lang/String;ZZ)Ljava/lang/Class; (490 bytes) @ 0x000001d89e5fc094 [0x000001d89e5f8ee0+0x00000000000031b4]
J 1985 c1 org.eclipse.osgi.internal.loader.BundleLoader.findClass(Ljava/lang/String;)Ljava/lang/Class; (8 bytes) @ 0x000001d89e5f1c4c [0x000001d89e5f1bc0+0x000000000000008c]
J 1990 c1 org.eclipse.osgi.internal.loader.ModuleClassLoader.loadClass(Ljava/lang/String;Z)Ljava/lang/Class; (36 bytes) @ 0x000001d89e5f3fcc [0x000001d89e5f3da0+0x000000000000022c]
J 1055 c1 java.lang.ClassLoader.loadClass(Ljava/lang/String;)Ljava/lang/Class; java.base@21.0.10 (7 bytes) @ 0x000001d89e3fe954 [0x000001d89e3fe840+0x0000000000000114]
v  ~StubRoutines::call_stub 0x000001d8a56a10e7
j  java.lang.Class.getDeclaredConstructors0(Z)[Ljava/lang/reflect/Constructor;+0 java.base@21.0.10
j  java.lang.Class.privateGetDeclaredConstructors(Z)[Ljava/lang/reflect/Constructor;+52 java.base@21.0.10
j  java.lang.Class.getConstructor0([Ljava/lang/Class;I)Ljava/lang/reflect/Constructor;+14 java.base@21.0.10
j  java.lang.Class.getConstructor([Ljava/lang/Class;)Ljava/lang/reflect/Constructor;+24 java.base@21.0.10
j  org.eclipse.osgi.internal.framework.BundleContextImpl.loadBundleActivator()Lorg/osgi/framework/BundleActivator;+105
j  org.eclipse.osgi.internal.framework.BundleContextImpl.start()V+18
j  org.eclipse.osgi.internal.framework.EquinoxBundle.startWorker0()V+35
j  org.eclipse.osgi.internal.framework.EquinoxBundle$EquinoxModule.startWorker()V+4
j  org.eclipse.osgi.container.Module.doStart([Lorg/eclipse/osgi/container/Module$StartOptions;)Lorg/eclipse/osgi/container/ModuleContainerAdaptor$ModuleEvent;+200
j  org.eclipse.osgi.container.Module.start([Lorg/eclipse/osgi/container/Module$StartOptions;)V+460
j  org.eclipse.osgi.container.ModuleContainer$ContainerStartLevel$2.run()V+83
j  org.eclipse.osgi.internal.framework.EquinoxContainerAdaptor$1$1.execute(Ljava/lang/Runnable;)V+1
j  org.eclipse.osgi.container.ModuleContainer$ContainerStartLevel.incStartLevel(ILjava/util/List;Z)V+193
j  org.eclipse.osgi.container.ModuleContainer$ContainerStartLevel.incStartLevel(ILjava/util/List;Ljava/util/List;Ljava/util/List;Ljava/util/List;)V+19
j  org.eclipse.osgi.container.ModuleContainer$ContainerStartLevel.doContainerStartLevel(Lorg/eclipse/osgi/container/Module;I[Lorg/osgi/framework/FrameworkListener;)V+358
j  org.eclipse.osgi.container.ModuleContainer$ContainerStartLevel.dispatchEvent(Lorg/eclipse/osgi/container/Module;[Lorg/osgi/framework/FrameworkListener;ILjava/lang/Integer;)V+32
j  org.eclipse.osgi.container.ModuleContainer$ContainerStartLevel.dispatchEvent(Ljava/lang/Object;Ljava/lang/Object;ILjava/lang/Object;)V+15
j  org.eclipse.osgi.framework.eventmgr.EventManager.dispatchEvent(Ljava/util/Set;Lorg/eclipse/osgi/framework/eventmgr/EventDispatcher;ILjava/lang/Object;)V+48
j  org.eclipse.osgi.framework.eventmgr.EventManager$EventThread.run()V+26
v  ~StubRoutines::call_stub 0x000001d8a56a10e7

siginfo: EXCEPTION_UNCAUGHT_CXX_EXCEPTION (0xe06d7363), ExceptionInformation=0x0000000019930520 0x000000a5908f6bd0 0x00007ffa22475278 0x00007ffa22470000 


Registers:
RAX=0x00007ffa22471d64, RBX=0x000000a5908f6b78, RCX=0x000001d89b165f9e, RDX=0x000000000001adca
RSP=0x000000a5908f6a50, RBP=0x0000000000000004, RSI=0x0000000000000001, RDI=0x00000000e06d7363
R8 =0x000000000000f5a0, R9 =0x0000000000000001, R10=0x00000000003fb36a, R11=0x00000000000025db
R12=0x00000000000069ca, R13=0x000001d8f5ca2f18, R14=0x000001d8f5ca2f18, R15=0x000001d8f5ca2f18
RIP=0x00007ffa379179da, EFLAGS=0x0000000000000202

XMM[0]=0x0000000000000000 0x0000000000000025
XMM[1]=0x0000000000000076 0x000001d89b06f870
XMM[2]=0x000001d8f5ca2f18 0x0000000000000000
XMM[3]=0x000001d898bf0000 0x00000000bea9c39a
XMM[4]=0x00007ffa3aa3cd14 0x000000a5908f6050
XMM[5]=0x0000000000000000 0x0000000000000002
XMM[6]=0x765272ef05b72b7d 0x54e989ae50a84614
XMM[7]=0x135ef2740d4ca252 0x7390eba572f4cd4e
XMM[8]=0x06467772c28876ce 0x2d3914b52c145a3d
XMM[9]=0x02378c2d02378c2d 0x02378c2dc382574b
XMM[10]=0x0000000000000000 0x00000000c14acb1e
XMM[11]=0x224bf1fa224bf1fa 0x224bf1fae5ce4945
XMM[12]=0x0000000000000000 0x00000000c382574b
XMM[13]=0x0000000000000000 0x0000000000000000
XMM[14]=0x0000000000000000 0x0000000000000000
XMM[15]=0x0000000000000000 0x0000000000000000
  MXCSR=0x00001fa0


Register to memory mapping:

RAX=0x00007ffa22471d64 jimage.dll
RBX=0x000000a5908f6b78 is pointing into the stack for thread: 0x000001d8fa10b7f0
RCX=0x000001d89b165f9e points into unknown readable memory: 08 0b
RDX=0x000000000001adca is an unknown value
RSP=0x000000a5908f6a50 is pointing into the stack for thread: 0x000001d8fa10b7f0
RBP=0x0000000000000004 is an unknown value
RSI=0x0000000000000001 is an unknown value
RDI=0x00000000e06d7363 is an unallocated location in the heap
R8 =0x000000000000f5a0 is an unknown value
R9 =0x0000000000000001 is an unknown value
R10=0x00000000003fb36a is an unknown value
R11=0x00000000000025db is an unknown value
R12=0x00000000000069ca is an unknown value
R13=0x000001d8f5ca2f18 points into unknown readable memory: 0x7361622e6176616a | 6a 61 76 61 2e 62 61 73
R14=0x000001d8f5ca2f18 points into unknown readable memory: 0x7361622e6176616a | 6a 61 76 61 2e 62 61 73
R15=0x000001d8f5ca2f18 points into unknown readable memory: 0x7361622e6176616a | 6a 61 76 61 2e 62 61 73

Top of Stack: (sp=0x000000a5908f6a50)
0x000000a5908f6a50:   00000000000069ca 000000a5908f6b78
0x000000a5908f6a60:   0000000000000001 00000000e06d7363
0x000000a5908f6a70:   00000081e06d7363 0000000000000000
0x000000a5908f6a80:   00007ffa379179da 0000000000000004
0x000000a5908f6a90:   0000000019930520 000000a5908f6bd0
0x000000a5908f6aa0:   00007ffa22475278 00007ffa22470000
0x000000a5908f6ab0:   0000000000000000 0000000000000000
0x000000a5908f6ac0:   0000000000000000 0000000000000000
0x000000a5908f6ad0:   0000000000000000 0000000000000000
0x000000a5908f6ae0:   0000000000000000 0000000000000000
0x000000a5908f6af0:   0000000000000000 0000000000000000
0x000000a5908f6b00:   0000000000000000 00007ff9c421f68f
0x000000a5908f6b10:   00005ee083f2df7b 000000a5908f6d00
0x000000a5908f6b20:   00007ffa22477000 0000000019930520
0x000000a5908f6b30:   000000a5908f6bd0 000000a5908f6d00
0x000000a5908f6b40:   00007ffa22475278 00007ffa1f515267
0x000000a5908f6b50:   000001d8b2304ab0 00007ff9c42211d9
0x000000a5908f6b60:   000001d89b07bb50 00007ffa37304375
0x000000a5908f6b70:   00007ffa22470000 0000000019930520
0x000000a5908f6b80:   000000a5908f6bd0 00007ffa22475278
0x000000a5908f6b90:   00007ffa22470000 00007ffa373001d3
0x000000a5908f6ba0:   000001d89b694a6a 00007ffa22473203
0x000000a5908f6bb0:   fffffffffffffffe 0000000000000000
0x000000a5908f6bc0:   00000000000069ca 000001d89b694a6a
0x000000a5908f6bd0:   00007ffa22474478 00007ffa22474488
0x000000a5908f6be0:   0000000000000000 000001d8fa54f380
0x000000a5908f6bf0:   000001d89b694a6a 00007ffa22472985
0x000000a5908f6c00:   00000000000069ca 000001d8b2304ab0
0x000000a5908f6c10:   00007ff9c4bee460 00007ff9c42fcee6
0x000000a5908f6c20:   000001d89b694a6a 00007ffa22471413
0x000000a5908f6c30:   000001d8b2304ab0 000001d89b07bb50
0x000000a5908f6c40:   00007ff9c4bee4e0 00007ff9c45d51c3 

Instructions: (pc=0x00007ffa379179da)
0x00007ffa379178da:   00 e8 20 41 fe ff 48 8b cb e8 d8 e0 f7 ff 48 85
0x00007ffa379178ea:   f6 74 08 48 8b ce e8 cb e0 f7 ff 48 85 ff 74 08
0x00007ffa379178fa:   48 8b cf e8 be e0 f7 ff 8b 4c 24 40 48 ff 15 03
0x00007ffa3791790a:   b1 1c 00 0f 1f 44 00 00 90 48 8b 8c 24 a0 02 00
0x00007ffa3791791a:   00 48 33 cc e8 bd b2 0c 00 4c 8d 9c 24 b0 02 00
0x00007ffa3791792a:   00 49 8b 5b 38 49 8b 73 40 49 8b e3 41 5f 41 5e
0x00007ffa3791793a:   41 5d 41 5c 5f c3 cc cc cc cc cc cc cc cc cc cc
0x00007ffa3791794a:   cc cc cc cc cc cc 40 53 55 56 57 48 81 ec d8 00
0x00007ffa3791795a:   00 00 48 8b 05 6d 47 2d 00 48 33 c4 48 89 84 24
0x00007ffa3791796a:   c0 00 00 00 8b f2 41 8b e8 33 d2 8b f9 48 8d 4c
0x00007ffa3791797a:   24 3c 49 8b d9 44 8d 42 7c e8 f9 49 06 00 33 c9
0x00007ffa3791798a:   89 7c 24 20 83 e6 01 48 89 4c 24 28 89 74 24 24
0x00007ffa3791799a:   48 8d 05 af ff ff ff 48 89 44 24 30 48 85 db 74
0x00007ffa379179aa:   51 41 b8 0f 00 00 00 48 8d 4c 24 40 41 3b e8 48
0x00007ffa379179ba:   8b d3 44 0f 46 c5 44 89 44 24 38 49 c1 e0 03 e8
0x00007ffa379179ca:   c9 b1 0c 00 48 8d 4c 24 20 48 ff 15 56 b7 1c 00
0x00007ffa379179da:   0f 1f 44 00 00 48 8b 8c 24 c0 00 00 00 48 33 cc
0x00007ffa379179ea:   e8 f1 b1 0c 00 48 81 c4 d8 00 00 00 5f 5e 5d 5b
0x00007ffa379179fa:   c3 cc 89 4c 24 38 eb cc cc cc cc cc cc cc cc cc
0x00007ffa37917a0a:   cc cc cc cc cc cc 48 89 5c 24 10 48 89 74 24 18
0x00007ffa37917a1a:   57 48 83 ec 30 48 8b d9 33 ff f6 c1 08 0f 84 a7
0x00007ffa37917a2a:   00 00 00 48 8b 0d 7c a2 2d 00 48 ff 15 55 b1 1c
0x00007ffa37917a3a:   00 0f 1f 44 00 00 90 48 8d 53 f8 48 8d 0d 34 a2
0x00007ffa37917a4a:   2d 00 48 ff 15 0d b1 1c 00 0f 1f 44 00 00 84 c0
0x00007ffa37917a5a:   74 2f 48 8b 3b 48 89 7c 24 20 48 85 ff 74 1b 0f
0x00007ffa37917a6a:   b7 4b fa ba ff 00 00 00 8d 41 01 66 89 43 fa 66
0x00007ffa37917a7a:   3b ca 75 1e 66 89 4b fa eb 18 b9 9d 00 00 00 eb
0x00007ffa37917a8a:   05 b9 06 00 00 00 48 ff 15 79 af 1c 00 0f 1f 44
0x00007ffa37917a9a:   00 00 eb 0f 33 ff 48 89 7c 24 20 8b c8 e8 c4 a6
0x00007ffa37917aaa:   f7 ff 90 48 8b 0d fc a1 2d 00 48 ff 15 cd b0 1c
0x00007ffa37917aba:   00 0f 1f 44 00 00 48 8b c7 48 8b 5c 24 48 48 8b
0x00007ffa37917aca:   74 24 50 48 83 c4 30 5f c3 cc 48 8b 05 35 b5 2d 


Stack slot to memory mapping:

stack at sp + 0 slots: 0x00000000000069ca is an unknown value
stack at sp + 1 slots: 0x000000a5908f6b78 is pointing into the stack for thread: 0x000001d8fa10b7f0
stack at sp + 2 slots: 0x0000000000000001 is an unknown value
stack at sp + 3 slots: 0x00000000e06d7363 is an unallocated location in the heap
stack at sp + 4 slots: 0x00000081e06d7363 is an unknown value
stack at sp + 5 slots: 0x0 is null
stack at sp + 6 slots: 0x00007ffa379179da KERNELBASE.dll
stack at sp + 7 slots: 0x0000000000000004 is an unknown value


Compiled method (n/a) 5090  968     n 0       java.lang.ClassLoader::findBootstrapClass (native)
 total in heap  [0x000001d8a5e45610,0x000001d8a5e45a30] = 1056
 relocation     [0x000001d8a5e45770,0x000001d8a5e457a8] = 56
 main code      [0x000001d8a5e457c0,0x000001d8a5e45a2b] = 619
 stub code      [0x000001d8a5e45a2b,0x000001d8a5e45a30] = 5

[Constant Pool (empty)]

[MachCode]
[Entry Point]
  # {method} {0x000001d8b2434dd8} 'findBootstrapClass' '(Ljava/lang/String;)Ljava/lang/Class;' in 'java/lang/ClassLoader'
  # parm0:    rdx:rdx   = 'java/lang/String'
  #           [sp+0x70]  (sp of caller)
  0x000001d8a5e457c0: 448b 5208 | 49bb 0000 | 00b2 d801 | 0000 4d03 | d349 3bc2 | 0f84 0600 

  0x000001d8a5e457d8: ;   {runtime_call ic_miss_stub}
  0x000001d8a5e457d8: 0000 e9a1 | 8e8a ff90 
[Verified Entry Point]
  0x000001d8a5e457e0: 8984 2400 | 80ff ff55 | 488b ec48 | 83ec 6090 | 4181 7f20 | 0100 0000 

  0x000001d8a5e457f8: ;   {runtime_call StubRoutines (final stubs)}
  0x000001d8a5e457f8: 7405 e801 | 8089 ff48 | 8954 2420 | 4883 fa00 | 4c8d 4424 | 204c 0f44 

  0x000001d8a5e45810: ;   {oop(a 'java/lang/Class'{0x0000000080000b50} = 'java/lang/ClassLoader')}
  0x000001d8a5e45810: 4424 2049 | be50 0b00 | 8000 0000 | 004c 8974 | 2450 4c8d | 7424 5049 | 8bd6 c5f8 

  0x000001d8a5e4582c: ;   {internal_word}
  0x000001d8a5e4582c: 7749 ba2a | 58e4 a5d8 | 0100 004d | 8997 a803 | 0000 4989 | a7a0 0300 

  0x000001d8a5e45844: ;   {external_word}
  0x000001d8a5e45844: 0049 bac6 | 5cbd c4f9 | 7f00 0041 | 803a 000f | 844a 0000 | 0052 4150 

  0x000001d8a5e4585c: ;   {metadata({method} {0x000001d8b2434dd8} 'findBootstrapClass' '(Ljava/lang/String;)Ljava/lang/Class;' in 'java/lang/ClassLoader')}
  0x000001d8a5e4585c: 48ba d04d | 43b2 d801 | 0000 498b | cf48 83ec | 2040 f6c4 | 0f0f 8419 | 0000 0048 

  0x000001d8a5e45878: ;   {runtime_call}
  0x000001d8a5e45878: 83ec 0848 | b850 e166 | c4f9 7f00 | 00ff d048 | 83c4 08e9 | 0c00 0000 

  0x000001d8a5e45890: ;   {runtime_call}
  0x000001d8a5e45890: 48b8 50e1 | 66c4 f97f | 0000 ffd0 | 4883 c420 | 4158 5a49 | 8d8f c003 | 0000 41c7 | 874c 0400 
  0x000001d8a5e458b0: 0004 0000 

  0x000001d8a5e458b4: ;   {runtime_call}
  0x000001d8a5e458b4: 0048 b8c0 | 1936 00fa | 7f00 00ff | d0c5 f877 | 41c7 874c | 0400 0005 | 0000 00f0 | 8344 24c0 
  0x000001d8a5e458d4: 0049 3baf | 5004 0000 | 0f87 0e00 | 0000 4183 | bf48 0400 | 0000 0f84 | 2b00 0000 | c5f8 7748 
  0x000001d8a5e458f4: 8945 f849 | 8bcf 4c8b | e448 83ec | 2048 83e4 

  0x000001d8a5e45904: ;   {runtime_call}
  0x000001d8a5e45904: f048 b8d0 | 5232 c4f9 | 7f00 00ff | d049 8be4 | 4d33 e448 | 8b45 f841 | c787 4c04 | 0000 0800 
  0x000001d8a5e45924: 0000 4183 | bfc8 0400 | 0002 0f84 | ca00 0000 

  0x000001d8a5e45934: ;   {external_word}
  0x000001d8a5e45934: 49ba c65c | bdc4 f97f | 0000 4180 | 3a00 0f84 | 4c00 0000 | 4889 45f8 

  0x000001d8a5e4594c: ;   {metadata({method} {0x000001d8b2434dd8} 'findBootstrapClass' '(Ljava/lang/String;)Ljava/lang/Class;' in 'java/lang/ClassLoader')}
  0x000001d8a5e4594c: 48ba d04d | 43b2 d801 | 0000 498b | cf48 83ec | 2040 f6c4 | 0f0f 8419 | 0000 0048 

  0x000001d8a5e45968: ;   {runtime_call}
  0x000001d8a5e45968: 83ec 0848 | b850 e166 | c4f9 7f00 | 00ff d048 | 83c4 08e9 | 0c00 0000 

  0x000001d8a5e45980: ;   {runtime_call}
  0x000001d8a5e45980: 48b8 50e1 | 66c4 f97f | 0000 ffd0 | 4883 c420 | 488b 45f8 | 49c7 87a0 | 0300 0000 | 0000 0049 
  0x000001d8a5e459a0: c787 a803 | 0000 0000 | 0000 c5f8 | 7748 85c0 | 0f84 2500 | 0000 a803 | 0f85 0800 | 0000 488b 
  0x000001d8a5e459c0: 00e9 1500 | 0000 a801 | 0f85 0900 | 0000 488b | 40fe e904 | 0000 0048 | 8b40 ff49 | 8b8f 3004 
  0x000001d8a5e459e0: 0000 c781 | 0001 0000 | 0000 0000 | c949 837f | 0800 0f85 | 0100 0000 

  0x000001d8a5e459f8: ;   {runtime_call StubRoutines (initial stubs)}
  0x000001d8a5e459f8: c3e9 02b5 | 85ff c5f8 | 7748 8945 | f84c 8be4 | 4883 ec20 | 4883 e4f0 

  0x000001d8a5e45a10: ;   {runtime_call}
  0x000001d8a5e45a10: 48b8 a018 | 67c4 f97f | 0000 ffd0 | 498b e44d | 33e4 488b | 45f8 e909 | ffff fff4 | f4f4 f4f4 
[/MachCode]


Compiled method (c1) 5103 1162       3       jdk.internal.loader.ClassLoaders$BootClassLoader::loadClassOrNull (10 bytes)
 total in heap  [0x000001d89e42b690,0x000001d89e42bbe8] = 1368
 relocation     [0x000001d89e42b7f0,0x000001d89e42b858] = 104
 main code      [0x000001d89e42b860,0x000001d89e42baa0] = 576
 stub code      [0x000001d89e42baa0,0x000001d89e42baf0] = 80
 metadata       [0x000001d89e42baf0,0x000001d89e42bb10] = 32
 scopes data    [0x000001d89e42bb10,0x000001d89e42bb68] = 88
 scopes pcs     [0x000001d89e42bb68,0x000001d89e42bbd8] = 112
 dependencies   [0x000001d89e42bbd8,0x000001d89e42bbe8] = 16

[Constant Pool (empty)]

[MachCode]
[Entry Point]
  # {method} {0x000001d8b2174ed0} 'loadClassOrNull' '(Ljava/lang/String;Z)Ljava/lang/Class;' in 'jdk/internal/loader/ClassLoaders$BootClassLoader'
  # this:     rdx:rdx   = 'jdk/internal/loader/ClassLoaders$BootClassLoader'
  # parm0:    r8:r8     = 'java/lang/String'
  # parm1:    r9        = boolean
  #           [sp+0x60]  (sp of caller)
  0x000001d89e42b860: 448b 5208 | 49bb 0000 | 00b2 d801 | 0000 4d03 | d34c 3bd0 

  0x000001d89e42b874: ;   {runtime_call ic_miss_stub}
  0x000001d89e42b874: 0f85 062e | 2c07 660f | 1f44 0000 
[Verified Entry Point]
  0x000001d89e42b880: 8984 2400 | 80ff ff55 | 4883 ec50 | 4181 7f20 | 0100 0000 

  0x000001d89e42b894: ;   {runtime_call StubRoutines (final stubs)}
  0x000001d89e42b894: 7405 e865 

  0x000001d89e42b898: ;   {metadata(method data for {method} {0x000001d8b2174ed0} 'loadClassOrNull' '(Ljava/lang/String;Z)Ljava/lang/Class;' in 'jdk/internal/loader/ClassLoaders$BootClassLoader')}
  0x000001d89e42b898: 1f2b 0748 | be30 5531 | f6d8 0100 | 008b becc | 0000 0083 | c702 89be | cc00 0000 | 81e7 fe07 
  0x000001d89e42b8b8: 0000 85ff | 0f84 3b01 

  0x000001d89e42b8c0: ;   {oop(a 'java/lang/System$2'{0x0000000080003110})}
  0x000001d89e42b8c0: 0000 48ba | 1031 0080 | 0000 0000 

  0x000001d89e42b8cc: ;   {metadata(method data for {method} {0x000001d8b2174ed0} 'loadClassOrNull' '(Ljava/lang/String;Z)Ljava/lang/Class;' in 'jdk/internal/loader/ClassLoaders$BootClassLoader')}
  0x000001d89e42b8cc: 48be 3055 | 31f6 d801 

  0x000001d89e42b8d4: ;   {metadata('java/lang/System$2')}
  0x000001d89e42b8d4: 0000 49ba | 6082 01b2 | d801 0000 | 4c89 9620 | 0100 0048 | 8386 2801 

  0x000001d89e42b8ec: ;   {metadata(method data for {method} {0x000001d8b2019530} 'findBootstrapClassOrNull' '(Ljava/lang/String;)Ljava/lang/Class;' in 'java/lang/System$2')}
  0x000001d89e42b8ec: 0000 0148 | ba28 2431 | f6d8 0100 | 008b b2cc | 0000 0083 | c602 89b2 | cc00 0000 | 81e6 feff 
  0x000001d89e42b90c: 1f00 85f6 | 0f84 0801 

  0x000001d89e42b914: ;   {metadata(method data for {method} {0x000001d8b2019530} 'findBootstrapClassOrNull' '(Ljava/lang/String;)Ljava/lang/Class;' in 'java/lang/System$2')}
  0x000001d89e42b914: 0000 48ba | 2824 31f6 | d801 0000 | 4883 8210 | 0100 0001 

  0x000001d89e42b928: ;   {metadata(method data for {method} {0x000001d8b2435388} 'findBootstrapClassOrNull' '(Ljava/lang/String;)Ljava/lang/Class;' in 'java/lang/ClassLoader')}
  0x000001d89e42b928: 48ba 9025 | 31f6 d801 | 0000 8bb2 | cc00 0000 | 83c6 0289 | b2cc 0000 | 0081 e6fe | ff1f 0085 
  0x000001d89e42b948: f60f 84f0 

  0x000001d89e42b94c: ;   {metadata(method data for {method} {0x000001d8b2435388} 'findBootstrapClassOrNull' '(Ljava/lang/String;)Ljava/lang/Class;' in 'java/lang/ClassLoader')}
  0x000001d89e42b94c: 0000 0048 | ba90 2531 | f6d8 0100 | 0048 8382 | 1001 0000 | 0149 8bd0 | 4c89 4424 | 3866 0f1f 
  0x000001d89e42b96c: ;   {static_call}
  0x000001d89e42b96c: 4400 00e8 

  0x000001d89e42b970: ; ImmutableOopMap {[56]=Oop }
                      ;*invokestatic checkName {reexecute=0 rethrow=0 return_oop=0}
                      ; - java.lang.ClassLoader::findBootstrapClassOrNull@1
                      ; - java.lang.System$2::findBootstrapClassOrNull@1
                      ; - jdk.internal.loader.ClassLoaders$BootClassLoader::loadClassOrNull@4
  0x000001d89e42b970: 4c12 ab07 

  0x000001d89e42b974: ;   {other}
  0x000001d89e42b974: 0f1f 8400 | e402 0000 

  0x000001d89e42b97c: ;   {metadata(method data for {method} {0x000001d8b2435388} 'findBootstrapClassOrNull' '(Ljava/lang/String;)Ljava/lang/Class;' in 'java/lang/ClassLoader')}
  0x000001d89e42b97c: 85c0 48ba | 9025 31f6 | d801 0000 | 48c7 c620 | 0100 0075 | 0748 c7c6 | 3001 0000 | 488b 3c32 
  0x000001d89e42b99c: 488d 7f01 | 4889 3c32 | 0f85 0f00 

  0x000001d89e42b9a8: ;   {oop(nullptr)}
  0x000001d89e42b9a8: 0000 48be | 0000 0000 | 0000 0000 | e92e 0000 | 004c 8b44 

  0x000001d89e42b9bc: ;   {metadata(method data for {method} {0x000001d8b2435388} 'findBootstrapClassOrNull' '(Ljava/lang/String;)Ljava/lang/Class;' in 'java/lang/ClassLoader')}
  0x000001d89e42b9bc: 2438 48ba | 9025 31f6 | d801 0000 | 4883 8240 | 0100 0001 | 498b d00f 

  0x000001d89e42b9d4: ;   {static_call}
  0x000001d89e42b9d4: 1f40 00e8 

  0x000001d89e42b9d8: ; ImmutableOopMap {}
                      ;*invokestatic findBootstrapClass {reexecute=0 rethrow=0 return_oop=0}
                      ; - java.lang.ClassLoader::findBootstrapClassOrNull@10
                      ; - java.lang.System$2::findBootstrapClassOrNull@1
                      ; - jdk.internal.loader.ClassLoaders$BootClassLoader::loadClassOrNull@4
  0x000001d89e42b9d8: 049e a107 

  0x000001d89e42b9dc: ;   {other}
  0x000001d89e42b9dc: 0f1f 8400 | 4c03 0001 | 488b f048 | 8bc6 4883 

  0x000001d89e42b9ec: ;   {poll_return}
  0x000001d89e42b9ec: c450 5d49 | 3ba7 5004 | 0000 0f87 | 6400 0000 

  0x000001d89e42b9fc: ;   {metadata({method} {0x000001d8b2174ed0} 'loadClassOrNull' '(Ljava/lang/String;Z)Ljava/lang/Class;' in 'jdk/internal/loader/ClassLoaders$BootClassLoader')}
  0x000001d89e42b9fc: c349 bac8 | 4e17 b2d8 | 0100 004c | 8954 2408 | 48c7 0424 | ffff ffff 

  0x000001d89e42ba14: ;   {runtime_call counter_overflow Runtime1 stub}
  0x000001d89e42ba14: e867 b037 

  0x000001d89e42ba18: ; ImmutableOopMap {rdx=Oop r8=Oop }
                      ;*synchronization entry
                      ; - jdk.internal.loader.ClassLoaders$BootClassLoader::loadClassOrNull@-1
  0x000001d89e42ba18: 07e9 a4fe 

  0x000001d89e42ba1c: ;   {metadata({method} {0x000001d8b2019530} 'findBootstrapClassOrNull' '(Ljava/lang/String;)Ljava/lang/Class;' in 'java/lang/System$2')}
  0x000001d89e42ba1c: ffff 49ba | 2895 01b2 | d801 0000 | 4c89 5424 | 0848 c704 | 24ff ffff 

  0x000001d89e42ba34: ;   {runtime_call counter_overflow Runtime1 stub}
  0x000001d89e42ba34: ffe8 46b0 

  0x000001d89e42ba38: ; ImmutableOopMap {r8=Oop }
                      ;*synchronization entry
                      ; - java.lang.System$2::findBootstrapClassOrNull@-1
                      ; - jdk.internal.loader.ClassLoaders$BootClassLoader::loadClassOrNull@4
  0x000001d89e42ba38: 3707 e9d7 

  0x000001d89e42ba3c: ;   {metadata({method} {0x000001d8b2435388} 'findBootstrapClassOrNull' '(Ljava/lang/String;)Ljava/lang/Class;' in 'java/lang/ClassLoader')}
  0x000001d89e42ba3c: feff ff49 | ba80 5343 | b2d8 0100 | 004c 8954 | 2408 48c7 | 0424 ffff 

  0x000001d89e42ba54: ;   {runtime_call counter_overflow Runtime1 stub}
  0x000001d89e42ba54: ffff e825 

  0x000001d89e42ba58: ; ImmutableOopMap {r8=Oop }
                      ;*synchronization entry
                      ; - java.lang.ClassLoader::findBootstrapClassOrNull@-1
                      ; - java.lang.System$2::findBootstrapClassOrNull@1
                      ; - jdk.internal.loader.ClassLoaders$BootClassLoader::loadClassOrNull@4
  0x000001d89e42ba58: b037 07e9 | effe ffff 

  0x000001d89e42ba60: ;   {internal_word}
  0x000001d89e42ba60: 49ba efb9 | 429e d801 | 0000 4d89 | 9768 0400 

  0x000001d89e42ba70: ;   {runtime_call SafepointBlob}
  0x000001d89e42ba70: 00e9 0aa1 | 2c07 498b | 8700 0500 | 0049 c787 | 0005 0000 | 0000 0000 | 49c7 8708 | 0500 0000 
  0x000001d89e42ba90: 0000 0048 | 83c4 505d 

  0x000001d89e42ba98: ;   {runtime_call unwind_exception Runtime1 stub}
  0x000001d89e42ba98: e963 2337 | 07f4 f4f4 
[Stub Code]
  0x000001d89e42baa0: ;   {no_reloc}
  0x000001d89e42baa0: 48bb 0000 | 0000 0000 

  0x000001d89e42baa8: ;   {runtime_call nmethod}
  0x000001d89e42baa8: 0000 e9fb 

  0x000001d89e42baac: ;   {static_stub}
  0x000001d89e42baac: ffff ff48 | bb00 0000 | 0000 0000 

  0x000001d89e42bab8: ;   {runtime_call nmethod}
  0x000001d89e42bab8: 00e9 fbff 

  0x000001d89e42babc: ;   {runtime_call handle_exception_from_callee Runtime1 stub}
  0x000001d89e42babc: ffff e83d 

  0x000001d89e42bac0: ;   {external_word}
  0x000001d89e42bac0: 7037 0748 | b940 5393 | c4f9 7f00 | 0048 83e4 

  0x000001d89e42bad0: ;   {runtime_call}
  0x000001d89e42bad0: f048 b8b0 | c355 c4f9 | 7f00 00ff 

  0x000001d89e42badc: ;   {section_word}
  0x000001d89e42badc: d0f4 49ba | deba 429e | d801 0000 

  0x000001d89e42bae8: ;   {runtime_call DeoptimizationBlob}
  0x000001d89e42bae8: 4152 e931 | b52c 07f4 
[/MachCode]


Compiled method (c1) 5118 1135   !   3       jdk.internal.loader.BuiltinClassLoader::loadClassOrNull (143 bytes)
 total in heap  [0x000001d89e41f010,0x000001d89e420808] = 6136
 relocation     [0x000001d89e41f170,0x000001d89e41f2d8] = 360
 main code      [0x000001d89e41f2e0,0x000001d89e420140] = 3680
 stub code      [0x000001d89e420140,0x000001d89e420200] = 192
 metadata       [0x000001d89e420200,0x000001d89e420268] = 104
 scopes data    [0x000001d89e420268,0x000001d89e420490] = 552
 scopes pcs     [0x000001d89e420490,0x000001d89e420670] = 480
 dependencies   [0x000001d89e420670,0x000001d89e420690] = 32
 handler table  [0x000001d89e420690,0x000001d89e4207e0] = 336
 nul chk table  [0x000001d89e4207e0,0x000001d89e420808] = 40

[Constant Pool (empty)]

[MachCode]
[Entry Point]
  # {method} {0x000001d8b20670b0} 'loadClassOrNull' '(Ljava/lang/String;Z)Ljava/lang/Class;' in 'jdk/internal/loader/BuiltinClassLoader'
  # this:     rdx:rdx   = 'jdk/internal/loader/BuiltinClassLoader'
  # parm0:    r8:r8     = 'java/lang/String'
  # parm1:    r9        = boolean
  #           [sp+0xd0]  (sp of caller)
  0x000001d89e41f2e0: 448b 5208 | 49bb 0000 | 00b2 d801 | 0000 4d03 | d34c 3bd0 

  0x000001d89e41f2f4: ;   {runtime_call ic_miss_stub}
  0x000001d89e41f2f4: 0f85 86f3 | 2c07 660f | 1f44 0000 
[Verified Entry Point]
  0x000001d89e41f300: 8984 2400 | 80ff ff55 | 4881 ecc0 | 0000 0090 | 4181 7f20 | 0100 0000 

  0x000001d89e41f318: ;   {runtime_call StubRoutines (final stubs)}
  0x000001d89e41f318: 7405 e8e1 | e42b 0748 | 8954 2468 

  0x000001d89e41f324: ;   {metadata(method data for {method} {0x000001d8b20670b0} 'loadClassOrNull' '(Ljava/lang/String;Z)Ljava/lang/Class;' in 'jdk/internal/loader/BuiltinClassLoader')}
  0x000001d89e41f324: 48be c869 | 30f6 d801 | 0000 8bbe | cc00 0000 | 83c7 0289 | becc 0000 | 0081 e7fe | 0700 0085 
  0x000001d89e41f344: ff0f 84d1 | 0b00 0044 | 894c 2478 

  0x000001d89e41f350: ;   {metadata(method data for {method} {0x000001d8b20670b0} 'loadClassOrNull' '(Ljava/lang/String;Z)Ljava/lang/Class;' in 'jdk/internal/loader/BuiltinClassLoader')}
  0x000001d89e41f350: 488b f248 | bfc8 6930 | f6d8 0100 | 008b 7608 | 49ba 0000 | 00b2 d801 | 0000 4903 | f248 3bb7 
  0x000001d89e41f370: 2001 0000 | 750d 4883 | 8728 0100 | 0001 e960 | 0000 0048 | 3bb7 3001 | 0000 750d | 4883 8738 
  0x000001d89e41f390: 0100 0001 | e94a 0000 | 0048 83bf | 2001 0000 | 0075 1748 | 89b7 2001 | 0000 48c7 | 8728 0100 
  0x000001d89e41f3b0: 0001 0000 | 00e9 2900 | 0000 4883 | bf30 0100 | 0000 7517 | 4889 b730 | 0100 0048 | c787 3801 
  0x000001d89e41f3d0: 0000 0100 | 0000 e908 | 0000 0048 | 8387 1001 | 0000 0149 | 8bf0 4c8b | c648 8bfa | 488b d748 
  0x000001d89e41f3f0: 8974 2470 

  0x000001d89e41f3f4: ;   {optimized virtual_call}
  0x000001d89e41f3f4: 6666 90e8 

  0x000001d89e41f3f8: ; ImmutableOopMap {[104]=Oop [112]=Oop }
                      ;*invokevirtual getClassLoadingLock {reexecute=0 rethrow=0 return_oop=0}
                      ; - jdk.internal.loader.BuiltinClassLoader::loadClassOrNull@2
  0x000001d89e41f3f8: 047b fdff 

  0x000001d89e41f3fc: ;   {other}
  0x000001d89e41f3fc: 0f1f 8400 | ec03 0000 | 4889 8424 | 8000 0000 | 488d 9424 | a000 0000 | 488b f048 | 8972 0848 
  0x000001d89e41f41c: 8b06 4883 | c801 4889 | 02f0 480f | b116 0f84 | 1200 0000 | 482b c448 | 2507 f0ff | ff48 8902 
  0x000001d89e41f43c: 0f85 000b | 0000 49ff | 8750 0500 | 0048 8b54 

  0x000001d89e41f44c: ;   {metadata(method data for {method} {0x000001d8b20670b0} 'loadClassOrNull' '(Ljava/lang/String;Z)Ljava/lang/Class;' in 'jdk/internal/loader/BuiltinClassLoader')}
  0x000001d89e41f44c: 2468 48be | c869 30f6 | d801 0000 | 4883 8648 | 0100 0001 

  0x000001d89e41f460: ;   {metadata(method data for {method} {0x000001d8b24353e0} 'findLoadedClass' '(Ljava/lang/String;)Ljava/lang/Class;' in 'java/lang/ClassLoader')}
  0x000001d89e41f460: 48ba 8025 | 24f6 d801 | 0000 8bb2 | cc00 0000 | 83c6 0289 | b2cc 0000 | 0081 e6fe | ff1f 0085 
  0x000001d89e41f480: f60f 84ce 

  0x000001d89e41f484: ;   {metadata(method data for {method} {0x000001d8b24353e0} 'findLoadedClass' '(Ljava/lang/String;)Ljava/lang/Class;' in 'java/lang/ClassLoader')}
  0x000001d89e41f484: 0a00 0048 | ba80 2524 | f6d8 0100 | 0048 8382 | 1001 0000 | 0148 8b54 

  0x000001d89e41f49c: ;   {static_call}
  0x000001d89e41f49c: 2470 90e8 

  0x000001d89e41f4a0: ; ImmutableOopMap {[104]=Oop [112]=Oop [128]=Oop [168]=Oop }
                      ;*invokestatic checkName {reexecute=0 rethrow=0 return_oop=0}
                      ; - java.lang.ClassLoader::findLoadedClass@1
                      ; - jdk.internal.loader.BuiltinClassLoader::loadClassOrNull@10
  0x000001d89e41f4a0: 1cd7 ab07 

  0x000001d89e41f4a4: ;   {other}
  0x000001d89e41f4a4: 0f1f 8400 | 9404 0001 

  0x000001d89e41f4ac: ;   {metadata(method data for {method} {0x000001d8b24353e0} 'findLoadedClass' '(Ljava/lang/String;)Ljava/lang/Class;' in 'java/lang/ClassLoader')}
  0x000001d89e41f4ac: 85c0 49b8 | 8025 24f6 | d801 0000 | 48c7 c220 | 0100 0075 | 0748 c7c2 | 3001 0000 | 498b 3410 
  0x000001d89e41f4cc: 488d 7601 | 4989 3410 | 0f85 0f00 

  0x000001d89e41f4d8: ;   {oop(nullptr)}
  0x000001d89e41f4d8: 0000 48be | 0000 0000 | 0000 0000 | e936 0000 | 0048 8b54 

  0x000001d89e41f4ec: ;   {metadata(method data for {method} {0x000001d8b24353e0} 'findLoadedClass' '(Ljava/lang/String;)Ljava/lang/Class;' in 'java/lang/ClassLoader')}
  0x000001d89e41f4ec: 2468 49b8 | 8025 24f6 | d801 0000 | 4983 8040 | 0100 0001 | 4c8b 4424 | 7048 8b54 | 2468 0f1f 
  0x000001d89e41f50c: ;   {optimized virtual_call}
  0x000001d89e41f50c: 4400 00e8 

  0x000001d89e41f510: ; ImmutableOopMap {[104]=Oop [112]=Oop [128]=Oop [168]=Oop }
                      ;*invokevirtual findLoadedClass0 {reexecute=0 rethrow=0 return_oop=0}
                      ; - java.lang.ClassLoader::findLoadedClass@11
                      ; - jdk.internal.loader.BuiltinClassLoader::loadClassOrNull@10
  0x000001d89e41f510: 2c47 9f07 

  0x000001d89e41f514: ;   {other}
  0x000001d89e41f514: 0f1f 8400 | 0405 0002 | 488b f048 

  0x000001d89e41f520: ;   {metadata(method data for {method} {0x000001d8b20670b0} 'loadClassOrNull' '(Ljava/lang/String;Z)Ljava/lang/Class;' in 'jdk/internal/loader/BuiltinClassLoader')}
  0x000001d89e41f520: 85f6 49b8 | c869 30f6 | d801 0000 | 48c7 c280 | 0100 0075 | 0748 c7c2 | 9001 0000 | 498b 3c10 
  0x000001d89e41f540: 488d 7f01 | 4989 3c10 | 0f85 b907 | 0000 4889 | b424 8800 | 0000 488b 

  0x000001d89e41f558: ;   {metadata(method data for {method} {0x000001d8b20670b0} 'loadClassOrNull' '(Ljava/lang/String;Z)Ljava/lang/Class;' in 'jdk/internal/loader/BuiltinClassLoader')}
  0x000001d89e41f558: 5424 6849 | b8c8 6930 | f6d8 0100 | 0049 8380 | a001 0000 | 014c 8b44 | 2470 488b 

  0x000001d89e41f574: ;   {optimized virtual_call}
  0x000001d89e41f574: 5424 68e8 

  0x000001d89e41f578: ; ImmutableOopMap {[104]=Oop [112]=Oop [128]=Oop [136]=Oop [168]=Oop }
                      ;*invokevirtual findLoadedModule {reexecute=0 rethrow=0 return_oop=0}
                      ; - jdk.internal.loader.BuiltinClassLoader::loadClassOrNull@22
  0x000001d89e41f578: e4ee 0200 

  0x000001d89e41f57c: ;   {other}
  0x000001d89e41f57c: 0f1f 8400 | 6c05 0003 

  0x000001d89e41f584: ;   {metadata(method data for {method} {0x000001d8b20670b0} 'loadClassOrNull' '(Ljava/lang/String;Z)Ljava/lang/Class;' in 'jdk/internal/loader/BuiltinClassLoader')}
  0x000001d89e41f584: 4885 c049 | b8c8 6930 | f6d8 0100 | 0049 c7c1 | d801 0000 | 7407 49c7 | c1e8 0100 | 004b 8b14 
  0x000001d89e41f5a4: 0848 8d52 | 014b 8914 | 0848 8b54 | 2468 0f84 | 8d03 0000 

  0x000001d89e41f5b8: ; implicit exception: dispatches to 0x000001d89e41ff76
  0x000001d89e41f5b8: 483b 004c 

  0x000001d89e41f5bc: ;   {metadata(method data for {method} {0x000001d8b20670b0} 'loadClassOrNull' '(Ljava/lang/String;Z)Ljava/lang/Class;' in 'jdk/internal/loader/BuiltinClassLoader')}
  0x000001d89e41f5bc: 8bc0 49b9 | c869 30f6 | d801 0000 

  0x000001d89e41f5c8: ;   {metadata('jdk/internal/loader/BuiltinClassLoader$LoadedModule')}
  0x000001d89e41f5c8: 49ba 20dd | 16b2 d801 | 0000 4d89 | 9108 0200 | 0049 8381 | 1002 0000 | 018b 700c 

  0x000001d89e41f5e4: ;   {metadata(method data for {method} {0x000001d8b20670b0} 'loadClassOrNull' '(Ljava/lang/String;Z)Ljava/lang/Class;' in 'jdk/internal/loader/BuiltinClassLoader')}
  0x000001d89e41f5e4: 483b f249 | b8c8 6930 | f6d8 0100 | 0049 c7c1 | 3002 0000 | 7507 49c7 | c140 0200 | 004b 8b3c 
  0x000001d89e41f604: 0848 8d7f | 014b 893c | 080f 851a 

  0x000001d89e41f610: ;   {metadata(method data for {method} {0x000001d8b20670b0} 'loadClassOrNull' '(Ljava/lang/String;Z)Ljava/lang/Class;' in 'jdk/internal/loader/BuiltinClassLoader')}
  0x000001d89e41f610: 0200 0049 | b8c8 6930 | f6d8 0100 | 0049 8380 | 5002 0000 

  0x000001d89e41f624: ;   {metadata(method data for {method} {0x000001d8b244f6a8} 'isModuleSystemInited' '()Z' in 'jdk/internal/misc/VM')}
  0x000001d89e41f624: 0149 b8f0 | e425 f6d8 | 0100 0045 | 8b88 cc00 | 0000 4183 | c102 4589 | 88cc 0000 | 0041 81e1 
  0x000001d89e41f644: feff 1f00 | 4585 c90f | 842a 0900 

  0x000001d89e41f650: ;   {oop(a 'java/lang/Class'{0x0000000080001a80} = 'jdk/internal/misc/VM')}
  0x000001d89e41f650: 0049 b880 | 1a00 8000 | 0000 0045 | 8b80 9400 | 0000 4183 

  0x000001d89e41f664: ;   {metadata(method data for {method} {0x000001d8b244f6a8} 'isModuleSystemInited' '()Z' in 'jdk/internal/misc/VM')}
  0x000001d89e41f664: f802 49b8 | f0e4 25f6 | d801 0000 | 49c7 c110 | 0100 007c | 0749 c7c1 | 2001 0000 | 4b8b 3408 
  0x000001d89e41f684: 488d 7601 | 4b89 3408 | 0f8c 1c00 

  0x000001d89e41f690: ;   {metadata(method data for {method} {0x000001d8b244f6a8} 'isModuleSystemInited' '()Z' in 'jdk/internal/misc/VM')}
  0x000001d89e41f690: 0000 49b8 | f0e4 25f6 | d801 0000 | 41ff 8030 | 0100 0041 | b801 0000 | 00e9 0600 | 0000 41b8 
  0x000001d89e41f6b0: 0000 0000 | 4183 e001 

  0x000001d89e41f6b8: ;   {metadata(method data for {method} {0x000001d8b20670b0} 'loadClassOrNull' '(Ljava/lang/String;Z)Ljava/lang/Class;' in 'jdk/internal/loader/BuiltinClassLoader')}
  0x000001d89e41f6b8: 4585 c049 | b8c8 6930 | f6d8 0100 | 0049 c7c1 | 7002 0000 | 7507 49c7 | c160 0200 | 004b 8b34 
  0x000001d89e41f6d8: 0848 8d76 | 014b 8934 | 080f 850d | 0000 0048 | 8bb4 2488 | 0000 00e9 | 3b02 0000 

  0x000001d89e41f6f4: ;   {metadata(method data for {method} {0x000001d8b20670b0} 'loadClassOrNull' '(Ljava/lang/String;Z)Ljava/lang/Class;' in 'jdk/internal/loader/BuiltinClassLoader')}
  0x000001d89e41f6f4: 4c8b c249 | b9c8 6930 | f6d8 0100 | 0049 8381 | 8002 0000 

  0x000001d89e41f708: ;   {metadata(method data for {method} {0x000001d8b2067790} 'findClassInModuleOrNull' '(Ljdk/internal/loader/BuiltinClassLoader$LoadedModule;Ljava/lang/String;)Ljava/lang/Class;' in 'jdk/internal/loader/BuiltinClassLoader')}
  0x000001d89e41f708: 0149 b840 | 7130 f6d8 | 0100 0045 | 8b88 cc00 | 0000 4183 | c102 4589 | 88cc 0000 | 0041 81e1 
  0x000001d89e41f728: feff 1f00 | 4585 c90f | 8467 0800 

  0x000001d89e41f734: ;   {metadata(method data for {method} {0x000001d8b2067790} 'findClassInModuleOrNull' '(Ljdk/internal/loader/BuiltinClassLoader$LoadedModule;Ljava/lang/String;)Ljava/lang/Class;' in 'jdk/internal/loader/BuiltinClassLoader')}
  0x000001d89e41f734: 0049 b840 | 7130 f6d8 | 0100 0049 | 8380 1001 

  0x000001d89e41f744: ;   {metadata(method data for {method} {0x000001d8b201b1d0} 'getSecurityManager' '()Ljava/lang/SecurityManager;' in 'java/lang/System')}
  0x000001d89e41f744: 0000 0149 | b8a0 7002 | f6d8 0100 | 0045 8b88 | cc00 0000 | 4183 c102 | 4589 88cc | 0000 0041 
  0x000001d89e41f764: 81e1 feff | 1f00 4585 | c90f 844a 

  0x000001d89e41f770: ;   {metadata(method data for {method} {0x000001d8b201b1d0} 'getSecurityManager' '()Ljava/lang/SecurityManager;' in 'java/lang/System')}
  0x000001d89e41f770: 0800 0049 | b8a0 7002 | f6d8 0100 | 0049 8380 | 1001 0000 

  0x000001d89e41f784: ;   {metadata(method data for {method} {0x000001d8b201b2e8} 'allowSecurityManager' '()Z' in 'java/lang/System')}
  0x000001d89e41f784: 0149 b818 | 7202 f6d8 | 0100 0045 | 8b88 cc00 | 0000 4183 | c102 4589 | 88cc 0000 | 0041 81e1 
  0x000001d89e41f7a4: feff 1f00 | 4585 c90f | 842d 0800 

  0x000001d89e41f7b0: ;   {metadata(method data for {method} {0x000001d8b201b2e8} 'allowSecurityManager' '()Z' in 'java/lang/System')}
  0x000001d89e41f7b0: 0049 b818 | 7202 f6d8 | 0100 0041 | ff80 1001 

  0x000001d89e41f7c0: ;   {metadata(method data for {method} {0x000001d8b201b1d0} 'getSecurityManager' '()Ljava/lang/SecurityManager;' in 'java/lang/System')}
  0x000001d89e41f7c0: 0000 49b8 | a070 02f6 | d801 0000 | 41ff 8020 

  0x000001d89e41f7d0: ;   {metadata(method data for {method} {0x000001d8b2067790} 'findClassInModuleOrNull' '(Ljdk/internal/loader/BuiltinClassLoader$LoadedModule;Ljava/lang/String;)Ljava/lang/Class;' in 'jdk/internal/loader/BuiltinClassLoader')}
  0x000001d89e41f7d0: 0100 0049 | b840 7130 | f6d8 0100 | 0041 ff80 | 3001 0000 

  0x000001d89e41f7e4: ;   {metadata(method data for {method} {0x000001d8b2067790} 'findClassInModuleOrNull' '(Ljdk/internal/loader/BuiltinClassLoader$LoadedModule;Ljava/lang/String;)Ljava/lang/Class;' in 'jdk/internal/loader/BuiltinClassLoader')}
  0x000001d89e41f7e4: 4c8b c249 | b940 7130 | f6d8 0100 | 0049 8381 | 4001 0000 | 014c 8b44 | 2470 4c8b | c848 8bf2 
  0x000001d89e41f804: ;   {optimized virtual_call}
  0x000001d89e41f804: 488b d6e8 

  0x000001d89e41f808: ; ImmutableOopMap {[104]=Oop [128]=Oop [168]=Oop }
                      ;*invokevirtual defineClass {reexecute=0 rethrow=0 return_oop=0}
                      ; - jdk.internal.loader.BuiltinClassLoader::findClassInModuleOrNull@9
                      ; - jdk.internal.loader.BuiltinClassLoader::loadClassOrNull@55
  0x000001d89e41f808: 74f3 2c07 

  0x000001d89e41f80c: ;   {other}
  0x000001d89e41f80c: 0f1f 8400 | fc07 0004 

  0x000001d89e41f814: ;   {metadata(method data for {method} {0x000001d8b20670b0} 'loadClassOrNull' '(Ljava/lang/String;Z)Ljava/lang/Class;' in 'jdk/internal/loader/BuiltinClassLoader')}
  0x000001d89e41f814: 49b8 c869 | 30f6 d801 | 0000 41ff | 80b8 0200 | 0048 8bf0 | e902 0100 | 0048 3b06 

  0x000001d89e41f830: ;   {metadata(method data for {method} {0x000001d8b20670b0} 'loadClassOrNull' '(Ljava/lang/String;Z)Ljava/lang/Class;' in 'jdk/internal/loader/BuiltinClassLoader')}
  0x000001d89e41f830: 4c8b c649 | b9c8 6930 | f6d8 0100 | 0049 8381 | d002 0000 

  0x000001d89e41f844: ;   {metadata(method data for {method} {0x000001d8b2067840} 'loadClassOrNull' '(Ljava/lang/String;)Ljava/lang/Class;' in 'jdk/internal/loader/BuiltinClassLoader')}
  0x000001d89e41f844: 0149 b830 | 7930 f6d8 | 0100 0045 | 8b88 cc00 | 0000 4183 | c102 4589 | 88cc 0000 | 0041 81e1 
  0x000001d89e41f864: feff 1f00 | 4585 c90f | 8493 0700 | 004c 8bc6 

  0x000001d89e41f874: ;   {metadata(method data for {method} {0x000001d8b2067840} 'loadClassOrNull' '(Ljava/lang/String;)Ljava/lang/Class;' in 'jdk/internal/loader/BuiltinClassLoader')}
  0x000001d89e41f874: 49b9 3079 | 30f6 d801 | 0000 458b | 4008 49ba | 0000 00b2 | d801 0000 | 4d03 c24d | 3b81 2001 
  0x000001d89e41f894: 0000 750d | 4983 8128 | 0100 0001 | e960 0000 | 004d 3b81 | 3001 0000 | 750d 4983 | 8138 0100 
  0x000001d89e41f8b4: 0001 e94a | 0000 0049 | 83b9 2001 | 0000 0075 | 174d 8981 | 2001 0000 | 49c7 8128 | 0100 0001 
  0x000001d89e41f8d4: 0000 00e9 | 2900 0000 | 4983 b930 | 0100 0000 | 7517 4d89 | 8130 0100 | 0049 c781 | 3801 0000 
  0x000001d89e41f8f4: 0100 0000 | e908 0000 | 0049 8381 | 1001 0000 | 014c 8b44 | 2470 41b9 | 0000 0000 | 488b d666 
  0x000001d89e41f914: 9048 b888 | 4b17 b2d8 

  0x000001d89e41f91c: ;   {virtual_call}
  0x000001d89e41f91c: 0100 00e8 

  0x000001d89e41f920: ; ImmutableOopMap {[104]=Oop [128]=Oop [168]=Oop }
                      ;*invokevirtual loadClassOrNull {reexecute=0 rethrow=0 return_oop=0}
                      ; - jdk.internal.loader.BuiltinClassLoader::loadClassOrNull@3
                      ; - jdk.internal.loader.BuiltinClassLoader::loadClassOrNull@66
  0x000001d89e41f920: 3cbf 0000 

  0x000001d89e41f924: ;   {other}
  0x000001d89e41f924: 0f1f 8400 | 1409 0005 

  0x000001d89e41f92c: ;   {metadata(method data for {method} {0x000001d8b20670b0} 'loadClassOrNull' '(Ljava/lang/String;Z)Ljava/lang/Class;' in 'jdk/internal/loader/BuiltinClassLoader')}
  0x000001d89e41f92c: 488b f049 | b8c8 6930 | f6d8 0100 | 0041 ff80 | 0803 0000 | e9c2 0300 | 008b 7254 

  0x000001d89e41f948: ;   {metadata(method data for {method} {0x000001d8b20670b0} 'loadClassOrNull' '(Ljava/lang/String;Z)Ljava/lang/Class;' in 'jdk/internal/loader/BuiltinClassLoader')}
  0x000001d89e41f948: 4885 f649 | b8c8 6930 | f6d8 0100 | 0049 c7c1 | 3003 0000 | 7507 49c7 | c120 0300 | 004b 8b3c 
  0x000001d89e41f968: 0848 8d7f | 014b 893c | 080f 850d | 0000 0048 | 8bb4 2488 | 0000 00e9 | 0301 0000 

  0x000001d89e41f984: ; implicit exception: dispatches to 0x000001d89e420025
  0x000001d89e41f984: 483b 064c 

  0x000001d89e41f988: ;   {metadata(method data for {method} {0x000001d8b20670b0} 'loadClassOrNull' '(Ljava/lang/String;Z)Ljava/lang/Class;' in 'jdk/internal/loader/BuiltinClassLoader')}
  0x000001d89e41f988: 8bc6 49b9 | c869 30f6 | d801 0000 | 4983 8140 | 0300 0001 

  0x000001d89e41f99c: ;   {metadata(method data for {method} {0x000001d8b2067840} 'loadClassOrNull' '(Ljava/lang/String;)Ljava/lang/Class;' in 'jdk/internal/loader/BuiltinClassLoader')}
  0x000001d89e41f99c: 49b8 3079 | 30f6 d801 | 0000 458b | 88cc 0000 | 0041 83c1 | 0245 8988 | cc00 0000 | 4181 e1fe 
  0x000001d89e41f9bc: ff1f 0045 | 85c9 0f84 | 6206 0000 

  0x000001d89e41f9c8: ;   {metadata(method data for {method} {0x000001d8b2067840} 'loadClassOrNull' '(Ljava/lang/String;)Ljava/lang/Class;' in 'jdk/internal/loader/BuiltinClassLoader')}
  0x000001d89e41f9c8: 4c8b c649 | b930 7930 | f6d8 0100 | 0045 8b40 | 0849 ba00 | 0000 b2d8 | 0100 004d | 03c2 4d3b 
  0x000001d89e41f9e8: 8120 0100 | 0075 0d49 | 8381 2801 | 0000 01e9 | 6000 0000 | 4d3b 8130 | 0100 0075 | 0d49 8381 
  0x000001d89e41fa08: 3801 0000 | 01e9 4a00 | 0000 4983 | b920 0100 | 0000 7517 | 4d89 8120 | 0100 0049 | c781 2801 
  0x000001d89e41fa28: 0000 0100 | 0000 e929 | 0000 0049 | 83b9 3001 | 0000 0075 | 174d 8981 | 3001 0000 | 49c7 8138 
  0x000001d89e41fa48: 0100 0001 | 0000 00e9 | 0800 0000 | 4983 8110 | 0100 0001 | 4c8b 4424 | 7041 b900 | 0000 0048 
  0x000001d89e41fa68: 8bd6 6666 | 9048 b888 | 4b17 b2d8 

  0x000001d89e41fa74: ;   {virtual_call}
  0x000001d89e41fa74: 0100 00e8 

  0x000001d89e41fa78: ; ImmutableOopMap {[104]=Oop [112]=Oop [128]=Oop [168]=Oop }
                      ;*invokevirtual loadClassOrNull {reexecute=0 rethrow=0 return_oop=0}
                      ; - jdk.internal.loader.BuiltinClassLoader::loadClassOrNull@3
                      ; - jdk.internal.loader.BuiltinClassLoader::loadClassOrNull@86
  0x000001d89e41fa78: e4bd 0000 

  0x000001d89e41fa7c: ;   {other}
  0x000001d89e41fa7c: 0f1f 8400 | 6c0a 0006 | 488b f048 

  0x000001d89e41fa88: ;   {metadata(method data for {method} {0x000001d8b20670b0} 'loadClassOrNull' '(Ljava/lang/String;Z)Ljava/lang/Class;' in 'jdk/internal/loader/BuiltinClassLoader')}
  0x000001d89e41fa88: 85f6 49b8 | c869 30f6 | d801 0000 | 48c7 c278 | 0300 0075 | 0748 c7c2 | 8803 0000 | 498b 3c10 
  0x000001d89e41faa8: 488d 7f01 | 4989 3c10 | 0f85 5102 | 0000 488b | 5424 684c 

  0x000001d89e41fabc: ;   {metadata(method data for {method} {0x000001d8b20670b0} 'loadClassOrNull' '(Ljava/lang/String;Z)Ljava/lang/Class;' in 'jdk/internal/loader/BuiltinClassLoader')}
  0x000001d89e41fabc: 8bc2 48bf | c869 30f6 | d801 0000 | 458b 4008 | 49ba 0000 | 00b2 d801 | 0000 4d03 | c24c 3b87 
  0x000001d89e41fadc: a803 0000 | 750d 4883 | 87b0 0300 | 0001 e960 | 0000 004c | 3b87 b803 | 0000 750d | 4883 87c0 
  0x000001d89e41fafc: 0300 0001 | e94a 0000 | 0048 83bf | a803 0000 | 0075 174c | 8987 a803 | 0000 48c7 | 87b0 0300 
  0x000001d89e41fb1c: 0001 0000 | 00e9 2900 | 0000 4883 | bfb8 0300 | 0000 7517 | 4c89 87b8 | 0300 0048 | c787 c003 
  0x000001d89e41fb3c: 0000 0100 | 0000 e908 | 0000 0048 | 8387 9803 

  0x000001d89e41fb4c: ;   {metadata(method data for {method} {0x000001d8b2067058} 'hasClassPath' '()Z' in 'jdk/internal/loader/BuiltinClassLoader')}
  0x000001d89e41fb4c: 0000 0149 | b8c0 7a30 | f6d8 0100 | 0041 8bb8 | cc00 0000 | 83c7 0241 | 89b8 cc00 | 0000 81e7 
  0x000001d89e41fb6c: feff 1f00 | 85ff 0f84 | d304 0000 | 448b 4258 

  0x000001d89e41fb7c: ;   {metadata(method data for {method} {0x000001d8b2067058} 'hasClassPath' '()Z' in 'jdk/internal/loader/BuiltinClassLoader')}
  0x000001d89e41fb7c: 4d85 c049 | b8c0 7a30 | f6d8 0100 | 0048 c7c7 | 1001 0000 | 7407 48c7 | c720 0100 | 0049 8b1c 
  0x000001d89e41fb9c: 3848 8d5b | 0149 891c | 380f 841c 

  0x000001d89e41fba8: ;   {metadata(method data for {method} {0x000001d8b2067058} 'hasClassPath' '()Z' in 'jdk/internal/loader/BuiltinClassLoader')}
  0x000001d89e41fba8: 0000 0049 | b8c0 7a30 | f6d8 0100 | 0041 ff80 | 3001 0000 | 41b8 0100 | 0000 e906 | 0000 0041 
  0x000001d89e41fbc8: b800 0000 | 0041 83e0 | 0145 85c0 

  0x000001d89e41fbd4: ;   {metadata(method data for {method} {0x000001d8b20670b0} 'loadClassOrNull' '(Ljava/lang/String;Z)Ljava/lang/Class;' in 'jdk/internal/loader/BuiltinClassLoader')}
  0x000001d89e41fbd4: 49b8 c869 | 30f6 d801 | 0000 48c7 | c7d0 0300 | 0074 0748 | c7c7 e003 | 0000 498b | 1c38 488d 
  0x000001d89e41fbf4: 5b01 4989 | 1c38 0f84 | 0701 0000 

  0x000001d89e41fc00: ;   {metadata(method data for {method} {0x000001d8b20670b0} 'loadClassOrNull' '(Ljava/lang/String;Z)Ljava/lang/Class;' in 'jdk/internal/loader/BuiltinClassLoader')}
  0x000001d89e41fc00: 49b8 c869 | 30f6 d801 | 0000 4983 | 80f0 0300 

  0x000001d89e41fc10: ;   {metadata(method data for {method} {0x000001d8b244f6a8} 'isModuleSystemInited' '()Z' in 'jdk/internal/misc/VM')}
  0x000001d89e41fc10: 0001 49b8 | f0e4 25f6 | d801 0000 | 418b b8cc | 0000 0083 | c702 4189 | b8cc 0000 | 0081 e7fe 
  0x000001d89e41fc30: ff1f 0085 | ff0f 8431 

  0x000001d89e41fc38: ;   {oop(a 'java/lang/Class'{0x0000000080001a80} = 'jdk/internal/misc/VM')}
  0x000001d89e41fc38: 0400 0049 | b880 1a00 | 8000 0000 | 0045 8b80 | 9400 0000 | 4183 f802 

  0x000001d89e41fc50: ;   {metadata(method data for {method} {0x000001d8b244f6a8} 'isModuleSystemInited' '()Z' in 'jdk/internal/misc/VM')}
  0x000001d89e41fc50: 49b8 f0e4 | 25f6 d801 | 0000 48c7 | c710 0100 | 007c 0748 | c7c7 2001 | 0000 498b | 1c38 488d 
  0x000001d89e41fc70: 5b01 4989 | 1c38 0f8c | 1c00 0000 

  0x000001d89e41fc7c: ;   {metadata(method data for {method} {0x000001d8b244f6a8} 'isModuleSystemInited' '()Z' in 'jdk/internal/misc/VM')}
  0x000001d89e41fc7c: 49b8 f0e4 | 25f6 d801 | 0000 41ff | 8030 0100 | 0041 b801 | 0000 00e9 | 0600 0000 | 41b8 0000 
  0x000001d89e41fc9c: 0000 4183 | e001 4585 

  0x000001d89e41fca4: ;   {metadata(method data for {method} {0x000001d8b20670b0} 'loadClassOrNull' '(Ljava/lang/String;Z)Ljava/lang/Class;' in 'jdk/internal/loader/BuiltinClassLoader')}
  0x000001d89e41fca4: c049 b8c8 | 6930 f6d8 | 0100 0048 | c7c7 0004 | 0000 7407 | 48c7 c710 | 0400 0049 | 8b1c 3848 
  0x000001d89e41fcc4: 8d5b 0149 | 891c 380f | 8436 0000 | 004c 8b44 | 2470 488b 

  0x000001d89e41fcd8: ;   {metadata(method data for {method} {0x000001d8b20670b0} 'loadClassOrNull' '(Ljava/lang/String;Z)Ljava/lang/Class;' in 'jdk/internal/loader/BuiltinClassLoader')}
  0x000001d89e41fcd8: f248 bfc8 | 6930 f6d8 | 0100 0048 | 8387 2004 | 0000 0148 | 8bf2 488b | d666 0f1f 

  0x000001d89e41fcf4: ;   {optimized virtual_call}
  0x000001d89e41fcf4: 4400 00e8 

  0x000001d89e41fcf8: ; ImmutableOopMap {[104]=Oop [128]=Oop [168]=Oop }
                      ;*invokevirtual findClassOnClassPathOrNull {reexecute=0 rethrow=0 return_oop=0}
                      ; - jdk.internal.loader.BuiltinClassLoader::loadClassOrNull@111
  0x000001d89e41fcf8: 84ee 2c07 

  0x000001d89e41fcfc: ;   {other}
  0x000001d89e41fcfc: 0f1f 8400 | ec0c 0007 | 488b f044 | 8b4c 2478 

  0x000001d89e41fd0c: ;   {metadata(method data for {method} {0x000001d8b20670b0} 'loadClassOrNull' '(Ljava/lang/String;Z)Ljava/lang/Class;' in 'jdk/internal/loader/BuiltinClassLoader')}
  0x000001d89e41fd0c: 4585 c948 | b8c8 6930 | f6d8 0100 | 0048 c7c2 | 5804 0000 | 7407 48c7 | c268 0400 | 0048 8b3c 
  0x000001d89e41fd2c: 1048 8d7f | 0148 893c | 100f 849c | 0000 0048 

  0x000001d89e41fd3c: ;   {metadata(method data for {method} {0x000001d8b20670b0} 'loadClassOrNull' '(Ljava/lang/String;Z)Ljava/lang/Class;' in 'jdk/internal/loader/BuiltinClassLoader')}
  0x000001d89e41fd3c: 85f6 48b8 | c869 30f6 | d801 0000 | 48c7 c278 | 0400 0074 | 0748 c7c2 | 8804 0000 | 488b 3c10 
  0x000001d89e41fd5c: 488d 7f01 | 4889 3c10 | 0f84 6d00 | 0000 488b 

  0x000001d89e41fd6c: ;   {metadata(method data for {method} {0x000001d8b20670b0} 'loadClassOrNull' '(Ljava/lang/String;Z)Ljava/lang/Class;' in 'jdk/internal/loader/BuiltinClassLoader')}
  0x000001d89e41fd6c: 5424 6848 | b8c8 6930 | f6d8 0100 | 0048 8380 | 9804 0000 

  0x000001d89e41fd80: ;   {metadata(method data for {method} {0x000001d8b2435330} 'resolveClass' '(Ljava/lang/Class;)V' in 'java/lang/ClassLoader')}
  0x000001d89e41fd80: 0148 b828 | 7f30 f6d8 | 0100 008b | 90cc 0000 | 0083 c202 | 8990 cc00 | 0000 81e2 | feff 1f00 
  0x000001d89e41fda0: 85d2 0f84 | e502 0000 

  0x000001d89e41fda8: ;   {metadata(method data for {method} {0x000001d8b2435330} 'resolveClass' '(Ljava/lang/Class;)V' in 'java/lang/ClassLoader')}
  0x000001d89e41fda8: 4885 f648 | b828 7f30 | f6d8 0100 | 0048 c7c2 | 2001 0000 | 7407 48c7 | c210 0100 | 0048 8b3c 
  0x000001d89e41fdc8: 1048 8d7f | 0148 893c | 100f 8443 | 0000 0048 | 8d84 24a0 | 0000 0048 | 8b10 4885 | d20f 840f 
  0x000001d89e41fde8: 0000 0048 | 8b78 08f0 | 480f b117 | 0f85 b402 | 0000 49ff | 8f50 0500 | 0048 8bc6 | 4881 c4c0 
  0x000001d89e41fe08: 0000 005d 

  0x000001d89e41fe0c: ;   {poll_return}
  0x000001d89e41fe0c: 493b a750 | 0400 000f | 87ab 0200 | 00c3 4889 | b424 9800 | 0000 660f | 1f44 0000 

  0x000001d89e41fe28: ;   {no_reloc}
  0x000001d89e41fe28: e9bc 0200 | 0000 0000 | 0000 498b | 87b8 0100 | 0048 8d78 | 3049 3bbf | c801 0000 | 0f87 a902 
  0x000001d89e41fe48: 0000 4989 | bfb8 0100 | 0048 c700 | 0100 0000 | 488b ca49 | ba00 0000 | b2d8 0100 | 0049 2bca 
  0x000001d89e41fe68: 8948 0848 | 33c9 8948 | 0c48 33c9 | 4889 4810 | 4889 4818 | 4889 4820 | 4889 4828 

  0x000001d89e41fe84: ;   {metadata(method data for {method} {0x000001d8b2435330} 'resolveClass' '(Ljava/lang/Class;)V' in 'java/lang/ClassLoader')}
  0x000001d89e41fe84: 488b d048 | be28 7f30 | f6d8 0100 | 0048 8386 | 3001 0000 | 0148 8bd0 | 4889 8424 | 9000 0000 
  0x000001d89e41fea4: ;   {optimized virtual_call}
  0x000001d89e41fea4: 6666 90e8 

  0x000001d89e41fea8: ; ImmutableOopMap {[128]=Oop [144]=Oop [152]=Oop [168]=Oop }
                      ;*invokespecial <init> {reexecute=0 rethrow=0 return_oop=0}
                      ; - java.lang.ClassLoader::resolveClass@8
                      ; - jdk.internal.loader.BuiltinClassLoader::loadClassOrNull@128
  0x000001d89e41fea8: d4ec 2c07 

  0x000001d89e41feac: ;   {other}
  0x000001d89e41feac: 0f1f 8400 | 9c0e 0008 | 488b 8424 

  0x000001d89e41feb8: ; ImmutableOopMap {rax=Oop [128]=Oop [152]=Oop [168]=Oop }
                      ;*athrow {reexecute=1 rethrow=0 return_oop=0}
                      ; - (reexecute) java.lang.ClassLoader::resolveClass@11
                      ; - jdk.internal.loader.BuiltinClassLoader::loadClassOrNull@128
  0x000001d89e41feb8: 9000 0000 

  0x000001d89e41febc: ;   {section_word}
  0x000001d89e41febc: 48ba bcfe | 419e d801 

  0x000001d89e41fec4: ;   {runtime_call handle_exception_nofpu Runtime1 stub}
  0x000001d89e41fec4: 0000 e835 | 2238 0790 | 498b 8700 | 0500 004d | 33d2 4d89 | 9700 0500 | 004d 33d2 | 4d89 9708 
  0x000001d89e41fee4: 0500 0048 | 8bf0 488d | 8424 a000 | 0000 488b | 3848 85ff | 0f84 0f00 | 0000 488b | 5808 f048 
  0x000001d89e41ff04: 0fb1 3b0f | 85f3 0100 | 0049 ff8f | 5005 0000 | 488b c6e9 | 1702 0000 

  0x000001d89e41ff1c: ;   {metadata({method} {0x000001d8b20670b0} 'loadClassOrNull' '(Ljava/lang/String;Z)Ljava/lang/Class;' in 'jdk/internal/loader/BuiltinClassLoader')}
  0x000001d89e41ff1c: 49ba a870 | 06b2 d801 | 0000 4c89 | 5424 0848 | c704 24ff 

  0x000001d89e41ff30: ;   {runtime_call counter_overflow Runtime1 stub}
  0x000001d89e41ff30: ffff ffe8 

  0x000001d89e41ff34: ; ImmutableOopMap {rdx=Oop r8=Oop [104]=Oop }
                      ;*synchronization entry
                      ; - jdk.internal.loader.BuiltinClassLoader::loadClassOrNull@-1
  0x000001d89e41ff34: 486b 3807 | e90e f4ff 

  0x000001d89e41ff3c: ;   {runtime_call throw_null_pointer_exception Runtime1 stub}
  0x000001d89e41ff3c: ffe8 def0 

  0x000001d89e41ff40: ; ImmutableOopMap {rsi=Oop [104]=Oop [112]=Oop [128]=Oop }
                      ;*monitorenter {reexecute=0 rethrow=0 return_oop=0}
                      ; - jdk.internal.loader.BuiltinClassLoader::loadClassOrNull@7
  0x000001d89e41ff40: 3707 4889 | 7424 0848 

  0x000001d89e41ff48: ;   {runtime_call monitorenter_nofpu Runtime1 stub}
  0x000001d89e41ff48: 8914 24e8 

  0x000001d89e41ff4c: ; ImmutableOopMap {rsi=Oop [104]=Oop [112]=Oop [128]=Oop [168]=Oop }
                      ;*monitorenter {reexecute=0 rethrow=0 return_oop=0}
                      ; - jdk.internal.loader.BuiltinClassLoader::loadClassOrNull@7
  0x000001d89e41ff4c: 3041 3807 | e9f4 f4ff 

  0x000001d89e41ff54: ;   {metadata({method} {0x000001d8b24353e0} 'findLoadedClass' '(Ljava/lang/String;)Ljava/lang/Class;' in 'java/lang/ClassLoader')}
  0x000001d89e41ff54: ff49 bad8 | 5343 b2d8 | 0100 004c | 8954 2408 | 48c7 0424 | ffff ffff 

  0x000001d89e41ff6c: ;   {runtime_call counter_overflow Runtime1 stub}
  0x000001d89e41ff6c: e80f 6b38 

  0x000001d89e41ff70: ; ImmutableOopMap {[104]=Oop [112]=Oop [128]=Oop [168]=Oop }
                      ;*synchronization entry
                      ; - java.lang.ClassLoader::findLoadedClass@-1
                      ; - jdk.internal.loader.BuiltinClassLoader::loadClassOrNull@10
  0x000001d89e41ff70: 07e9 11f5 

  0x000001d89e41ff74: ;   {runtime_call throw_null_pointer_exception Runtime1 stub}
  0x000001d89e41ff74: ffff e8a5 

  0x000001d89e41ff78: ; ImmutableOopMap {rax=Oop rdx=Oop [104]=Oop [112]=Oop [128]=Oop [136]=Oop [168]=Oop }
                      ;*invokevirtual loader {reexecute=0 rethrow=0 return_oop=0}
                      ; - jdk.internal.loader.BuiltinClassLoader::loadClassOrNull@34
                      ;   {metadata({method} {0x000001d8b244f6a8} 'isModuleSystemInited' '()Z' in 'jdk/internal/misc/VM')}
  0x000001d89e41ff78: f037 0749 | baa0 f644 | b2d8 0100 | 004c 8954 | 2408 48c7 | 0424 ffff 

  0x000001d89e41ff90: ;   {runtime_call counter_overflow Runtime1 stub}
  0x000001d89e41ff90: ffff e8e9 

  0x000001d89e41ff94: ; ImmutableOopMap {rax=Oop rdx=Oop [104]=Oop [112]=Oop [128]=Oop [136]=Oop [168]=Oop }
                      ;*synchronization entry
                      ; - jdk.internal.misc.VM::isModuleSystemInited@-1
                      ; - jdk.internal.loader.BuiltinClassLoader::loadClassOrNull@45
  0x000001d89e41ff94: 6a38 07e9 | b5f6 ffff 

  0x000001d89e41ff9c: ;   {metadata({method} {0x000001d8b2067790} 'findClassInModuleOrNull' '(Ljdk/internal/loader/BuiltinClassLoader$LoadedModule;Ljava/lang/String;)Ljava/lang/Class;' in 'jdk/internal/loader/BuiltinClassLoader')}
  0x000001d89e41ff9c: 49ba 8877 | 06b2 d801 | 0000 4c89 | 5424 0848 | c704 24ff 

  0x000001d89e41ffb0: ;   {runtime_call counter_overflow Runtime1 stub}
  0x000001d89e41ffb0: ffff ffe8 

  0x000001d89e41ffb4: ; ImmutableOopMap {rdx=Oop rax=Oop [104]=Oop [112]=Oop [128]=Oop [168]=Oop }
                      ;*synchronization entry
                      ; - jdk.internal.loader.BuiltinClassLoader::findClassInModuleOrNull@-1
                      ; - jdk.internal.loader.BuiltinClassLoader::loadClassOrNull@55
  0x000001d89e41ffb4: c86a 3807 | e978 f7ff 

  0x000001d89e41ffbc: ;   {metadata({method} {0x000001d8b201b1d0} 'getSecurityManager' '()Ljava/lang/SecurityManager;' in 'java/lang/System')}
  0x000001d89e41ffbc: ff49 bac8 | b101 b2d8 | 0100 004c | 8954 2408 | 48c7 0424 | ffff ffff 

  0x000001d89e41ffd4: ;   {runtime_call counter_overflow Runtime1 stub}
  0x000001d89e41ffd4: e8a7 6a38 

  0x000001d89e41ffd8: ; ImmutableOopMap {rdx=Oop rax=Oop [104]=Oop [112]=Oop [128]=Oop [168]=Oop }
                      ;*synchronization entry
                      ; - java.lang.System::getSecurityManager@-1
                      ; - jdk.internal.loader.BuiltinClassLoader::findClassInModuleOrNull@0
                      ; - jdk.internal.loader.BuiltinClassLoader::loadClassOrNull@55
  0x000001d89e41ffd8: 07e9 95f7 

  0x000001d89e41ffdc: ;   {metadata({method} {0x000001d8b201b2e8} 'allowSecurityManager' '()Z' in 'java/lang/System')}
  0x000001d89e41ffdc: ffff 49ba | e0b2 01b2 | d801 0000 | 4c89 5424 | 0848 c704 | 24ff ffff 

  0x000001d89e41fff4: ;   {runtime_call counter_overflow Runtime1 stub}
  0x000001d89e41fff4: ffe8 866a 

  0x000001d89e41fff8: ; ImmutableOopMap {rdx=Oop rax=Oop [104]=Oop [112]=Oop [128]=Oop [168]=Oop }
                      ;*synchronization entry
                      ; - java.lang.System::allowSecurityManager@-1
                      ; - java.lang.System::getSecurityManager@0
                      ; - jdk.internal.loader.BuiltinClassLoader::findClassInModuleOrNull@0
                      ; - jdk.internal.loader.BuiltinClassLoader::loadClassOrNull@55
  0x000001d89e41fff8: 3807 e9b2 

  0x000001d89e41fffc: ;   {runtime_call throw_null_pointer_exception Runtime1 stub}
  0x000001d89e41fffc: f7ff ffe8 

  0x000001d89e420000: ; ImmutableOopMap {rsi=Oop [104]=Oop [112]=Oop [128]=Oop [168]=Oop }
                      ;*invokevirtual loadClassOrNull {reexecute=0 rethrow=0 return_oop=0}
                      ; - jdk.internal.loader.BuiltinClassLoader::loadClassOrNull@66
  0x000001d89e420000: 1cf0 3707 

  0x000001d89e420004: ;   {metadata({method} {0x000001d8b2067840} 'loadClassOrNull' '(Ljava/lang/String;)Ljava/lang/Class;' in 'jdk/internal/loader/BuiltinClassLoader')}
  0x000001d89e420004: 49ba 3878 | 06b2 d801 | 0000 4c89 | 5424 0848 | c704 24ff 

  0x000001d89e420018: ;   {runtime_call counter_overflow Runtime1 stub}
  0x000001d89e420018: ffff ffe8 

  0x000001d89e42001c: ; ImmutableOopMap {rsi=Oop [104]=Oop [112]=Oop [128]=Oop [168]=Oop }
                      ;*synchronization entry
                      ; - jdk.internal.loader.BuiltinClassLoader::loadClassOrNull@-1
                      ; - jdk.internal.loader.BuiltinClassLoader::loadClassOrNull@66
  0x000001d89e42001c: 606a 3807 | e94c f8ff 

  0x000001d89e420024: ;   {runtime_call throw_null_pointer_exception Runtime1 stub}
  0x000001d89e420024: ffe8 f6ef 

  0x000001d89e420028: ; ImmutableOopMap {rsi=Oop [104]=Oop [112]=Oop [128]=Oop [168]=Oop }
                      ;*invokevirtual loadClassOrNull {reexecute=0 rethrow=0 return_oop=0}
                      ; - jdk.internal.loader.BuiltinClassLoader::loadClassOrNull@86
                      ;   {metadata({method} {0x000001d8b2067840} 'loadClassOrNull' '(Ljava/lang/String;)Ljava/lang/Class;' in 'jdk/internal/loader/BuiltinClassLoader')}
  0x000001d89e420028: 3707 49ba | 3878 06b2 | d801 0000 | 4c89 5424 | 0848 c704 | 24ff ffff 

  0x000001d89e420040: ;   {runtime_call counter_overflow Runtime1 stub}
  0x000001d89e420040: ffe8 3a6a 

  0x000001d89e420044: ; ImmutableOopMap {rsi=Oop [104]=Oop [112]=Oop [128]=Oop [168]=Oop }
                      ;*synchronization entry
                      ; - jdk.internal.loader.BuiltinClassLoader::loadClassOrNull@-1
                      ; - jdk.internal.loader.BuiltinClassLoader::loadClassOrNull@86
  0x000001d89e420044: 3807 e97d 

  0x000001d89e420048: ;   {metadata({method} {0x000001d8b2067058} 'hasClassPath' '()Z' in 'jdk/internal/loader/BuiltinClassLoader')}
  0x000001d89e420048: f9ff ff49 | ba50 7006 | b2d8 0100 | 004c 8954 | 2408 48c7 | 0424 ffff 

  0x000001d89e420060: ;   {runtime_call counter_overflow Runtime1 stub}
  0x000001d89e420060: ffff e819 

  0x000001d89e420064: ; ImmutableOopMap {rdx=Oop rsi=Oop [104]=Oop [112]=Oop [128]=Oop [168]=Oop }
                      ;*synchronization entry
                      ; - jdk.internal.loader.BuiltinClassLoader::hasClassPath@-1
                      ; - jdk.internal.loader.BuiltinClassLoader::loadClassOrNull@97
  0x000001d89e420064: 6a38 07e9 | 0cfb ffff 

  0x000001d89e42006c: ;   {metadata({method} {0x000001d8b244f6a8} 'isModuleSystemInited' '()Z' in 'jdk/internal/misc/VM')}
  0x000001d89e42006c: 49ba a0f6 | 44b2 d801 | 0000 4c89 | 5424 0848 | c704 24ff 

  0x000001d89e420080: ;   {runtime_call counter_overflow Runtime1 stub}
  0x000001d89e420080: ffff ffe8 

  0x000001d89e420084: ; ImmutableOopMap {rdx=Oop rsi=Oop [104]=Oop [112]=Oop [128]=Oop [168]=Oop }
                      ;*synchronization entry
                      ; - jdk.internal.misc.VM::isModuleSystemInited@-1
                      ; - jdk.internal.loader.BuiltinClassLoader::loadClassOrNull@103
  0x000001d89e420084: f869 3807 | e9ae fbff 

  0x000001d89e42008c: ;   {metadata({method} {0x000001d8b2435330} 'resolveClass' '(Ljava/lang/Class;)V' in 'java/lang/ClassLoader')}
  0x000001d89e42008c: ff49 ba28 | 5343 b2d8 | 0100 004c | 8954 2408 | 48c7 0424 | ffff ffff 

  0x000001d89e4200a4: ;   {runtime_call counter_overflow Runtime1 stub}
  0x000001d89e4200a4: e8d7 6938 

  0x000001d89e4200a8: ; ImmutableOopMap {rsi=Oop [128]=Oop [168]=Oop }
                      ;*synchronization entry
                      ; - java.lang.ClassLoader::resolveClass@-1
                      ; - jdk.internal.loader.BuiltinClassLoader::loadClassOrNull@128
  0x000001d89e4200a8: 07e9 fafc | ffff 488d | 8424 a000 | 0000 4889 

  0x000001d89e4200b8: ;   {runtime_call monitorexit_nofpu Runtime1 stub}
  0x000001d89e4200b8: 0424 e841 | 4638 07e9 | 3dfd ffff 

  0x000001d89e4200c4: ;   {internal_word}
  0x000001d89e4200c4: 49ba 0cfe | 419e d801 | 0000 4d89 | 9768 0400 

  0x000001d89e4200d4: ;   {runtime_call SafepointBlob}
  0x000001d89e4200d4: 00e9 a65a 

  0x000001d89e4200d8: ;   {metadata(nullptr)}
  0x000001d89e4200d8: 2d07 48ba | 0000 0000 | 0000 0000 | b800 0f05 

  0x000001d89e4200e8: ;   {runtime_call load_klass_patching Runtime1 stub}
  0x000001d89e4200e8: 0ae8 1253 

  0x000001d89e4200ec: ; ImmutableOopMap {[128]=Oop [152]=Oop [168]=Oop }
                      ;*new {reexecute=1 rethrow=0 return_oop=0}
                      ; - (reexecute) java.lang.ClassLoader::resolveClass@4
                      ; - jdk.internal.loader.BuiltinClassLoader::loadClassOrNull@128
  0x000001d89e4200ec: 3807 e935 | fdff ff48 

  0x000001d89e4200f4: ;   {runtime_call fast_new_instance Runtime1 stub}
  0x000001d89e4200f4: 8bd2 e805 

  0x000001d89e4200f8: ; ImmutableOopMap {[128]=Oop [152]=Oop [168]=Oop }
                      ;*new {reexecute=0 rethrow=0 return_oop=0}
                      ; - java.lang.ClassLoader::resolveClass@4
                      ; - jdk.internal.loader.BuiltinClassLoader::loadClassOrNull@128
  0x000001d89e4200f8: 0038 07e9 | 84fd ffff | 488d 8424 | a000 0000 | 4889 0424 

  0x000001d89e42010c: ;   {runtime_call monitorexit_nofpu Runtime1 stub}
  0x000001d89e42010c: e8ef 4538 | 07e9 fefd | ffff 498b | 8700 0500 | 0049 c787 | 0005 0000 | 0000 0000 | 49c7 8708 
  0x000001d89e42012c: 0500 0000 | 0000 0048 | 81c4 c000 

  0x000001d89e420138: ;   {runtime_call unwind_exception Runtime1 stub}
  0x000001d89e420138: 0000 5de9 | c0dc 3707 
[Stub Code]
  0x000001d89e420140: ;   {no_reloc}
  0x000001d89e420140: 0f1f 4400 

  0x000001d89e420144: ;   {static_stub}
  0x000001d89e420144: 0048 bb00 | 0000 0000 

  0x000001d89e42014c: ;   {runtime_call nmethod}
  0x000001d89e42014c: 0000 00e9 | fbff ffff 

  0x000001d89e420154: ;   {static_stub}
  0x000001d89e420154: 9048 bb00 | 0000 0000 

  0x000001d89e42015c: ;   {runtime_call nmethod}
  0x000001d89e42015c: 0000 00e9 | fbff ffff 

  0x000001d89e420164: ;   {static_stub}
  0x000001d89e420164: 9048 bb00 | 0000 0000 

  0x000001d89e42016c: ;   {runtime_call nmethod}
  0x000001d89e42016c: 0000 00e9 | fbff ffff 

  0x000001d89e420174: ;   {static_stub}
  0x000001d89e420174: 48bb 0000 | 0000 0000 

  0x000001d89e42017c: ;   {runtime_call nmethod}
  0x000001d89e42017c: 0000 e9fb 

  0x000001d89e420180: ;   {static_stub}
  0x000001d89e420180: ffff ff48 | bb00 0000 | 0000 0000 

  0x000001d89e42018c: ;   {runtime_call nmethod}
  0x000001d89e42018c: 00e9 fbff 

  0x000001d89e420190: ;   {static_stub}
  0x000001d89e420190: ffff 48bb | 2075 06b2 | d801 0000 

  0x000001d89e42019c: ;   {runtime_call I2C/C2I adapters}
  0x000001d89e42019c: e9c6 3f2d 

  0x000001d89e4201a0: ;   {static_stub}
  0x000001d89e4201a0: 0748 bb00 | 0000 0000 

  0x000001d89e4201a8: ;   {runtime_call nmethod}
  0x000001d89e4201a8: 0000 00e9 | fbff ffff 

  0x000001d89e4201b0: ;   {static_stub}
  0x000001d89e4201b0: 48bb 0000 | 0000 0000 

  0x000001d89e4201b8: ;   {runtime_call nmethod}
  0x000001d89e4201b8: 0000 e9fb 

  0x000001d89e4201bc: ;   {static_stub}
  0x000001d89e4201bc: ffff ff48 | bb00 0000 | 0000 0000 

  0x000001d89e4201c8: ;   {runtime_call nmethod}
  0x000001d89e4201c8: 00e9 fbff 

  0x000001d89e4201cc: ;   {runtime_call handle_exception_from_callee Runtime1 stub}
  0x000001d89e4201cc: ffff e82d 

  0x000001d89e4201d0: ;   {external_word}
  0x000001d89e4201d0: 2938 0748 | b940 5393 | c4f9 7f00 | 0048 83e4 

  0x000001d89e4201e0: ;   {runtime_call}
  0x000001d89e4201e0: f048 b8b0 | c355 c4f9 | 7f00 00ff 

  0x000001d89e4201ec: ;   {section_word}
  0x000001d89e4201ec: d0f4 49ba | ee01 429e | d801 0000 

  0x000001d89e4201f8: ;   {runtime_call DeoptimizationBlob}
  0x000001d89e4201f8: 4152 e921 | 6e2d 07f4 
[/MachCode]


---------------  P R O C E S S  ---------------

Threads class SMR info:
_java_thread_list=0x000001d8fa505cb0, length=21, elements={
0x000001d89b056ee0, 0x000001d89afe9400, 0x000001d89afe9f60, 0x000001d89afecbe0,
0x000001d89afefd30, 0x000001d89aff6110, 0x000001d89affd840, 0x000001d8f3e68a80,
0x000001d8f3e77dd0, 0x000001d8f3f3caf0, 0x000001d8f40777e0, 0x000001d8f4131aa0,
0x000001d8f4132150, 0x000001d8f5778f90, 0x000001d8f5f04150, 0x000001d8fa351930,
0x000001d8fa10b7f0, 0x000001d8fa218d10, 0x000001d8f5f0cf10, 0x000001d8fa6cd570,
0x000001d8fa6cf340
}

Java Threads: ( => current thread )
  0x000001d89b056ee0 JavaThread "main"                              [_thread_blocked, id=14484, stack(0x000000a58ec00000,0x000000a58ed00000) (1024K)]
  0x000001d89afe9400 JavaThread "Reference Handler"          daemon [_thread_blocked, id=28904, stack(0x000000a58f000000,0x000000a58f100000) (1024K)]
  0x000001d89afe9f60 JavaThread "Finalizer"                  daemon [_thread_blocked, id=984, stack(0x000000a58f100000,0x000000a58f200000) (1024K)]
  0x000001d89afecbe0 JavaThread "Signal Dispatcher"          daemon [_thread_blocked, id=9872, stack(0x000000a58f200000,0x000000a58f300000) (1024K)]
  0x000001d89afefd30 JavaThread "Attach Listener"            daemon [_thread_blocked, id=29212, stack(0x000000a58f300000,0x000000a58f400000) (1024K)]
  0x000001d89aff6110 JavaThread "Service Thread"             daemon [_thread_blocked, id=24084, stack(0x000000a58f400000,0x000000a58f500000) (1024K)]
  0x000001d89affd840 JavaThread "Monitor Deflation Thread"   daemon [_thread_blocked, id=15732, stack(0x000000a58f500000,0x000000a58f600000) (1024K)]
  0x000001d8f3e68a80 JavaThread "C2 CompilerThread0"         daemon [_thread_blocked, id=19044, stack(0x000000a58f600000,0x000000a58f700000) (1024K)]
  0x000001d8f3e77dd0 JavaThread "C1 CompilerThread0"         daemon [_thread_blocked, id=28768, stack(0x000000a58f700000,0x000000a58f800000) (1024K)]
  0x000001d8f3f3caf0 JavaThread "C1 CompilerThread1"         daemon [_thread_blocked, id=21696, stack(0x000000a58f800000,0x000000a58f900000) (1024K)]
  0x000001d8f40777e0 JavaThread "Common-Cleaner"             daemon [_thread_blocked, id=30160, stack(0x000000a58fa00000,0x000000a58fb00000) (1024K)]
  0x000001d8f4131aa0 JavaThread "C1 CompilerThread2"         daemon [_thread_blocked, id=30300, stack(0x000000a58fb00000,0x000000a58fc00000) (1024K)]
  0x000001d8f4132150 JavaThread "C1 CompilerThread3"         daemon [_thread_blocked, id=4980, stack(0x000000a58fc00000,0x000000a58fd00000) (1024K)]
  0x000001d8f5778f90 JavaThread "Notification Thread"        daemon [_thread_blocked, id=19276, stack(0x000000a58fd00000,0x000000a58fe00000) (1024K)]
  0x000001d8f5f04150 JavaThread "Active Thread: Equinox Container: bccac882-66dc-4fa0-b97c-e4b3600b1ef6"        [_thread_blocked, id=25340, stack(0x000000a590400000,0x000000a590500000) (1024K)]
  0x000001d8fa351930 JavaThread "Framework Event Dispatcher: Equinox Container: bccac882-66dc-4fa0-b97c-e4b3600b1ef6" daemon [_thread_blocked, id=18084, stack(0x000000a590700000,0x000000a590800000) (1024K)]
=>0x000001d8fa10b7f0 JavaThread "Start Level: Equinox Container: bccac882-66dc-4fa0-b97c-e4b3600b1ef6" daemon [_thread_in_vm, id=17028, stack(0x000000a590800000,0x000000a590900000) (1024K)]
  0x000001d8fa218d10 JavaThread "SCR Component Actor"        daemon [_thread_blocked, id=32320, stack(0x000000a590900000,0x000000a590a00000) (1024K)]
  0x000001d8f5f0cf10 JavaThread "Worker-JM"                         [_thread_blocked, id=28304, stack(0x000000a58f900000,0x000000a58fa00000) (1024K)]
  0x000001d8fa6cd570 JavaThread "Worker-0: Checking project encoding"        [_thread_blocked, id=11996, stack(0x000000a590b00000,0x000000a590c00000) (1024K)]
  0x000001d8fa6cf340 JavaThread "Worker-1"                          [_thread_blocked, id=31580, stack(0x000000a590c00000,0x000000a590d00000) (1024K)]
Total: 21

Other Threads:
  0x000001d89b0f78c0 VMThread "VM Thread"                           [id=30552, stack(0x000000a58ef00000,0x000000a58f000000) (1024K)]
  0x000001d89b0c3ed0 WatcherThread "VM Periodic Task Thread"        [id=15740, stack(0x000000a58ee00000,0x000000a58ef00000) (1024K)]
  0x000001d89b075960 WorkerThread "GC Thread#0"                     [id=7380, stack(0x000000a58ed00000,0x000000a58ee00000) (1024K)]
  0x000001d8fa35c2a0 WorkerThread "GC Thread#1"                     [id=12952, stack(0x000000a58fe00000,0x000000a58ff00000) (1024K)]
  0x000001d8fa35c650 WorkerThread "GC Thread#2"                     [id=6428, stack(0x000000a58ff00000,0x000000a590000000) (1024K)]
  0x000001d8f5c6b4c0 WorkerThread "GC Thread#3"                     [id=1936, stack(0x000000a590000000,0x000000a590100000) (1024K)]
  0x000001d8f5c6b870 WorkerThread "GC Thread#4"                     [id=31284, stack(0x000000a590100000,0x000000a590200000) (1024K)]
  0x000001d8f5c6bc20 WorkerThread "GC Thread#5"                     [id=12580, stack(0x000000a590200000,0x000000a590300000) (1024K)]
  0x000001d8f5a5de40 WorkerThread "GC Thread#6"                     [id=24732, stack(0x000000a590300000,0x000000a590400000) (1024K)]
  0x000001d8fa1dfa60 WorkerThread "GC Thread#7"                     [id=13932, stack(0x000000a590600000,0x000000a590700000) (1024K)]
  0x000001d8fa64faf0 WorkerThread "GC Thread#8"                     [id=17648, stack(0x000000a590500000,0x000000a590600000) (1024K)]
  0x000001d8fa704630 WorkerThread "GC Thread#9"                     [id=7528, stack(0x000000a590a00000,0x000000a590b00000) (1024K)]
Total: 12

Threads with active compile tasks:
Total: 0

VM state: not at safepoint (normal execution)

VM Mutex/Monitor currently owned by a thread: None

Heap address: 0x0000000080000000, size: 2048 MB, Compressed Oops mode: 32-bit

CDS archive(s) mapped at: [0x000001d8b2000000-0x000001d8b2ba0000-0x000001d8b2ba0000), size 12189696, SharedBaseAddress: 0x000001d8b2000000, ArchiveRelocationMode: 1.
Compressed class space mapped at: 0x000001d8b3000000-0x000001d8f3000000, reserved size: 1073741824
Narrow klass base: 0x000001d8b2000000, Narrow klass shift: 0, Narrow klass range: 0x100000000

GC Precious Log:
 CardTable entry size: 512
 CPUs: 16 total, 16 available
 Memory: 7893M
 Large Page Support: Disabled
 NUMA Support: Disabled
 Compressed Oops: Enabled (32-bit)
 Alignments: Space 512K, Generation 512K, Heap 2M
 Heap Min Capacity: 100M
 Heap Initial Capacity: 100M
 Heap Max Capacity: 2G
 Pre-touch: Disabled
 Parallel Workers: 13

Heap:
 PSYoungGen      total 29696K, used 17840K [0x00000000d5580000, 0x00000000d7680000, 0x0000000100000000)
  eden space 25600K, 53% used [0x00000000d5580000,0x00000000d62ef7d8,0x00000000d6e80000)
  from space 4096K, 99% used [0x00000000d6e80000,0x00000000d727c880,0x00000000d7280000)
  to   space 4096K, 0% used [0x00000000d7280000,0x00000000d7280000,0x00000000d7680000)
 ParOldGen       total 68608K, used 2659K [0x0000000080000000, 0x0000000084300000, 0x00000000d5580000)
  object space 68608K, 3% used [0x0000000080000000,0x0000000080298e80,0x0000000084300000)
 Metaspace       used 14696K, committed 15296K, reserved 1114112K
  class space    used 1555K, committed 1792K, reserved 1048576K

Card table byte_map: [0x000001d89a9f0000,0x000001d89ae00000] _byte_map_base: 0x000001d89a5f0000

Marking Bits: (ParMarkBitMap*) 0x00007ff9c4bf3450
 Begin Bits: [0x000001d8ad500000, 0x000001d8af500000)
 End Bits:   [0x000001d8af500000, 0x000001d8b1500000)

Polling page: 0x000001d898bc0000

Metaspace:

Usage:
  Non-class:     12.83 MB used.
      Class:      1.52 MB used.
       Both:     14.35 MB used.

Virtual space:
  Non-class space:       64.00 MB reserved,      13.19 MB ( 21%) committed,  1 nodes.
      Class space:        1.00 GB reserved,       1.75 MB ( <1%) committed,  1 nodes.
             Both:        1.06 GB reserved,      14.94 MB (  1%) committed. 

Chunk freelists:
   Non-Class:  2.82 MB
       Class:  14.26 MB
        Both:  17.09 MB

MaxMetaspaceSize: unlimited
CompressedClassSpaceSize: 1.00 GB
Initial GC threshold: 21.00 MB
Current GC threshold: 21.00 MB
CDS: on
 - commit_granule_bytes: 65536.
 - commit_granule_words: 8192.
 - virtual_space_node_default_size: 8388608.
 - enlarge_chunks_in_place: 1.
 - use_allocation_guard: 0.


Internal statistics:

num_allocs_failed_limit: 0.
num_arena_births: 454.
num_arena_deaths: 0.
num_vsnodes_births: 2.
num_vsnodes_deaths: 0.
num_space_committed: 239.
num_space_uncommitted: 0.
num_chunks_returned_to_freelist: 0.
num_chunks_taken_from_freelist: 978.
num_chunk_merges: 0.
num_chunk_splits: 614.
num_chunks_enlarged: 381.
num_inconsistent_stats: 0.

CodeHeap 'non-profiled nmethods': size=119168Kb used=1058Kb max_used=1058Kb free=118109Kb
 bounds [0x000001d8a5df0000, 0x000001d8a6060000, 0x000001d8ad250000]
CodeHeap 'profiled nmethods': size=119104Kb used=5078Kb max_used=5078Kb free=114025Kb
 bounds [0x000001d89e250000, 0x000001d89e750000, 0x000001d8a56a0000]
CodeHeap 'non-nmethods': size=7488Kb used=2961Kb max_used=2977Kb free=4526Kb
 bounds [0x000001d8a56a0000, 0x000001d8a5990000, 0x000001d8a5df0000]
CodeCache: size=245760Kb, used=9097Kb, max_used=9113Kb, free=236660Kb
 total_blobs=3162, nmethods=2625, adapters=440, full_count=0
Compilation: enabled, stopped_count=0, restarted_count=0

Compilation events (20 events):
Event: 4.926 Thread 0x000001d8f4131aa0 nmethod 2613 0x000001d89e740910 code [0x000001d89e740c00, 0x000001d89e7418d8]
Event: 4.926 Thread 0x000001d8f3e77dd0 2618       3       org.eclipse.osgi.internal.framework.FilterImpl$Item::matches0 (15 bytes)
Event: 4.926 Thread 0x000001d8f4132150 nmethod 2617 0x000001d89e741e90 code [0x000001d89e742040, 0x000001d89e7421a8]
Event: 4.926 Thread 0x000001d8f3e77dd0 nmethod 2618 0x000001d89e742290 code [0x000001d89e742440, 0x000001d89e742668]
Event: 4.931 Thread 0x000001d8f3f3caf0 2619       3       java.lang.invoke.DirectMethodHandle$Holder::newInvokeSpecial (24 bytes)
Event: 4.931 Thread 0x000001d8f4131aa0 2620       3       org.apache.felix.scr.impl.logger.ScrLogManager$ScrLoggerFacade::isLogEnabled (109 bytes)
Event: 4.931 Thread 0x000001d8f4132150 2621       3       org.apache.felix.scr.impl.logger.LogManager$LoggerFacade::getLogger (34 bytes)
Event: 4.931 Thread 0x000001d8f3f3caf0 nmethod 2619 0x000001d89e742790 code [0x000001d89e742980, 0x000001d89e743108]
Event: 4.931 Thread 0x000001d8f3f3caf0 2622       3       org.osgi.service.log.LogLevel::implies (15 bytes)
Event: 4.932 Thread 0x000001d8f3f3caf0 nmethod 2622 0x000001d89e743310 code [0x000001d89e7434c0, 0x000001d89e743668]
Event: 4.932 Thread 0x000001d8f4132150 nmethod 2621 0x000001d89e743710 code [0x000001d89e7438c0, 0x000001d89e743a90]
Event: 4.932 Thread 0x000001d8f4131aa0 nmethod 2620 0x000001d89e743b90 code [0x000001d89e743e20, 0x000001d89e744a00]
Event: 4.935 Thread 0x000001d8f3f3caf0 2623       1       java.lang.reflect.Method::getReturnType (5 bytes)
Event: 4.935 Thread 0x000001d8f3f3caf0 nmethod 2623 0x000001d8a5ef8490 code [0x000001d8a5ef8620, 0x000001d8a5ef86e8]
Event: 4.935 Thread 0x000001d8f4131aa0 2624       3       java.lang.Class::reflectionData (43 bytes)
Event: 4.935 Thread 0x000001d8f4131aa0 nmethod 2624 0x000001d89e744d90 code [0x000001d89e744f60, 0x000001d89e745358]
Event: 4.948 Thread 0x000001d8f3f3caf0 2625       3       org.eclipse.osgi.internal.log.LoggerImpl::isDebugEnabled (11 bytes)
Event: 4.948 Thread 0x000001d8f4131aa0 2626       1       java.lang.reflect.Constructor::getModifiers (5 bytes)
Event: 4.948 Thread 0x000001d8f4131aa0 nmethod 2626 0x000001d8a5ef8790 code [0x000001d8a5ef8920, 0x000001d8a5ef89e8]
Event: 4.948 Thread 0x000001d8f3f3caf0 nmethod 2625 0x000001d89e745490 code [0x000001d89e745640, 0x000001d89e745828]

GC Heap History (6 events):
Event: 0.723 GC heap before
{Heap before GC invocations=1 (full 0):
 PSYoungGen      total 29696K, used 25600K [0x00000000d5580000, 0x00000000d7680000, 0x0000000100000000)
  eden space 25600K, 100% used [0x00000000d5580000,0x00000000d6e80000,0x00000000d6e80000)
  from space 4096K, 0% used [0x00000000d7280000,0x00000000d7280000,0x00000000d7680000)
  to   space 4096K, 0% used [0x00000000d6e80000,0x00000000d6e80000,0x00000000d7280000)
 ParOldGen       total 68608K, used 0K [0x0000000080000000, 0x0000000084300000, 0x00000000d5580000)
  object space 68608K, 0% used [0x0000000080000000,0x0000000080000000,0x0000000084300000)
 Metaspace       used 4156K, committed 4416K, reserved 1114112K
  class space    used 453K, committed 576K, reserved 1048576K
}
Event: 0.736 GC heap after
{Heap after GC invocations=1 (full 0):
 PSYoungGen      total 29696K, used 3691K [0x00000000d5580000, 0x00000000d7680000, 0x0000000100000000)
  eden space 25600K, 0% used [0x00000000d5580000,0x00000000d5580000,0x00000000d6e80000)
  from space 4096K, 90% used [0x00000000d6e80000,0x00000000d721aff0,0x00000000d7280000)
  to   space 4096K, 0% used [0x00000000d7280000,0x00000000d7280000,0x00000000d7680000)
 ParOldGen       total 68608K, used 16K [0x0000000080000000, 0x0000000084300000, 0x00000000d5580000)
  object space 68608K, 0% used [0x0000000080000000,0x0000000080004000,0x0000000084300000)
 Metaspace       used 4156K, committed 4416K, reserved 1114112K
  class space    used 453K, committed 576K, reserved 1048576K
}
Event: 1.787 GC heap before
{Heap before GC invocations=2 (full 0):
 PSYoungGen      total 29696K, used 29291K [0x00000000d5580000, 0x00000000d7680000, 0x0000000100000000)
  eden space 25600K, 100% used [0x00000000d5580000,0x00000000d6e80000,0x00000000d6e80000)
  from space 4096K, 90% used [0x00000000d6e80000,0x00000000d721aff0,0x00000000d7280000)
  to   space 4096K, 0% used [0x00000000d7280000,0x00000000d7280000,0x00000000d7680000)
 ParOldGen       total 68608K, used 16K [0x0000000080000000, 0x0000000084300000, 0x00000000d5580000)
  object space 68608K, 0% used [0x0000000080000000,0x0000000080004000,0x0000000084300000)
 Metaspace       used 7980K, committed 8256K, reserved 1114112K
  class space    used 831K, committed 960K, reserved 1048576K
}
Event: 1.797 GC heap after
{Heap after GC invocations=2 (full 0):
 PSYoungGen      total 29696K, used 4086K [0x00000000d5580000, 0x00000000d7680000, 0x0000000100000000)
  eden space 25600K, 0% used [0x00000000d5580000,0x00000000d5580000,0x00000000d6e80000)
  from space 4096K, 99% used [0x00000000d7280000,0x00000000d767d810,0x00000000d7680000)
  to   space 4096K, 0% used [0x00000000d6e80000,0x00000000d6e80000,0x00000000d7280000)
 ParOldGen       total 68608K, used 1055K [0x0000000080000000, 0x0000000084300000, 0x00000000d5580000)
  object space 68608K, 1% used [0x0000000080000000,0x0000000080107e50,0x0000000084300000)
 Metaspace       used 7980K, committed 8256K, reserved 1114112K
  class space    used 831K, committed 960K, reserved 1048576K
}
Event: 2.825 GC heap before
{Heap before GC invocations=3 (full 0):
 PSYoungGen      total 29696K, used 29686K [0x00000000d5580000, 0x00000000d7680000, 0x0000000100000000)
  eden space 25600K, 100% used [0x00000000d5580000,0x00000000d6e80000,0x00000000d6e80000)
  from space 4096K, 99% used [0x00000000d7280000,0x00000000d767d810,0x00000000d7680000)
  to   space 4096K, 0% used [0x00000000d6e80000,0x00000000d6e80000,0x00000000d7280000)
 ParOldGen       total 68608K, used 1055K [0x0000000080000000, 0x0000000084300000, 0x00000000d5580000)
  object space 68608K, 1% used [0x0000000080000000,0x0000000080107e50,0x0000000084300000)
 Metaspace       used 12664K, committed 13248K, reserved 1114112K
  class space    used 1344K, committed 1600K, reserved 1048576K
}
Event: 2.832 GC heap after
{Heap after GC invocations=3 (full 0):
 PSYoungGen      total 29696K, used 4082K [0x00000000d5580000, 0x00000000d7680000, 0x0000000100000000)
  eden space 25600K, 0% used [0x00000000d5580000,0x00000000d5580000,0x00000000d6e80000)
  from space 4096K, 99% used [0x00000000d6e80000,0x00000000d727c880,0x00000000d7280000)
  to   space 4096K, 0% used [0x00000000d7280000,0x00000000d7280000,0x00000000d7680000)
 ParOldGen       total 68608K, used 2659K [0x0000000080000000, 0x0000000084300000, 0x00000000d5580000)
  object space 68608K, 3% used [0x0000000080000000,0x0000000080298e80,0x0000000084300000)
 Metaspace       used 12664K, committed 13248K, reserved 1114112K
  class space    used 1344K, committed 1600K, reserved 1048576K
}

Dll operation events (9 events):
Event: 0.013 Loaded shared library c:\Users\Yassine\.vscode\extensions\redhat.java-1.54.0-win32-x64\jre\21.0.10-win32-x86_64\bin\java.dll
Event: 0.105 Loaded shared library c:\Users\Yassine\.vscode\extensions\redhat.java-1.54.0-win32-x64\jre\21.0.10-win32-x86_64\bin\zip.dll
Event: 0.140 Loaded shared library C:\Users\Yassine\.vscode\extensions\redhat.java-1.54.0-win32-x64\jre\21.0.10-win32-x86_64\bin\instrument.dll
Event: 0.148 Loaded shared library C:\Users\Yassine\.vscode\extensions\redhat.java-1.54.0-win32-x64\jre\21.0.10-win32-x86_64\bin\net.dll
Event: 0.152 Loaded shared library C:\Users\Yassine\.vscode\extensions\redhat.java-1.54.0-win32-x64\jre\21.0.10-win32-x86_64\bin\nio.dll
Event: 0.155 Loaded shared library C:\Users\Yassine\.vscode\extensions\redhat.java-1.54.0-win32-x64\jre\21.0.10-win32-x86_64\bin\zip.dll
Event: 0.181 Loaded shared library C:\Users\Yassine\.vscode\extensions\redhat.java-1.54.0-win32-x64\jre\21.0.10-win32-x86_64\bin\jimage.dll
Event: 0.272 Loaded shared library c:\Users\Yassine\.vscode\extensions\redhat.java-1.54.0-win32-x64\jre\21.0.10-win32-x86_64\bin\verify.dll
Event: 1.922 Loaded shared library C:\Users\Yassine\AppData\Roaming\Code\User\globalStorage\redhat.java\1.54.0\config_ss_win\org.eclipse.equinox.launcher\org.eclipse.equinox.launcher.win32.win32.x86_64_1.3.0.v20260203-2149\eclipse_11919.dll

Deoptimization events (20 events):
Event: 2.369 Thread 0x000001d8fa10b7f0 Uncommon trap: trap_request=0xffffffc6 fr.pc=0x000001d8a5ec75e8 relative=0x00000000000013e8
Event: 2.369 Thread 0x000001d8fa10b7f0 Uncommon trap: reason=bimorphic_or_optimized_type_check action=maybe_recompile pc=0x000001d8a5ec75e8 method=java.io.DataInputStream.readFully([BII)V @ 30 c2
Event: 2.369 Thread 0x000001d8fa10b7f0 DEOPT PACKING pc=0x000001d8a5ec75e8 sp=0x000000a5908fb970
Event: 2.369 Thread 0x000001d8fa10b7f0 DEOPT UNPACKING pc=0x000001d8a56f6da2 sp=0x000000a5908fb968 mode 2
Event: 2.369 Thread 0x000001d8fa10b7f0 Uncommon trap: trap_request=0xffffffc6 fr.pc=0x000001d8a5ec75e8 relative=0x00000000000013e8
Event: 2.369 Thread 0x000001d8fa10b7f0 Uncommon trap: reason=bimorphic_or_optimized_type_check action=maybe_recompile pc=0x000001d8a5ec75e8 method=java.io.DataInputStream.readFully([BII)V @ 30 c2
Event: 2.369 Thread 0x000001d8fa10b7f0 DEOPT PACKING pc=0x000001d8a5ec75e8 sp=0x000000a5908fb970
Event: 2.369 Thread 0x000001d8fa10b7f0 DEOPT UNPACKING pc=0x000001d8a56f6da2 sp=0x000000a5908fb968 mode 2
Event: 2.369 Thread 0x000001d8fa10b7f0 Uncommon trap: trap_request=0xffffffc6 fr.pc=0x000001d8a5ec75e8 relative=0x00000000000013e8
Event: 2.369 Thread 0x000001d8fa10b7f0 Uncommon trap: reason=bimorphic_or_optimized_type_check action=maybe_recompile pc=0x000001d8a5ec75e8 method=java.io.DataInputStream.readFully([BII)V @ 30 c2
Event: 2.369 Thread 0x000001d8fa10b7f0 DEOPT PACKING pc=0x000001d8a5ec75e8 sp=0x000000a5908fb970
Event: 2.369 Thread 0x000001d8fa10b7f0 DEOPT UNPACKING pc=0x000001d8a56f6da2 sp=0x000000a5908fb968 mode 2
Event: 3.924 Thread 0x000001d8fa10b7f0 Uncommon trap: trap_request=0xffffff45 fr.pc=0x000001d8a5ee471c relative=0x00000000000012fc
Event: 3.924 Thread 0x000001d8fa10b7f0 Uncommon trap: reason=unstable_if action=reinterpret pc=0x000001d8a5ee471c method=java.util.Properties.loadConvert([CIILjava/lang/StringBuilder;)Ljava/lang/String; @ 491 c2
Event: 3.924 Thread 0x000001d8fa10b7f0 DEOPT PACKING pc=0x000001d8a5ee471c sp=0x000000a5908f7d90
Event: 3.924 Thread 0x000001d8fa10b7f0 DEOPT UNPACKING pc=0x000001d8a56f6da2 sp=0x000000a5908f7d80 mode 2
Event: 4.220 Thread 0x000001d8fa10b7f0 Uncommon trap: trap_request=0xffffff45 fr.pc=0x000001d8a5e3b374 relative=0x0000000000000054
Event: 4.220 Thread 0x000001d8fa10b7f0 Uncommon trap: reason=unstable_if action=reinterpret pc=0x000001d8a5e3b374 method=java.lang.CharacterData.of(I)Ljava/lang/CharacterData; @ 4 c2
Event: 4.220 Thread 0x000001d8fa10b7f0 DEOPT PACKING pc=0x000001d8a5e3b374 sp=0x000000a5908f9100
Event: 4.220 Thread 0x000001d8fa10b7f0 DEOPT UNPACKING pc=0x000001d8a56f6da2 sp=0x000000a5908f9098 mode 2

Classes loaded (20 events):
Event: 4.551 Loading class java/util/stream/ReferencePipeline$StatefulOp done
Event: 4.551 Loading class java/util/stream/SortedOps$OfRef done
Event: 4.552 Loading class java/util/stream/SortedOps$RefSortingSink
Event: 4.552 Loading class java/util/stream/SortedOps$AbstractRefSortingSink
Event: 4.552 Loading class java/util/stream/SortedOps$AbstractRefSortingSink done
Event: 4.553 Loading class java/util/stream/SortedOps$RefSortingSink done
Event: 4.681 Loading class java/util/zip/ZipOutputStream
Event: 4.682 Loading class java/util/zip/DeflaterOutputStream
Event: 4.686 Loading class java/util/zip/DeflaterOutputStream done
Event: 4.687 Loading class java/util/zip/ZipOutputStream done
Event: 4.687 Loading class java/util/concurrent/ExecutionException
Event: 4.687 Loading class java/util/concurrent/ExecutionException done
Event: 4.728 Loading class java/io/FilenameFilter
Event: 4.728 Loading class java/io/FilenameFilter done
Event: 4.828 Loading class java/util/function/LongUnaryOperator
Event: 4.829 Loading class java/util/function/LongUnaryOperator done
Event: 4.830 Loading class java/lang/ThreadDeath
Event: 4.832 Loading class java/lang/ThreadDeath done
Event: 4.872 Loading class java/util/stream/SortedOps$SizedRefSortingSink
Event: 4.873 Loading class java/util/stream/SortedOps$SizedRefSortingSink done

Classes unloaded (0 events):
No events

Classes redefined (0 events):
No events

Internal exceptions (20 events):
Event: 3.150 Thread 0x000001d8fa10b7f0 Exception <a 'java/lang/NoSuchMethodError'{0x00000000d58a09e0}: 'java.lang.Object java.lang.invoke.DirectMethodHandle$Holder.invokeVirtual(java.lang.Object, java.lang.Object, java.lang.Object)'> (0x00000000d58a09e0) 
thrown [s\src\hotspot\share\interpreter\linkResolver.cpp, line 773]
Event: 3.194 Thread 0x000001d8fa10b7f0 Exception <a 'java/lang/NoSuchMethodError'{0x00000000d58b8478}: 'java.lang.Object java.lang.invoke.DelegatingMethodHandle$Holder.reinvoke_L(java.lang.Object, java.lang.Object, java.lang.Object, java.lang.Object, int, int)'> (0x00000000d58b8478) 
thrown [s\src\hotspot\share\interpreter\linkResolver.cpp, line 773]
Event: 3.202 Thread 0x000001d8fa10b7f0 Exception <a 'java/lang/NoSuchMethodError'{0x00000000d58d48b0}: 'java.lang.Object java.lang.invoke.DirectMethodHandle$Holder.newInvokeSpecial(java.lang.Object, java.lang.Object, java.lang.Object, java.lang.Object, java.lang.Object, java.lang.Object)'> (0x00000000d58d48b0) 
thrown [s\src\hotspot\share\interpreter\linkResolver.cpp, line 773]
Event: 3.219 Thread 0x000001d8fa10b7f0 Exception <a 'java/lang/NoSuchMethodError'{0x00000000d591b698}: 'void java.lang.invoke.Invokers$Holder.invokeExact_MT(java.lang.Object, java.lang.Object, java.lang.Object, java.lang.Object)'> (0x00000000d591b698) 
thrown [s\src\hotspot\share\interpreter\linkResolver.cpp, line 773]
Event: 3.778 Thread 0x000001d8fa10b7f0 Exception <a 'java/io/FileNotFoundException'{0x00000000d5a62990}> (0x00000000d5a62990) 
thrown [s\src\hotspot\share\prims\jni.cpp, line 520]
Event: 3.838 Thread 0x000001d8fa10b7f0 Exception <a 'java/io/FileNotFoundException'{0x00000000d5a69c70}> (0x00000000d5a69c70) 
thrown [s\src\hotspot\share\prims\jni.cpp, line 520]
Event: 4.727 Thread 0x000001d8fa10b7f0 Exception <a 'java/lang/NoSuchMethodError'{0x00000000d5fca7a0}: 'java.lang.Object java.lang.invoke.DirectMethodHandle$Holder.newInvokeSpecial(java.lang.Object, java.lang.Object, java.lang.Object, java.lang.Object, java.lang.Object)'> (0x00000000d5fca7a0) 
thrown [s\src\hotspot\share\interpreter\linkResolver.cpp, line 773]
Event: 4.818 Thread 0x000001d8fa10b7f0 Exception <a 'java/lang/NoSuchMethodError'{0x00000000d60a9e58}: 'java.lang.Object java.lang.invoke.DirectMethodHandle$Holder.invokeSpecial(java.lang.Object, java.lang.Object, java.lang.Object, long, java.lang.Object)'> (0x00000000d60a9e58) 
thrown [s\src\hotspot\share\interpreter\linkResolver.cpp, line 773]
Event: 4.822 Thread 0x000001d8fa10b7f0 Exception <a 'java/lang/NoSuchMethodError'{0x00000000d60b18e0}: 'java.lang.Object java.lang.invoke.DirectMethodHandle$Holder.newInvokeSpecial(java.lang.Object, java.lang.Object, java.lang.Object, long)'> (0x00000000d60b18e0) 
thrown [s\src\hotspot\share\interpreter\linkResolver.cpp, line 773]
Event: 4.825 Thread 0x000001d8fa10b7f0 Exception <a 'java/lang/NoSuchMethodError'{0x00000000d60b5c90}: 'java.lang.Object java.lang.invoke.DirectMethodHandle$Holder.invokeSpecial(java.lang.Object, java.lang.Object, java.lang.Object, java.lang.Object, long)'> (0x00000000d60b5c90) 
thrown [s\src\hotspot\share\interpreter\linkResolver.cpp, line 773]
Event: 4.826 Thread 0x000001d8fa10b7f0 Exception <a 'java/lang/NoSuchMethodError'{0x00000000d60b98b0}: 'java.lang.Object java.lang.invoke.Invokers$Holder.linkToTargetMethod(java.lang.Object, java.lang.Object, long, java.lang.Object)'> (0x00000000d60b98b0) 
thrown [s\src\hotspot\share\interpreter\linkResolver.cpp, line 773]
Event: 4.869 Thread 0x000001d8fa10b7f0 Exception <a 'java/lang/NoSuchMethodError'{0x00000000d6111b90}: 'int java.lang.invoke.DirectMethodHandle$Holder.invokeStaticInit(java.lang.Object, java.lang.Object, java.lang.Object)'> (0x00000000d6111b90) 
thrown [s\src\hotspot\share\interpreter\linkResolver.cpp, line 773]
Event: 4.915 Thread 0x000001d8fa10b7f0 Exception <a 'java/lang/IncompatibleClassChangeError'{0x00000000d61c4f00}: Found class java.lang.Object, but interface was expected> (0x00000000d61c4f00) 
thrown [s\src\hotspot\share\interpreter\linkResolver.cpp, line 840]
Event: 4.918 Thread 0x000001d8fa10b7f0 Exception <a 'java/lang/NoSuchMethodError'{0x00000000d61c8ab0}: 'java.lang.Object java.lang.invoke.DirectMethodHandle$Holder.invokeSpecial(java.lang.Object, java.lang.Object, java.lang.Object, int, java.lang.Object, java.lang.Object)'> (0x00000000d61c8ab0) 
thrown [s\src\hotspot\share\interpreter\linkResolver.cpp, line 773]
Event: 4.921 Thread 0x000001d8fa10b7f0 Exception <a 'java/lang/NoSuchMethodError'{0x00000000d61d0588}: 'java.lang.Object java.lang.invoke.DirectMethodHandle$Holder.newInvokeSpecial(java.lang.Object, java.lang.Object, java.lang.Object, int, java.lang.Object)'> (0x00000000d61d0588) 
thrown [s\src\hotspot\share\interpreter\linkResolver.cpp, line 773]
Event: 4.921 Thread 0x000001d8fa10b7f0 Exception <a 'java/lang/NoSuchMethodError'{0x00000000d61d4508}: 'java.lang.Object java.lang.invoke.DirectMethodHandle$Holder.invokeSpecial(java.lang.Object, java.lang.Object, java.lang.Object, java.lang.Object, int, java.lang.Object)'> (0x00000000d61d4508) 
thrown [s\src\hotspot\share\interpreter\linkResolver.cpp, line 773]
Event: 4.922 Thread 0x000001d8fa10b7f0 Exception <a 'java/lang/NoSuchMethodError'{0x00000000d61d8048}: 'java.lang.Object java.lang.invoke.Invokers$Holder.linkToTargetMethod(java.lang.Object, java.lang.Object, int, java.lang.Object, java.lang.Object)'> (0x00000000d61d8048) 
thrown [s\src\hotspot\share\interpreter\linkResolver.cpp, line 773]
Event: 4.923 Thread 0x000001d8fa6cd570 Exception <a 'java/lang/NoSuchMethodError'{0x00000000d613bc08}: 'java.lang.Object java.lang.invoke.DirectMethodHandle$Holder.invokeSpecial(java.lang.Object, java.lang.Object, int, java.lang.Object, java.lang.Object)'> (0x00000000d613bc08) 
thrown [s\src\hotspot\share\interpreter\linkResolver.cpp, line 773]
Event: 4.924 Thread 0x000001d8fa6cd570 Exception <a 'java/lang/NoSuchMethodError'{0x00000000d6142940}: 'java.lang.Object java.lang.invoke.DirectMethodHandle$Holder.newInvokeSpecial(java.lang.Object, java.lang.Object, int, java.lang.Object)'> (0x00000000d6142940) 
thrown [s\src\hotspot\share\interpreter\linkResolver.cpp, line 773]
Event: 4.925 Thread 0x000001d8fa6cd570 Exception <a 'java/lang/NoSuchMethodError'{0x00000000d6146220}: 'java.lang.Object java.lang.invoke.DirectMethodHandle$Holder.invokeSpecial(java.lang.Object, java.lang.Object, java.lang.Object, int, java.lang.Object)'> (0x00000000d6146220) 
thrown [s\src\hotspot\share\interpreter\linkResolver.cpp, line 773]

ZGC Phase Switch (0 events):
No events

VM Operations (20 events):
Event: 1.643 Executing non-safepoint VM operation: HandshakeAllThreads (Deoptimize)
Event: 1.643 Executing non-safepoint VM operation: HandshakeAllThreads (Deoptimize) done
Event: 1.664 Executing non-safepoint VM operation: HandshakeAllThreads (Deoptimize)
Event: 1.664 Executing non-safepoint VM operation: HandshakeAllThreads (Deoptimize) done
Event: 1.787 Executing safepoint VM operation: ParallelGCFailedAllocation (Allocation Failure)
Event: 1.797 Executing safepoint VM operation: ParallelGCFailedAllocation (Allocation Failure) done
Event: 2.154 Executing non-safepoint VM operation: HandshakeAllThreads (Deoptimize)
Event: 2.154 Executing non-safepoint VM operation: HandshakeAllThreads (Deoptimize) done
Event: 2.611 Executing non-safepoint VM operation: HandshakeAllThreads (Deoptimize)
Event: 2.611 Executing non-safepoint VM operation: HandshakeAllThreads (Deoptimize) done
Event: 2.825 Executing safepoint VM operation: ParallelGCFailedAllocation (Allocation Failure)
Event: 2.832 Executing safepoint VM operation: ParallelGCFailedAllocation (Allocation Failure) done
Event: 3.843 Executing safepoint VM operation: Cleanup
Event: 3.843 Executing safepoint VM operation: Cleanup done
Event: 3.987 Executing non-safepoint VM operation: HandshakeAllThreads (Deoptimize)
Event: 3.987 Executing non-safepoint VM operation: HandshakeAllThreads (Deoptimize) done
Event: 4.014 Executing non-safepoint VM operation: HandshakeAllThreads (Deoptimize)
Event: 4.015 Executing non-safepoint VM operation: HandshakeAllThreads (Deoptimize) done
Event: 4.222 Executing non-safepoint VM operation: HandshakeAllThreads (Deoptimize)
Event: 4.222 Executing non-safepoint VM operation: HandshakeAllThreads (Deoptimize) done

Memory protections (0 events):
No events

Nmethod flushes (0 events):
No events

Events (20 events):
Event: 0.049 Thread 0x000001d89b056ee0 Thread added: 0x000001d89aff6110
Event: 0.049 Thread 0x000001d89b056ee0 Thread added: 0x000001d89affd840
Event: 0.050 Thread 0x000001d89b056ee0 Thread added: 0x000001d8f3e68a80
Event: 0.050 Thread 0x000001d89b056ee0 Thread added: 0x000001d8f3e77dd0
Event: 0.060 Thread 0x000001d8f3e77dd0 Thread added: 0x000001d8f3f3caf0
Event: 0.117 Thread 0x000001d8f3e68a80 Thread added: 0x000001d8f40367b0
Event: 0.143 Thread 0x000001d89b056ee0 Thread added: 0x000001d8f40777e0
Event: 0.210 Thread 0x000001d8f3e77dd0 Thread added: 0x000001d8f4131aa0
Event: 0.210 Thread 0x000001d8f3e77dd0 Thread added: 0x000001d8f4132150
Event: 0.379 Thread 0x000001d89b056ee0 Thread added: 0x000001d8f5778f90
Event: 1.530 Thread 0x000001d89b056ee0 Thread added: 0x000001d8f5f04150
Event: 1.576 Thread 0x000001d8f3f3caf0 Thread added: 0x000001d8f5f0cf10
Event: 1.896 Thread 0x000001d89b056ee0 Thread added: 0x000001d8fa351930
Event: 1.909 Thread 0x000001d89b056ee0 Thread added: 0x000001d8fa10b7f0
Event: 2.137 Thread 0x000001d8fa10b7f0 Thread added: 0x000001d8fa218d10
Event: 2.583 Thread 0x000001d8f5f0cf10 Thread exited: 0x000001d8f5f0cf10
Event: 2.592 Thread 0x000001d8f40367b0 Thread exited: 0x000001d8f40367b0
Event: 2.709 Thread 0x000001d8fa10b7f0 Thread added: 0x000001d8f5f0cf10
Event: 4.837 Thread 0x000001d8fa10b7f0 Thread added: 0x000001d8fa6cd570
Event: 4.930 Thread 0x000001d8fa10b7f0 Thread added: 0x000001d8fa6cf340


Dynamic libraries:
0x00007ff60bd10000 - 0x00007ff60bd1e000 	c:\Users\Yassine\.vscode\extensions\redhat.java-1.54.0-win32-x64\jre\21.0.10-win32-x86_64\bin\java.exe
0x00007ffa3aa20000 - 0x00007ffa3ac87000 	C:\WINDOWS\SYSTEM32\ntdll.dll
0x00007ffa03ee0000 - 0x00007ffa03f01000 	C:\Program Files\Avast Software\Avast\aswhook.dll
0x00007ffa39660000 - 0x00007ffa39729000 	C:\WINDOWS\System32\KERNEL32.DLL
0x00007ffa37850000 - 0x00007ffa37c44000 	C:\WINDOWS\System32\KERNELBASE.dll
0x00007ffa372f0000 - 0x00007ffa3743b000 	C:\WINDOWS\System32\ucrtbase.dll
0x00007ffa1f960000 - 0x00007ffa1f978000 	c:\Users\Yassine\.vscode\extensions\redhat.java-1.54.0-win32-x64\jre\21.0.10-win32-x86_64\bin\jli.dll
0x00007ffa1f510000 - 0x00007ffa1f52e000 	c:\Users\Yassine\.vscode\extensions\redhat.java-1.54.0-win32-x64\jre\21.0.10-win32-x86_64\bin\VCRUNTIME140.dll
0x00007ffa3a2a0000 - 0x00007ffa3a465000 	C:\WINDOWS\System32\USER32.dll
0x00007ffa38780000 - 0x00007ffa387a7000 	C:\WINDOWS\System32\win32u.dll
0x00007ffa1fc10000 - 0x00007ffa1fea3000 	C:\WINDOWS\WinSxS\amd64_microsoft.windows.common-controls_6595b64144ccf1df_6.0.26100.8115_none_3e075c82e3354f9c\COMCTL32.dll
0x00007ffa39890000 - 0x00007ffa398bb000 	C:\WINDOWS\System32\GDI32.dll
0x00007ffa39040000 - 0x00007ffa390e9000 	C:\WINDOWS\System32\msvcrt.dll
0x00007ffa37670000 - 0x00007ffa3779b000 	C:\WINDOWS\System32\gdi32full.dll
0x00007ffa375c0000 - 0x00007ffa37663000 	C:\WINDOWS\System32\msvcp_win.dll
0x00007ffa399e0000 - 0x00007ffa39a12000 	C:\WINDOWS\System32\IMM32.DLL
0x00007ffa345b0000 - 0x00007ffa345bc000 	c:\Users\Yassine\.vscode\extensions\redhat.java-1.54.0-win32-x64\jre\21.0.10-win32-x86_64\bin\vcruntime140_1.dll
0x00007ff9c5430000 - 0x00007ff9c54bd000 	c:\Users\Yassine\.vscode\extensions\redhat.java-1.54.0-win32-x64\jre\21.0.10-win32-x86_64\bin\msvcp140.dll
0x00007ff9c3f30000 - 0x00007ff9c4cd1000 	c:\Users\Yassine\.vscode\extensions\redhat.java-1.54.0-win32-x64\jre\21.0.10-win32-x86_64\bin\server\jvm.dll
0x00007ffa3a920000 - 0x00007ffa3a9d6000 	C:\WINDOWS\System32\ADVAPI32.dll
0x00007ffa387b0000 - 0x00007ffa38857000 	C:\WINDOWS\System32\sechost.dll
0x00007ffa398c0000 - 0x00007ffa399d8000 	C:\WINDOWS\System32\RPCRT4.dll
0x00007ffa390f0000 - 0x00007ffa39170000 	C:\WINDOWS\System32\WS2_32.dll
0x00007ffa37150000 - 0x00007ffa371ae000 	C:\WINDOWS\SYSTEM32\POWRPROF.dll
0x00007ffa27cb0000 - 0x00007ffa27cbb000 	C:\WINDOWS\SYSTEM32\VERSION.dll
0x00007ffa25070000 - 0x00007ffa250a6000 	C:\WINDOWS\SYSTEM32\WINMM.dll
0x00007ffa37130000 - 0x00007ffa37144000 	C:\WINDOWS\SYSTEM32\UMPDC.dll
0x00007ffa36040000 - 0x00007ffa3605b000 	C:\WINDOWS\SYSTEM32\kernel.appcore.dll
0x00007ffa22470000 - 0x00007ffa2247a000 	c:\Users\Yassine\.vscode\extensions\redhat.java-1.54.0-win32-x64\jre\21.0.10-win32-x86_64\bin\jimage.dll
0x00007ffa35220000 - 0x00007ffa35462000 	C:\WINDOWS\SYSTEM32\DBGHELP.DLL
0x00007ffa3a470000 - 0x00007ffa3a7f2000 	C:\WINDOWS\System32\combase.dll
0x00007ffa39ca0000 - 0x00007ffa39d78000 	C:\WINDOWS\System32\OLEAUT32.dll
0x00007ffa271e0000 - 0x00007ffa2721b000 	C:\WINDOWS\SYSTEM32\dbgcore.DLL
0x00007ffa377a0000 - 0x00007ffa37845000 	C:\WINDOWS\System32\bcryptPrimitives.dll
0x00007ffa22440000 - 0x00007ffa2244f000 	c:\Users\Yassine\.vscode\extensions\redhat.java-1.54.0-win32-x64\jre\21.0.10-win32-x86_64\bin\instrument.dll
0x00007ffa00360000 - 0x00007ffa00380000 	c:\Users\Yassine\.vscode\extensions\redhat.java-1.54.0-win32-x64\jre\21.0.10-win32-x86_64\bin\java.dll
0x00007ffa38860000 - 0x00007ffa38fc7000 	C:\WINDOWS\System32\SHELL32.dll
0x00007ffa37c50000 - 0x00007ffa37dba000 	C:\WINDOWS\System32\wintypes.dll
0x00007ffa37dc0000 - 0x00007ffa38628000 	C:\WINDOWS\System32\windows.storage.dll
0x00007ffa39d80000 - 0x00007ffa39e78000 	C:\WINDOWS\System32\SHCORE.dll
0x00007ffa38fd0000 - 0x00007ffa39036000 	C:\WINDOWS\System32\shlwapi.dll
0x00007ffa37210000 - 0x00007ffa37239000 	C:\WINDOWS\SYSTEM32\profapi.dll
0x00007ffa1e200000 - 0x00007ffa1e218000 	c:\Users\Yassine\.vscode\extensions\redhat.java-1.54.0-win32-x64\jre\21.0.10-win32-x86_64\bin\zip.dll
0x00007ffa1f900000 - 0x00007ffa1f910000 	C:\Users\Yassine\.vscode\extensions\redhat.java-1.54.0-win32-x64\jre\21.0.10-win32-x86_64\bin\net.dll
0x00007ffa29640000 - 0x00007ffa2976d000 	C:\WINDOWS\SYSTEM32\WINHTTP.dll
0x00007ffa36590000 - 0x00007ffa365fc000 	C:\WINDOWS\system32\mswsock.dll
0x00007ff9fdaa0000 - 0x00007ff9fdab6000 	C:\Users\Yassine\.vscode\extensions\redhat.java-1.54.0-win32-x64\jre\21.0.10-win32-x86_64\bin\nio.dll
0x00007ffa1e040000 - 0x00007ffa1e050000 	c:\Users\Yassine\.vscode\extensions\redhat.java-1.54.0-win32-x64\jre\21.0.10-win32-x86_64\bin\verify.dll
0x00007ffa0cd20000 - 0x00007ffa0cd65000 	C:\Users\Yassine\AppData\Roaming\Code\User\globalStorage\redhat.java\1.54.0\config_ss_win\org.eclipse.equinox.launcher\org.eclipse.equinox.launcher.win32.win32.x86_64_1.3.0.v20260203-2149\eclipse_11919.dll
0x00007ffa39eb0000 - 0x00007ffa3a047000 	C:\WINDOWS\System32\ole32.dll

JVMTI agents:
c:\Users\Yassine\.vscode\extensions\redhat.java-1.54.0-win32-x64\lombok\lombok-1.18.39-4050.jar path:c:\Users\Yassine\.vscode\extensions\redhat.java-1.54.0-win32-x64\jre\21.0.10-win32-x86_64\bin\instrument.dll, loaded, initialized, instrumentlib options:none

dbghelp: loaded successfully - version: 4.0.5 - missing functions: none
symbol engine: initialized successfully - sym options: 0x614 - pdb path: .;c:\Users\Yassine\.vscode\extensions\redhat.java-1.54.0-win32-x64\jre\21.0.10-win32-x86_64\bin;C:\WINDOWS\SYSTEM32;C:\Program Files\Avast Software\Avast;C:\WINDOWS\WinSxS\amd64_microsoft.windows.common-controls_6595b64144ccf1df_6.0.26100.8115_none_3e075c82e3354f9c;c:\Users\Yassine\.vscode\extensions\redhat.java-1.54.0-win32-x64\jre\21.0.10-win32-x86_64\bin\server;C:\Users\Yassine\AppData\Roaming\Code\User\globalStorage\redhat.java\1.54.0\config_ss_win\org.eclipse.equinox.launcher\org.eclipse.equinox.launcher.win32.win32.x86_64_1.3.0.v20260203-2149

VM Arguments:
jvm_args: --add-modules=ALL-SYSTEM --add-opens=java.base/java.util=ALL-UNNAMED --add-opens=java.base/java.lang=ALL-UNNAMED --add-opens=java.base/sun.nio.fs=ALL-UNNAMED -Declipse.application=org.eclipse.jdt.ls.core.id1 -Dosgi.bundles.defaultStartLevel=4 -Declipse.product=org.eclipse.jdt.ls.core.product -Djava.import.generatesMetadataFilesAtProjectRoot=false -DDetectVMInstallationsJob.disabled=true -Dfile.encoding=utf8 -XX:+UseParallelGC -XX:GCTimeRatio=4 -XX:AdaptiveSizePolicyWeight=90 -Dsun.zip.disableMemoryMapping=true -Xmx2G -Xms100m -Xlog:disable -javaagent:c:\Users\Yassine\.vscode\extensions\redhat.java-1.54.0-win32-x64\lombok\lombok-1.18.39-4050.jar 
java_command: c:\Users\Yassine\.vscode\extensions\redhat.java-1.54.0-win32-x64\server\plugins\org.eclipse.equinox.launcher_1.7.100.v20251111-0406.jar -configuration c:\Users\Yassine\AppData\Roaming\Code\User\globalStorage\redhat.java\1.54.0\config_ss_win -data c:\Users\Yassine\AppData\Roaming\Code\User\workspaceStorage\6492f56bf7caa5c017032afb33b29225\redhat.java\ss_ws --pipe=\\.\pipe\lsp-fb0907d8ba415ba01356c76a4edaac3c-sock
java_class_path (initial): c:\Users\Yassine\.vscode\extensions\redhat.java-1.54.0-win32-x64\server\plugins\org.eclipse.equinox.launcher_1.7.100.v20251111-0406.jar
Launcher Type: SUN_STANDARD

[Global flags]
    uintx AdaptiveSizePolicyWeight                 = 90                                        {product} {command line}
     intx CICompilerCount                          = 12                                        {product} {ergonomic}
    uintx GCTimeRatio                              = 4                                         {product} {command line}
   size_t InitialHeapSize                          = 104857600                                 {product} {command line}
   size_t MaxHeapSize                              = 2147483648                                {product} {command line}
   size_t MaxNewSize                               = 715653120                                 {product} {ergonomic}
   size_t MinHeapDeltaBytes                        = 524288                                    {product} {ergonomic}
   size_t MinHeapSize                              = 104857600                                 {product} {command line}
   size_t NewSize                                  = 34603008                                  {product} {ergonomic}
    uintx NonNMethodCodeHeapSize                   = 7602480                                {pd product} {ergonomic}
    uintx NonProfiledCodeHeapSize                  = 122027880                              {pd product} {ergonomic}
   size_t OldSize                                  = 70254592                                  {product} {ergonomic}
    uintx ProfiledCodeHeapSize                     = 122027880                              {pd product} {ergonomic}
    uintx ReservedCodeCacheSize                    = 251658240                              {pd product} {ergonomic}
     bool SegmentedCodeCache                       = true                                      {product} {ergonomic}
   size_t SoftMaxHeapSize                          = 2147483648                             {manageable} {ergonomic}
     bool UseCompressedOops                        = true                           {product lp64_product} {ergonomic}
     bool UseLargePagesIndividualAllocation        = false                                  {pd product} {ergonomic}
     bool UseParallelGC                            = true                                      {product} {command line}

Logging:
Log output configuration:
 #0: stdout all=off uptime,level,tags foldmultilines=false
 #1: stderr all=off uptime,level,tags foldmultilines=false

Release file:
JAVA_VERSION="21.0.10" 
MODULES="java.base java.compiler java.datatransfer java.xml java.prefs java.desktop java.instrument java.logging java.management java.security.sasl java.naming java.rmi java.management.rmi java.net.http java.scripting java.security.jgss java.transaction.xa java.sql java.sql.rowset java.xml.crypto java.se java.smartcardio jdk.accessibility jdk.internal.jvmstat jdk.attach jdk.charsets jdk.internal.opt jdk.zipfs jdk.compiler jdk.crypto.ec jdk.crypto.cryptoki jdk.crypto.mscapi jdk.dynalink jdk.internal.ed jdk.editpad jdk.hotspot.agent jdk.httpserver jdk.internal.le jdk.internal.vm.ci jdk.internal.vm.compiler jdk.internal.vm.compiler.management jdk.jartool jdk.javadoc jdk.jcmd jdk.management jdk.management.agent jdk.jconsole jdk.jdeps jdk.jdwp.agent jdk.jdi jdk.jfr jdk.jshell jdk.jsobject jdk.jstatd jdk.localedata jdk.management.jfr jdk.naming.dns jdk.naming.rmi jdk.net jdk.nio.mapmode jdk.random jdk.sctp jdk.security.auth jdk.security.jgss jdk.unsupported jdk.unsupported.desktop jdk.xml.dom" 

Environment Variables:
PATH=C:\Python312\Scripts\;C:\Python312\;C:\oraclexe\app\oracle\product\11.2.0\server\bin;C:\Program Files\Common Files\Oracle\Java\javapath;C:\Windows\system32;C:\Windows;C:\Windows\System32\Wbem;C:\Windows\System32\WindowsPowerShell\v1.0\;C:\Windows\System32\OpenSSH\;C:\Program Files (x86)\NVIDIA Corporation\PhysX\Common;C:\Program Files\NVIDIA Corporation\NVIDIA NvDLISR;C:\WINDOWS\system32;C:\WINDOWS;C:\WINDOWS\System32\Wbem;C:\WINDOWS\System32\WindowsPowerShell\v1.0\;C:\WINDOWS\System32\OpenSSH\;C:\src\dart-sdk\bin;C:\src\flutter\bin;C:\xampp\php;C:\instantclient12_2;C:\oraclexe\app\oracle\admin\XE;C:\oraclexe;C:\ProgramData\chocolatey\bin;C:\Program Files (x86)\QuickTime\QTSystem\;C:\Program Files\Vagrant\bin;C:\ProgramData\chocolatey\lib\maven\apache-maven-3.9.9\bin;C:\Program Files\Docker\Docker\resources\bin;C:\Program Files\nodejs\;C:\ProgramData\ComposerSetup\bin;C:\Program Files\dotnet\;C:\Program Files (x86)\ZeroTier\One\;C:\Program Files\Git\cmd;C:\Users\Yassine\scoop\shims;C:\Users\Yassine\AppData\Local\Microsoft\WindowsApps;C:\src\dart-sdk\bin;C:\src\flutter\bin;C:\Users\Yassine\AppData\Local\Programs\Microsoft VS Code\bin;C:\xampp\php;C:\Users\Yassine\composer;C:\Users\Yassine\AppData\Local\GitHubDesktop\bin;C:\Users\Yassine\AppData\Local\Microsoft\WinGet\Packages\Schniz.fnm_Microsoft.Winget.Source_8wekyb3d8bbwe;C:\Users\Yassine\AppData\Roaming\npm;C:\Users\Yassine\AppData\Roaming\Composer\vendor\bin;C:\Python312\pythonw.exe;C:\Users\Yassine\AppData\Local\Programs\cursor\resources\app\bin;C:\Users\Yassine\AppData\Local\Programs\Windsurf\bin
USERNAME=Yassine
OS=Windows_NT
PROCESSOR_IDENTIFIER=Intel64 Family 6 Model 141 Stepping 1, GenuineIntel
TMP=C:\Users\Yassine\AppData\Local\Temp
TEMP=C:\Users\Yassine\AppData\Local\Temp




Periodic native trim disabled

---------------  S Y S T E M  ---------------

OS:
 Windows 11 , 64 bit Build 26100 (10.0.26100.8246)
OS uptime: 13 days 3:15 hours
Hyper-V role detected

CPU: total 16 (initial active 16) (8 cores per cpu, 2 threads per core) family 6 model 141 stepping 1 microcode 0x26, cx8, cmov, fxsr, ht, mmx, 3dnowpref, sse, sse2, sse3, ssse3, sse4.1, sse4.2, popcnt, lzcnt, tsc, tscinvbit, avx, avx2, aes, erms, clmul, bmi1, bmi2, adx, avx512f, avx512dq, avx512cd, avx512bw, avx512vl, sha, fma, vzeroupper, avx512_vpopcntdq, avx512_vpclmulqdq, avx512_vaes, avx512_vnni, clflush, clflushopt, clwb, avx512_vbmi2, avx512_vbmi, hv, rdtscp, rdpid, fsrm, gfni, avx512_bitalg, f16c, cet_ibt, cet_ss, avx512_ifma
Processor Information for the first 16 processors :
  Max Mhz: 2304, Current Mhz: 2304, Mhz Limit: 2304

Memory: 4k page, system-wide physical 7893M (433M free)
TotalPageFile size 17063M (AvailPageFile size 0M)
current process WorkingSet (physical memory assigned to process): 115M, peak: 115M
current process commit charge ("private bytes"): 273M, peak: 274M

vm_info: OpenJDK 64-Bit Server VM (21.0.10+7-LTS) for windows-amd64 JRE (21.0.10+7-LTS), built on 2026-01-20T00:00:00Z by "admin" with MS VC++ 17.12 (VS2022)

END.
