#
# There is insufficient memory for the Java Runtime Environment to continue.
# Native memory allocation (mmap) failed to map 313524224 bytes for G1 virtual space
# Possible reasons:
#   The system is out of physical RAM or swap space
#   The process is running with CompressedOops enabled, and the Java Heap may be blocking the growth of the native heap
# Possible solutions:
#   Reduce memory load on the system
#   Increase physical memory or swap space
#   Check if swap backing store is full
#   Decrease Java heap size (-Xmx/-Xms)
#   Decrease number of Java threads
#   Decrease Java thread stack sizes (-Xss)
#   Set larger code cache with -XX:ReservedCodeCacheSize=
#   JVM is running with Unscaled Compressed Oops mode in which the Java heap is
#     placed in the first 4GB address space. The Java Heap base address is the
#     maximum limit for the native heap growth. Please use -XX:HeapBaseMinAddress
#     to set the Java Heap base and to place the Java Heap above 4GB virtual address.
# This output file may be truncated or incomplete.
#
#  Out of Memory Error (os_windows.cpp:3541), pid=31324, tid=17604
#
# JRE version: Java(TM) SE Runtime Environment (17.0.5+9) (build 17.0.5+9-LTS-191)
# Java VM: Java HotSpot(TM) 64-Bit Server VM (17.0.5+9-LTS-191, mixed mode, sharing, tiered, compressed oops, compressed class ptrs, g1 gc, windows-amd64)
# No core dump will be written. Minidumps are not enabled by default on client versions of Windows
#

---------------  S U M M A R Y ------------

Command Line: --module-path=C:\Users\Yassine\.m2\repository\org\openjfx\javafx-base\21.0.2\javafx-base-21.0.2-win.jar;C:\Users\Yassine\.m2\repository\org\openjfx\javafx-base\21.0.2\javafx-base-21.0.2.jar;C:\Users\Yassine\.m2\repository\org\openjfx\javafx-controls\21.0.2\javafx-controls-21.0.2-win.jar;C:\Users\Yassine\.m2\repository\org\openjfx\javafx-controls\21.0.2\javafx-controls-21.0.2.jar;C:\Users\Yassine\.m2\repository\org\openjfx\javafx-fxml\21.0.2\javafx-fxml-21.0.2-win.jar;C:\Users\Yassine\.m2\repository\org\openjfx\javafx-fxml\21.0.2\javafx-fxml-21.0.2.jar;C:\Users\Yassine\.m2\repository\org\openjfx\javafx-graphics\21.0.2\javafx-graphics-21.0.2-win.jar;C:\Users\Yassine\.m2\repository\org\openjfx\javafx-graphics\21.0.2\javafx-graphics-21.0.2.jar;C:\Users\Yassine\.m2\repository\org\openjfx\javafx-swing\21.0.2\javafx-swing-21.0.2-win.jar;C:\Users\Yassine\.m2\repository\org\openjfx\javafx-swing\21.0.2\javafx-swing-21.0.2.jar --add-modules=javafx.base,javafx.controls,javafx.fxml,javafx.graphics,javafx.swing otemps.main.Main

Host: 11th Gen Intel(R) Core(TM) i7-11800H @ 2.30GHz, 16 cores, 7G,  Windows 11 , 64 bit Build 26100 (10.0.26100.8246)
Time: Mon Apr 27 03:52:00 2026 Paris, Madrid (heure duild 26100 (10.0.26100.8246) elapsed time: 6.924062 seconds (0d 0h 0m 6s)

---------------  T H R E A D  ---------------

Current thread (0x0000020122dd15e0):  VMThread "VM Thread" [stack: 0x00000033ca900000,0x00000033caa00000] [id=17604]

Stack: [0x00000033ca900000,0x00000033caa00000]
Native frames: (J=compiled Java code, j=interpreted, Vv=VM code, C=native code)
V  [jvm.dll+0x672eea]
V  [jvm.dll+0x7d2a04]
V  [jvm.dll+0x7d41ae]
V  [jvm.dll+0x7d4813]
V  [jvm.dll+0x242c15]
V  [jvm.dll+0x66fe09]
V  [jvm.dll+0x664682]
V  [jvm.dll+0x300e8b]
V  [jvm.dll+0x308426]
V  [jvm.dll+0x357ffe]
V  [jvm.dll+0x35822f]
V  [jvm.dll+0x2d80a8]
V  [jvm.dll+0x2d6374]
V  [jvm.dll+0x2d597c]
V  [jvm.dll+0x319711]
V  [jvm.dll+0x7d8ceb]
V  [jvm.dll+0x7d9a24]
V  [jvm.dll+0x7d9f3c]
V  [jvm.dll+0x7da314]
V  [jvm.dll+0x7da3e0]
V  [jvm.dll+0x782b4a]
V  [jvm.dll+0x671d75]
C  [ucrtbase.dll+0x37b0]
C  [KERNEL32.DLL+0x2e8d7]
C  [ntdll.dll+0x8c3fc]

VM_Operation (0x00000033cd6fe890): G1TryInitiateConcMark, mode: safepoint, requested by thread 0x0000020129ad7220


---------------  P R O C E S S  ---------------

Threads class SMR info:
_java_thread_list=0x000002012c135da0, length=35, elements={
0x0000020104c6bdb0, 0x0000020122dd4f70, 0x0000020122dd5d30, 0x0000020122dee7a0,
0x0000020122def060, 0x0000020122defa10, 0x0000020122df09d0, 0x0000020122e044d0,
0x0000020122e06df0, 0x0000020124010870, 0x0000020122e0d730, 0x0000020122dc0c70,
0x0000020124186fd0, 0x0000020124552840, 0x00000201246655b0, 0x00000201247acd30,
0x00000201247cf430, 0x0000020124a71700, 0x00000201242226a0, 0x0000020124bda080,
0x0000020129ad6d50, 0x0000020129ad5ee0, 0x0000020129ad76f0, 0x0000020129ad5540,
0x0000020129ad5a10, 0x0000020129bc1e40, 0x0000020129bbeba0, 0x0000020129bc0f10,
0x0000020129ad7220, 0x0000020129ad8a30, 0x0000020129ad5070, 0x000002012ef7e360,
0x000002012ef7e830, 0x000002012ef7f6a0, 0x000002012ef7fb70
}

Java Threads: ( => current thread )
  0x0000020104c6bdb0 JavaThread "main" [_thread_blocked, id=20360, stack(0x00000033ca300000,0x00000033ca400000)]
  0x0000020122dd4f70 JavaThread "Reference Handler" daemon [_thread_blocked, id=27116, stack(0x00000033caa00000,0x00000033cab00000)]
  0x0000020122dd5d30 JavaThread "Finalizer" daemon [_thread_blocked, id=24732, stack(0x00000033cab00000,0x00000033cac00000)]
  0x0000020122dee7a0 JavaThread "Signal Dispatcher" daemon [_thread_blocked, id=31588, stack(0x00000033cac00000,0x00000033cad00000)]
  0x0000020122def060 JavaThread "Attach Listener" daemon [_thread_blocked, id=444, stack(0x00000033cad00000,0x00000033cae00000)]
  0x0000020122defa10 JavaThread "Service Thread" daemon [_thread_blocked, id=28152, stack(0x00000033cae00000,0x00000033caf00000)]
  0x0000020122df09d0 JavaThread "Monitor Deflation Thread" daemon [_thread_blocked, id=6232, stack(0x00000033caf00000,0x00000033cb000000)]
  0x0000020122e044d0 JavaThread "C2 CompilerThread0" daemon [_thread_blocked, id=14520, stack(0x00000033cb000000,0x00000033cb100000)]
  0x0000020122e06df0 JavaThread "C1 CompilerThread0" daemon [_thread_blocked, id=15888, stack(0x00000033cb100000,0x00000033cb200000)]
  0x0000020124010870 JavaThread "Sweeper thread" daemon [_thread_blocked, id=19560, stack(0x00000033cb200000,0x00000033cb300000)]
  0x0000020122e0d730 JavaThread "C1 CompilerThread1" daemon [_thread_blocked, id=240, stack(0x00000033cb300000,0x00000033cb400000)]
  0x0000020122dc0c70 JavaThread "Common-Cleaner" daemon [_thread_blocked, id=4684, stack(0x00000033cb400000,0x00000033cb500000)]
  0x0000020124186fd0 JavaThread "C1 CompilerThread2" daemon [_thread_blocked, id=10588, stack(0x00000033cb500000,0x00000033cb600000)]
  0x0000020124552840 JavaThread "Notification Thread" daemon [_thread_blocked, id=13760, stack(0x00000033cb900000,0x00000033cba00000)]
  0x00000201246655b0 JavaThread "QuantumRenderer-0" daemon [_thread_blocked, id=1848, stack(0x00000033cbb00000,0x00000033cbc00000)]
  0x00000201247acd30 JavaThread "InvokeLaterDispatcher" daemon [_thread_blocked, id=23220, stack(0x00000033cbc00000,0x00000033cbd00000)]
  0x00000201247cf430 JavaThread "JavaFX Application Thread" [_thread_in_native, id=15504, stack(0x00000033cbd00000,0x00000033cbe00000)]
  0x0000020124a71700 JavaThread "Thread-1" daemon [_thread_blocked, id=25268, stack(0x00000033cb800000,0x00000033cb900000)]
  0x00000201242226a0 JavaThread "JavaFX-Launcher" [_thread_blocked, id=32556, stack(0x00000033cb700000,0x00000033cb800000)]
  0x0000020124bda080 JavaThread "mysql-cj-abandoned-connection-cleanup" daemon [_thread_blocked, id=13496, stack(0x00000033cc600000,0x00000033cc700000)]
  0x0000020129ad6d50 JavaThread "Prism Font Disposer" daemon [_thread_blocked, id=5908, stack(0x00000033cd300000,0x00000033cd400000)]
  0x0000020129ad5ee0 JavaThread "Thread-8" [_thread_in_native, id=25392, stack(0x00000033cd800000,0x00000033cd900000)]
  0x0000020129ad76f0 JavaThread "Thread-9" [_thread_blocked, id=26316, stack(0x00000033cd900000,0x00000033cda00000)]
  0x0000020129ad5540 JavaThread "Cleaner-0" daemon [_thread_blocked, id=3136, stack(0x00000033cde00000,0x00000033cdf00000)]
  0x0000020129ad5a10 JavaThread "Keep-Alive-Timer" daemon [_thread_blocked, id=31016, stack(0x00000033ce200000,0x00000033ce300000)]
  0x0000020129bc1e40 JavaThread "C2 CompilerThread1" daemon [_thread_blocked, id=28032, stack(0x00000033cb600000,0x00000033cb700000)]
  0x0000020129bbeba0 JavaThread "C2 CompilerThread2" daemon [_thread_blocked, id=4768, stack(0x00000033cc700000,0x00000033cc800000)]
  0x0000020129bc0f10 JavaThread "C1 CompilerThread3" daemon [_thread_blocked, id=23028, stack(0x00000033cc800000,0x00000033cc900000)]
  0x0000020129ad7220 JavaThread "Thread-20" [_thread_blocked, id=10244, stack(0x00000033cd600000,0x00000033cd700000)]
  0x0000020129ad8a30 JavaThread "Thread-22" [_thread_blocked, id=26820, stack(0x00000033cda00000,0x00000033cdb00000)]
  0x0000020129ad5070 JavaThread "Thread-23" [_thread_blocked, id=31488, stack(0x00000033cdb00000,0x00000033cdc00000)]
  0x000002012ef7e360 JavaThread "Thread-24" [_thread_blocked, id=18892, stack(0x00000033cdc00000,0x00000033cdd00000)]
  0x000002012ef7e830 JavaThread "Thread-25" [_thread_in_native, id=28500, stack(0x00000033cdd00000,0x00000033cde00000)]
  0x000002012ef7f6a0 JavaThread "Thread-26" [_thread_blocked, id=20448, stack(0x00000033ce300000,0x00000033ce400000)]
  0x000002012ef7fb70 JavaThread "Thread-27" [_thread_in_native, id=32352, stack(0x00000033ce400000,0x00000033ce500000)]

Other Threads:
=>0x0000020122dd15e0 VMThread "VM Thread" [stack: 0x00000033ca900000,0x00000033caa00000] [id=17604]
  0x0000020124536680 WatcherThread [stack: 0x00000033cba00000,0x00000033cbb00000] [id=8656]
  0x0000020104cc57e0 GCTaskThread "GC Thread#0" [stack: 0x00000033ca400000,0x00000033ca500000] [id=16976]
  0x000002012477af70 GCTaskThread "GC Thread#1" [stack: 0x00000033cc100000,0x00000033cc200000] [id=19392]
  0x000002012477aa10 GCTaskThread "GC Thread#2" [stack: 0x00000033cc200000,0x00000033cc300000] [id=28776]
  0x000002012477b4d0 GCTaskThread "GC Thread#3" [stack: 0x00000033cc300000,0x00000033cc400000] [id=11092]
  0x000002012477b780 GCTaskThread "GC Thread#4" [stack: 0x00000033cc400000,0x00000033cc500000] [id=2084]
  0x000002012477bce0 GCTaskThread "GC Thread#5" [stack: 0x00000033cc500000,0x00000033cc600000] [id=23212]
  0x000002012b50d420 GCTaskThread "GC Thread#6" [stack: 0x00000033ccc00000,0x00000033ccd00000] [id=19136]
  0x000002012b50cec0 GCTaskThread "GC Thread#7" [stack: 0x00000033ccd00000,0x00000033cce00000] [id=1400]
  0x000002012b50d6d0 GCTaskThread "GC Thread#8" [stack: 0x00000033cce00000,0x00000033ccf00000] [id=21400]
  0x000002012b50cc10 GCTaskThread "GC Thread#9" [stack: 0x00000033ccf00000,0x00000033cd000000] [id=12508]
  0x000002012b50d980 GCTaskThread "GC Thread#10" [stack: 0x00000033cd000000,0x00000033cd100000] [id=23336]
  0x000002012b50e190 GCTaskThread "GC Thread#11" [stack: 0x00000033cd100000,0x00000033cd200000] [id=32280]
  0x000002012b50dc30 GCTaskThread "GC Thread#12" [stack: 0x00000033cd200000,0x00000033cd300000] [id=17400]
  0x0000020104cd5de0 ConcurrentGCThread "G1 Main Marker" [stack: 0x00000033ca500000,0x00000033ca600000] [id=32012]
  0x0000020104cda120 ConcurrentGCThread "G1 Conc#0" [stack: 0x00000033ca600000,0x00000033ca700000] [id=10776]
  0x000002012b50e440 ConcurrentGCThread "G1 Conc#1" [stack: 0x00000033cdf00000,0x00000033ce000000] [id=2780]
  0x000002012b50e6f0 ConcurrentGCThread "G1 Conc#2" [stack: 0x00000033ce000000,0x00000033ce100000] [id=11312]
  0x0000020122c75c50 ConcurrentGCThread "G1 Refine#0" [stack: 0x00000033ca700000,0x00000033ca800000] [id=19860]
  0x0000020104d2c700 ConcurrentGCThread "G1 Service" [stack: 0x00000033ca800000,0x00000033ca900000] [id=24416]

Threads with active compile tasks:
C2 CompilerThread0     6955 5701       4       com.sun.javafx.font.LogicalFont::getGlyphBoundingBox (33 bytes)
C2 CompilerThread1     6955 5704       4       javafx.scene.layout.Region::computeChildPrefAreaHeight (273 bytes)

VM state: at safepoint (normal execution)

VM Mutex/Monitor currently owned by a thread:  ([mutex/lock_event])
[0x0000020104c67d20] Threads_lock - owner thread: 0x0000020122dd15e0
[0x0000020104c67e40] Heap_lock - owner thread: 0x0000020129ad7220

Heap address: 0x0000000084a00000, size: 1974 MB, Compressed Oops mode: 32-bit

CDS archive(s) mapped at: [0x0000000800000000-0x0000000800bd0000-0x0000000800bd0000), size 12386304, SharedBaseAddress: 0x0000000800000000, ArchiveRelocationMode: 0.
Compressed class space mapped at: 0x0000000800c00000-0x0000000840c00000, reserved size: 1073741824
Narrow klass base: 0x0000000800000000, Narrow klass shift: 0, Narrow klass range: 0x100000000

GC Precious Log:
 CPUs: 16 total, 16 available
 Memory: 7893M
 Large Page Support: Disabled
 NUMA Support: Disabled
 Compressed Oops: Enabled (32-bit)
 Heap Region Size: 1M
 Heap Min Capacity: 8M
 Heap Initial Capacity: 124M
 Heap Max Capacity: 1974M
 Pre-touch: Disabled
 Parallel Workers: 13
 Concurrent Workers: 3
 Concurrent Refinement Workers: 13
 Periodic GC: Disabled

Heap:
 garbage-first heap   total 490496K, used 291346K [0x0000000084a00000, 0x0000000100000000)
  region size 1024K, 4 young (4096K), 4 survivors (4096K)
 Metaspace       used 28657K, committed 28928K, reserved 1081344K
  class space    used 3845K, committed 3968K, reserved 1048576K

Heap Regions: E=young(eden), S=young(survivor), O=old, HS=humongous(starts), HC=humongous(continues), CS=collection set, F=free, OA=open archive, CA=closed archive, TAMS=top-at-mark-start (previous, next)
|   0|0x0000000084a00000, 0x0000000084b00000, 0x0000000084b00000|100%| O|  |TAMS 0x0000000084b00000, 0x0000000084b00000| Untracked 
|   1|0x0000000084b00000, 0x0000000084c00000, 0x0000000084c00000|100%| O|  |TAMS 0x0000000084c00000, 0x0000000084c00000| Untracked 
|   2|0x0000000084c00000, 0x0000000084d00000, 0x0000000084d00000|100%| O|  |TAMS 0x0000000084d00000, 0x0000000084d00000| Untracked 
|   3|0x0000000084d00000, 0x0000000084db3800, 0x0000000084e00000| 70%| O|  |TAMS 0x0000000084db3800, 0x0000000084db3800| Untracked 
|   4|0x0000000084e00000, 0x0000000084f00000, 0x0000000084f00000|100%|HS|  |TAMS 0x0000000084f00000, 0x0000000084f00000| Complete 
|   5|0x0000000084f00000, 0x0000000085000000, 0x0000000085000000|100%|HC|  |TAMS 0x0000000085000000, 0x0000000085000000| Complete 
|   6|0x0000000085000000, 0x0000000085100000, 0x0000000085100000|100%|HS|  |TAMS 0x0000000085100000, 0x0000000085100000| Complete 
|   7|0x0000000085100000, 0x0000000085200000, 0x0000000085200000|100%|HC|  |TAMS 0x0000000085200000, 0x0000000085200000| Complete 
|   8|0x0000000085200000, 0x0000000085300000, 0x0000000085300000|100%|HS|  |TAMS 0x0000000085300000, 0x0000000085300000| Complete 
|   9|0x0000000085300000, 0x0000000085400000, 0x0000000085400000|100%|HC|  |TAMS 0x0000000085400000, 0x0000000085400000| Complete 
|  10|0x0000000085400000, 0x0000000085500000, 0x0000000085500000|100%|HC|  |TAMS 0x0000000085500000, 0x0000000085500000| Complete 
|  11|0x0000000085500000, 0x0000000085600000, 0x0000000085600000|100%|HC|  |TAMS 0x0000000085600000, 0x0000000085600000| Complete 
|  12|0x0000000085600000, 0x0000000085700000, 0x0000000085700000|100%| O|  |TAMS 0x0000000085700000, 0x0000000085700000| Untracked 
|  13|0x0000000085700000, 0x0000000085800000, 0x0000000085800000|100%| O|  |TAMS 0x0000000085800000, 0x0000000085800000| Untracked 
|  14|0x0000000085800000, 0x0000000085900000, 0x0000000085900000|100%| O|  |TAMS 0x0000000085900000, 0x0000000085900000| Untracked 
|  15|0x0000000085900000, 0x0000000085a00000, 0x0000000085a00000|100%| O|  |TAMS 0x0000000085a00000, 0x0000000085a00000| Untracked 
|  16|0x0000000085a00000, 0x0000000085b00000, 0x0000000085b00000|100%| O|  |TAMS 0x0000000085b00000, 0x0000000085b00000| Untracked 
|  17|0x0000000085b00000, 0x0000000085c00000, 0x0000000085c00000|100%| O|  |TAMS 0x0000000085c00000, 0x0000000085c00000| Untracked 
|  18|0x0000000085c00000, 0x0000000085d00000, 0x0000000085d00000|100%| O|  |TAMS 0x0000000085d00000, 0x0000000085d00000| Untracked 
|  19|0x0000000085d00000, 0x0000000085e00000, 0x0000000085e00000|100%| O|  |TAMS 0x0000000085e00000, 0x0000000085e00000| Untracked 
|  20|0x0000000085e00000, 0x0000000085f00000, 0x0000000085f00000|100%| O|  |TAMS 0x0000000085f00000, 0x0000000085f00000| Untracked 
|  21|0x0000000085f00000, 0x0000000086000000, 0x0000000086000000|100%| O|  |TAMS 0x0000000086000000, 0x0000000086000000| Untracked 
|  22|0x0000000086000000, 0x0000000086100000, 0x0000000086100000|100%| O|  |TAMS 0x0000000086100000, 0x0000000086100000| Untracked 
|  23|0x0000000086100000, 0x00000000861fee00, 0x0000000086200000| 99%| O|  |TAMS 0x00000000861fee00, 0x00000000861fee00| Untracked 
|  24|0x0000000086200000, 0x0000000086300000, 0x0000000086300000|100%|HS|  |TAMS 0x0000000086300000, 0x0000000086300000| Complete 
|  25|0x0000000086300000, 0x0000000086400000, 0x0000000086400000|100%|HS|  |TAMS 0x0000000086400000, 0x0000000086400000| Complete 
|  26|0x0000000086400000, 0x0000000086500000, 0x0000000086500000|100%|HC|  |TAMS 0x0000000086500000, 0x0000000086500000| Complete 
|  27|0x0000000086500000, 0x0000000086500000, 0x0000000086600000|  0%| F|  |TAMS 0x0000000086500000, 0x0000000086500000| Untracked 
|  28|0x0000000086600000, 0x0000000086700000, 0x0000000086700000|100%|HS|  |TAMS 0x0000000086700000, 0x0000000086700000| Complete 
|  29|0x0000000086700000, 0x0000000086800000, 0x0000000086800000|100%|HC|  |TAMS 0x0000000086800000, 0x0000000086800000| Complete 
|  30|0x0000000086800000, 0x0000000086900000, 0x0000000086900000|100%|HC|  |TAMS 0x0000000086900000, 0x0000000086900000| Complete 
|  31|0x0000000086900000, 0x0000000086a00000, 0x0000000086a00000|100%|HC|  |TAMS 0x0000000086a00000, 0x0000000086a00000| Complete 
|  32|0x0000000086a00000, 0x0000000086b00000, 0x0000000086b00000|100%|HC|  |TAMS 0x0000000086b00000, 0x0000000086b00000| Complete 
|  33|0x0000000086b00000, 0x0000000086c00000, 0x0000000086c00000|100%|HC|  |TAMS 0x0000000086c00000, 0x0000000086c00000| Complete 
|  34|0x0000000086c00000, 0x0000000086d00000, 0x0000000086d00000|100%|HC|  |TAMS 0x0000000086d00000, 0x0000000086d00000| Complete 
|  35|0x0000000086d00000, 0x0000000086e00000, 0x0000000086e00000|100%|HC|  |TAMS 0x0000000086e00000, 0x0000000086e00000| Complete 
|  36|0x0000000086e00000, 0x0000000086f00000, 0x0000000086f00000|100%|HC|  |TAMS 0x0000000086f00000, 0x0000000086f00000| Complete 
|  37|0x0000000086f00000, 0x0000000087000000, 0x0000000087000000|100%|HC|  |TAMS 0x0000000087000000, 0x0000000087000000| Complete 
|  38|0x0000000087000000, 0x0000000087100000, 0x0000000087100000|100%|HC|  |TAMS 0x0000000087100000, 0x0000000087100000| Complete 
|  39|0x0000000087100000, 0x0000000087200000, 0x0000000087200000|100%|HC|  |TAMS 0x0000000087200000, 0x0000000087200000| Complete 
|  40|0x0000000087200000, 0x0000000087300000, 0x0000000087300000|100%|HC|  |TAMS 0x0000000087300000, 0x0000000087300000| Complete 
|  41|0x0000000087300000, 0x0000000087400000, 0x0000000087400000|100%|HC|  |TAMS 0x0000000087400000, 0x0000000087400000| Complete 
|  42|0x0000000087400000, 0x0000000087500000, 0x0000000087500000|100%|HC|  |TAMS 0x0000000087500000, 0x0000000087500000| Complete 
|  43|0x0000000087500000, 0x0000000087600000, 0x0000000087600000|100%|HC|  |TAMS 0x0000000087600000, 0x0000000087600000| Complete 
|  44|0x0000000087600000, 0x0000000087700000, 0x0000000087700000|100%|HC|  |TAMS 0x0000000087700000, 0x0000000087700000| Complete 
|  45|0x0000000087700000, 0x0000000087800000, 0x0000000087800000|100%|HC|  |TAMS 0x0000000087800000, 0x0000000087800000| Complete 
|  46|0x0000000087800000, 0x0000000087900000, 0x0000000087900000|100%|HC|  |TAMS 0x0000000087900000, 0x0000000087900000| Complete 
|  47|0x0000000087900000, 0x0000000087a00000, 0x0000000087a00000|100%|HC|  |TAMS 0x0000000087a00000, 0x0000000087a00000| Complete 
|  48|0x0000000087a00000, 0x0000000087b00000, 0x0000000087b00000|100%|HC|  |TAMS 0x0000000087b00000, 0x0000000087b00000| Complete 
|  49|0x0000000087b00000, 0x0000000087c00000, 0x0000000087c00000|100%|HC|  |TAMS 0x0000000087c00000, 0x0000000087c00000| Complete 
|  50|0x0000000087c00000, 0x0000000087d00000, 0x0000000087d00000|100%|HC|  |TAMS 0x0000000087d00000, 0x0000000087d00000| Complete 
|  51|0x0000000087d00000, 0x0000000087e00000, 0x0000000087e00000|100%|HC|  |TAMS 0x0000000087e00000, 0x0000000087e00000| Complete 
|  52|0x0000000087e00000, 0x0000000087f00000, 0x0000000087f00000|100%|HC|  |TAMS 0x0000000087f00000, 0x0000000087f00000| Complete 
|  53|0x0000000087f00000, 0x0000000088000000, 0x0000000088000000|100%|HC|  |TAMS 0x0000000088000000, 0x0000000088000000| Complete 
|  54|0x0000000088000000, 0x0000000088100000, 0x0000000088100000|100%|HC|  |TAMS 0x0000000088100000, 0x0000000088100000| Complete 
|  55|0x0000000088100000, 0x0000000088200000, 0x0000000088200000|100%|HC|  |TAMS 0x0000000088200000, 0x0000000088200000| Complete 
|  56|0x0000000088200000, 0x0000000088300000, 0x0000000088300000|100%|HC|  |TAMS 0x0000000088300000, 0x0000000088300000| Complete 
|  57|0x0000000088300000, 0x0000000088400000, 0x0000000088400000|100%|HC|  |TAMS 0x0000000088400000, 0x0000000088400000| Complete 
|  58|0x0000000088400000, 0x0000000088500000, 0x0000000088500000|100%|HC|  |TAMS 0x0000000088500000, 0x0000000088500000| Complete 
|  59|0x0000000088500000, 0x0000000088600000, 0x0000000088600000|100%|HC|  |TAMS 0x0000000088600000, 0x0000000088600000| Complete 
|  60|0x0000000088600000, 0x0000000088700000, 0x0000000088700000|100%|HC|  |TAMS 0x0000000088700000, 0x0000000088700000| Complete 
|  61|0x0000000088700000, 0x0000000088800000, 0x0000000088800000|100%|HC|  |TAMS 0x0000000088800000, 0x0000000088800000| Complete 
|  62|0x0000000088800000, 0x0000000088900000, 0x0000000088900000|100%|HC|  |TAMS 0x0000000088900000, 0x0000000088900000| Complete 
|  63|0x0000000088900000, 0x0000000088a00000, 0x0000000088a00000|100%|HS|  |TAMS 0x0000000088a00000, 0x0000000088a00000| Complete 
|  64|0x0000000088a00000, 0x0000000088b00000, 0x0000000088b00000|100%|HC|  |TAMS 0x0000000088b00000, 0x0000000088b00000| Complete 
|  65|0x0000000088b00000, 0x0000000088c00000, 0x0000000088c00000|100%|HC|  |TAMS 0x0000000088c00000, 0x0000000088c00000| Complete 
|  66|0x0000000088c00000, 0x0000000088d00000, 0x0000000088d00000|100%|HC|  |TAMS 0x0000000088d00000, 0x0000000088d00000| Complete 
|  67|0x0000000088d00000, 0x0000000088e00000, 0x0000000088e00000|100%|HC|  |TAMS 0x0000000088e00000, 0x0000000088e00000| Complete 
|  68|0x0000000088e00000, 0x0000000088f00000, 0x0000000088f00000|100%|HC|  |TAMS 0x0000000088f00000, 0x0000000088f00000| Complete 
|  69|0x0000000088f00000, 0x0000000089000000, 0x0000000089000000|100%|HC|  |TAMS 0x0000000089000000, 0x0000000089000000| Complete 
|  70|0x0000000089000000, 0x0000000089100000, 0x0000000089100000|100%|HC|  |TAMS 0x0000000089100000, 0x0000000089100000| Complete 
|  71|0x0000000089100000, 0x0000000089200000, 0x0000000089200000|100%|HS|  |TAMS 0x0000000089200000, 0x0000000089200000| Complete 
|  72|0x0000000089200000, 0x0000000089300000, 0x0000000089300000|100%|HC|  |TAMS 0x0000000089300000, 0x0000000089300000| Complete 
|  73|0x0000000089300000, 0x0000000089400000, 0x0000000089400000|100%|HC|  |TAMS 0x0000000089400000, 0x0000000089400000| Complete 
|  74|0x0000000089400000, 0x0000000089500000, 0x0000000089500000|100%|HC|  |TAMS 0x0000000089500000, 0x0000000089500000| Complete 
|  75|0x0000000089500000, 0x0000000089600000, 0x0000000089600000|100%|HC|  |TAMS 0x0000000089600000, 0x0000000089600000| Complete 
|  76|0x0000000089600000, 0x0000000089700000, 0x0000000089700000|100%|HC|  |TAMS 0x0000000089700000, 0x0000000089700000| Complete 
|  77|0x0000000089700000, 0x0000000089800000, 0x0000000089800000|100%|HC|  |TAMS 0x0000000089800000, 0x0000000089800000| Complete 
|  78|0x0000000089800000, 0x0000000089900000, 0x0000000089900000|100%|HC|  |TAMS 0x0000000089900000, 0x0000000089900000| Complete 
|  79|0x0000000089900000, 0x0000000089a00000, 0x0000000089a00000|100%|HC|  |TAMS 0x0000000089a00000, 0x0000000089a00000| Complete 
|  80|0x0000000089a00000, 0x0000000089b00000, 0x0000000089b00000|100%|HC|  |TAMS 0x0000000089b00000, 0x0000000089b00000| Complete 
|  81|0x0000000089b00000, 0x0000000089c00000, 0x0000000089c00000|100%|HC|  |TAMS 0x0000000089c00000, 0x0000000089c00000| Complete 
|  82|0x0000000089c00000, 0x0000000089d00000, 0x0000000089d00000|100%|HC|  |TAMS 0x0000000089d00000, 0x0000000089d00000| Complete 
|  83|0x0000000089d00000, 0x0000000089e00000, 0x0000000089e00000|100%|HC|  |TAMS 0x0000000089e00000, 0x0000000089e00000| Complete 
|  84|0x0000000089e00000, 0x0000000089f00000, 0x0000000089f00000|100%|HC|  |TAMS 0x0000000089f00000, 0x0000000089f00000| Complete 
|  85|0x0000000089f00000, 0x000000008a000000, 0x000000008a000000|100%|HC|  |TAMS 0x000000008a000000, 0x000000008a000000| Complete 
|  86|0x000000008a000000, 0x000000008a100000, 0x000000008a100000|100%|HC|  |TAMS 0x000000008a100000, 0x000000008a100000| Complete 
|  87|0x000000008a100000, 0x000000008a200000, 0x000000008a200000|100%|HC|  |TAMS 0x000000008a200000, 0x000000008a200000| Complete 
|  88|0x000000008a200000, 0x000000008a300000, 0x000000008a300000|100%|HC|  |TAMS 0x000000008a300000, 0x000000008a300000| Complete 
|  89|0x000000008a300000, 0x000000008a400000, 0x000000008a400000|100%|HC|  |TAMS 0x000000008a400000, 0x000000008a400000| Complete 
|  90|0x000000008a400000, 0x000000008a500000, 0x000000008a500000|100%|HC|  |TAMS 0x000000008a500000, 0x000000008a500000| Complete 
|  91|0x000000008a500000, 0x000000008a600000, 0x000000008a600000|100%|HC|  |TAMS 0x000000008a600000, 0x000000008a600000| Complete 
|  92|0x000000008a600000, 0x000000008a700000, 0x000000008a700000|100%|HC|  |TAMS 0x000000008a700000, 0x000000008a700000| Complete 
|  93|0x000000008a700000, 0x000000008a800000, 0x000000008a800000|100%|HC|  |TAMS 0x000000008a800000, 0x000000008a800000| Complete 
|  94|0x000000008a800000, 0x000000008a900000, 0x000000008a900000|100%|HC|  |TAMS 0x000000008a900000, 0x000000008a900000| Complete 
|  95|0x000000008a900000, 0x000000008aa00000, 0x000000008aa00000|100%|HC|  |TAMS 0x000000008aa00000, 0x000000008aa00000| Complete 
|  96|0x000000008aa00000, 0x000000008ab00000, 0x000000008ab00000|100%|HC|  |TAMS 0x000000008ab00000, 0x000000008ab00000| Complete 
|  97|0x000000008ab00000, 0x000000008ac00000, 0x000000008ac00000|100%|HC|  |TAMS 0x000000008ac00000, 0x000000008ac00000| Complete 
|  98|0x000000008ac00000, 0x000000008ad00000, 0x000000008ad00000|100%|HC|  |TAMS 0x000000008ad00000, 0x000000008ad00000| Complete 
|  99|0x000000008ad00000, 0x000000008ae00000, 0x000000008ae00000|100%|HC|  |TAMS 0x000000008ae00000, 0x000000008ae00000| Complete 
| 100|0x000000008ae00000, 0x000000008af00000, 0x000000008af00000|100%|HC|  |TAMS 0x000000008af00000, 0x000000008af00000| Complete 
| 101|0x000000008af00000, 0x000000008b000000, 0x000000008b000000|100%|HC|  |TAMS 0x000000008b000000, 0x000000008b000000| Complete 
| 102|0x000000008b000000, 0x000000008b100000, 0x000000008b100000|100%|HS|  |TAMS 0x000000008b100000, 0x000000008b100000| Complete 
| 103|0x000000008b100000, 0x000000008b200000, 0x000000008b200000|100%|HC|  |TAMS 0x000000008b200000, 0x000000008b200000| Complete 
| 104|0x000000008b200000, 0x000000008b300000, 0x000000008b300000|100%|HS|  |TAMS 0x000000008b300000, 0x000000008b300000| Complete 
| 105|0x000000008b300000, 0x000000008b400000, 0x000000008b400000|100%|HC|  |TAMS 0x000000008b400000, 0x000000008b400000| Complete 
| 106|0x000000008b400000, 0x000000008b500000, 0x000000008b500000|100%|HS|  |TAMS 0x000000008b500000, 0x000000008b500000| Complete 
| 107|0x000000008b500000, 0x000000008b600000, 0x000000008b600000|100%|HC|  |TAMS 0x000000008b600000, 0x000000008b600000| Complete 
| 108|0x000000008b600000, 0x000000008b700000, 0x000000008b700000|100%|HS|  |TAMS 0x000000008b700000, 0x000000008b700000| Complete 
| 109|0x000000008b700000, 0x000000008b800000, 0x000000008b800000|100%|HC|  |TAMS 0x000000008b800000, 0x000000008b800000| Complete 
| 110|0x000000008b800000, 0x000000008b900000, 0x000000008b900000|100%|HS|  |TAMS 0x000000008b800000, 0x000000008b900000| Complete 
| 111|0x000000008b900000, 0x000000008ba00000, 0x000000008ba00000|100%|HC|  |TAMS 0x000000008b900000, 0x000000008ba00000| Complete 
| 112|0x000000008ba00000, 0x000000008ba00000, 0x000000008bb00000|  0%| F|  |TAMS 0x000000008ba00000, 0x000000008ba00000| Untracked 
| 113|0x000000008bb00000, 0x000000008bc00000, 0x000000008bc00000|100%|HS|  |TAMS 0x000000008bc00000, 0x000000008bc00000| Complete 
| 114|0x000000008bc00000, 0x000000008bd00000, 0x000000008bd00000|100%|HC|  |TAMS 0x000000008bd00000, 0x000000008bd00000| Complete 
| 115|0x000000008bd00000, 0x000000008be00000, 0x000000008be00000|100%|HC|  |TAMS 0x000000008be00000, 0x000000008be00000| Complete 
| 116|0x000000008be00000, 0x000000008bf00000, 0x000000008bf00000|100%|HC|  |TAMS 0x000000008bf00000, 0x000000008bf00000| Complete 
| 117|0x000000008bf00000, 0x000000008c000000, 0x000000008c000000|100%|HC|  |TAMS 0x000000008c000000, 0x000000008c000000| Complete 
| 118|0x000000008c000000, 0x000000008c100000, 0x000000008c100000|100%|HC|  |TAMS 0x000000008c100000, 0x000000008c100000| Complete 
| 119|0x000000008c100000, 0x000000008c200000, 0x000000008c200000|100%|HC|  |TAMS 0x000000008c200000, 0x000000008c200000| Complete 
| 120|0x000000008c200000, 0x000000008c300000, 0x000000008c300000|100%|HC|  |TAMS 0x000000008c300000, 0x000000008c300000| Complete 
| 121|0x000000008c300000, 0x000000008c400000, 0x000000008c400000|100%|HC|  |TAMS 0x000000008c400000, 0x000000008c400000| Complete 
| 122|0x000000008c400000, 0x000000008c500000, 0x000000008c500000|100%|HC|  |TAMS 0x000000008c500000, 0x000000008c500000| Complete 
| 123|0x000000008c500000, 0x000000008c600000, 0x000000008c600000|100%|HC|  |TAMS 0x000000008c600000, 0x000000008c600000| Complete 
| 124|0x000000008c600000, 0x000000008c700000, 0x000000008c700000|100%|HC|  |TAMS 0x000000008c700000, 0x000000008c700000| Complete 
| 125|0x000000008c700000, 0x000000008c800000, 0x000000008c800000|100%|HC|  |TAMS 0x000000008c800000, 0x000000008c800000| Complete 
| 126|0x000000008c800000, 0x000000008c900000, 0x000000008c900000|100%|HC|  |TAMS 0x000000008c900000, 0x000000008c900000| Complete 
| 127|0x000000008c900000, 0x000000008ca00000, 0x000000008ca00000|100%|HC|  |TAMS 0x000000008ca00000, 0x000000008ca00000| Complete 
| 128|0x000000008ca00000, 0x000000008cb00000, 0x000000008cb00000|100%|HC|  |TAMS 0x000000008cb00000, 0x000000008cb00000| Complete 
| 129|0x000000008cb00000, 0x000000008cc00000, 0x000000008cc00000|100%|HC|  |TAMS 0x000000008cc00000, 0x000000008cc00000| Complete 
| 130|0x000000008cc00000, 0x000000008cd00000, 0x000000008cd00000|100%|HC|  |TAMS 0x000000008cd00000, 0x000000008cd00000| Complete 
| 131|0x000000008cd00000, 0x000000008ce00000, 0x000000008ce00000|100%|HC|  |TAMS 0x000000008ce00000, 0x000000008ce00000| Complete 
| 132|0x000000008ce00000, 0x000000008cf00000, 0x000000008cf00000|100%|HC|  |TAMS 0x000000008cf00000, 0x000000008cf00000| Complete 
| 133|0x000000008cf00000, 0x000000008d000000, 0x000000008d000000|100%|HC|  |TAMS 0x000000008d000000, 0x000000008d000000| Complete 
| 134|0x000000008d000000, 0x000000008d100000, 0x000000008d100000|100%|HC|  |TAMS 0x000000008d100000, 0x000000008d100000| Complete 
| 135|0x000000008d100000, 0x000000008d200000, 0x000000008d200000|100%|HC|  |TAMS 0x000000008d200000, 0x000000008d200000| Complete 
| 136|0x000000008d200000, 0x000000008d300000, 0x000000008d300000|100%|HC|  |TAMS 0x000000008d300000, 0x000000008d300000| Complete 
| 137|0x000000008d300000, 0x000000008d400000, 0x000000008d400000|100%|HC|  |TAMS 0x000000008d400000, 0x000000008d400000| Complete 
| 138|0x000000008d400000, 0x000000008d500000, 0x000000008d500000|100%|HC|  |TAMS 0x000000008d500000, 0x000000008d500000| Complete 
| 139|0x000000008d500000, 0x000000008d600000, 0x000000008d600000|100%|HC|  |TAMS 0x000000008d600000, 0x000000008d600000| Complete 
| 140|0x000000008d600000, 0x000000008d700000, 0x000000008d700000|100%|HC|  |TAMS 0x000000008d700000, 0x000000008d700000| Complete 
| 141|0x000000008d700000, 0x000000008d800000, 0x000000008d800000|100%|HC|  |TAMS 0x000000008d800000, 0x000000008d800000| Complete 
| 142|0x000000008d800000, 0x000000008d900000, 0x000000008d900000|100%|HC|  |TAMS 0x000000008d900000, 0x000000008d900000| Complete 
| 143|0x000000008d900000, 0x000000008da00000, 0x000000008da00000|100%|HC|  |TAMS 0x000000008da00000, 0x000000008da00000| Complete 
| 144|0x000000008da00000, 0x000000008db00000, 0x000000008db00000|100%|HC|  |TAMS 0x000000008db00000, 0x000000008db00000| Complete 
| 145|0x000000008db00000, 0x000000008dc00000, 0x000000008dc00000|100%|HC|  |TAMS 0x000000008dc00000, 0x000000008dc00000| Complete 
| 146|0x000000008dc00000, 0x000000008dd00000, 0x000000008dd00000|100%|HC|  |TAMS 0x000000008dd00000, 0x000000008dd00000| Complete 
| 147|0x000000008dd00000, 0x000000008de00000, 0x000000008de00000|100%|HC|  |TAMS 0x000000008de00000, 0x000000008de00000| Complete 
| 148|0x000000008de00000, 0x000000008df00000, 0x000000008df00000|100%|HC|  |TAMS 0x000000008df00000, 0x000000008df00000| Complete 
| 149|0x000000008df00000, 0x000000008e000000, 0x000000008e000000|100%|HC|  |TAMS 0x000000008e000000, 0x000000008e000000| Complete 
| 150|0x000000008e000000, 0x000000008e100000, 0x000000008e100000|100%|HC|  |TAMS 0x000000008e100000, 0x000000008e100000| Complete 
| 151|0x000000008e100000, 0x000000008e200000, 0x000000008e200000|100%|HC|  |TAMS 0x000000008e200000, 0x000000008e200000| Complete 
| 152|0x000000008e200000, 0x000000008e300000, 0x000000008e300000|100%|HC|  |TAMS 0x000000008e300000, 0x000000008e300000| Complete 
| 153|0x000000008e300000, 0x000000008e400000, 0x000000008e400000|100%|HC|  |TAMS 0x000000008e400000, 0x000000008e400000| Complete 
| 154|0x000000008e400000, 0x000000008e500000, 0x000000008e500000|100%|HC|  |TAMS 0x000000008e500000, 0x000000008e500000| Complete 
| 155|0x000000008e500000, 0x000000008e600000, 0x000000008e600000|100%|HC|  |TAMS 0x000000008e600000, 0x000000008e600000| Complete 
| 156|0x000000008e600000, 0x000000008e700000, 0x000000008e700000|100%|HC|  |TAMS 0x000000008e700000, 0x000000008e700000| Complete 
| 157|0x000000008e700000, 0x000000008e800000, 0x000000008e800000|100%|HC|  |TAMS 0x000000008e800000, 0x000000008e800000| Complete 
| 158|0x000000008e800000, 0x000000008e900000, 0x000000008e900000|100%|HC|  |TAMS 0x000000008e900000, 0x000000008e900000| Complete 
| 159|0x000000008e900000, 0x000000008ea00000, 0x000000008ea00000|100%|HC|  |TAMS 0x000000008ea00000, 0x000000008ea00000| Complete 
| 160|0x000000008ea00000, 0x000000008eb00000, 0x000000008eb00000|100%|HC|  |TAMS 0x000000008eb00000, 0x000000008eb00000| Complete 
| 161|0x000000008eb00000, 0x000000008ec00000, 0x000000008ec00000|100%|HC|  |TAMS 0x000000008ec00000, 0x000000008ec00000| Complete 
| 162|0x000000008ec00000, 0x000000008ed00000, 0x000000008ed00000|100%|HC|  |TAMS 0x000000008ed00000, 0x000000008ed00000| Complete 
| 163|0x000000008ed00000, 0x000000008ee00000, 0x000000008ee00000|100%|HC|  |TAMS 0x000000008ee00000, 0x000000008ee00000| Complete 
| 164|0x000000008ee00000, 0x000000008ef00000, 0x000000008ef00000|100%|HC|  |TAMS 0x000000008ef00000, 0x000000008ef00000| Complete 
| 165|0x000000008ef00000, 0x000000008f000000, 0x000000008f000000|100%|HC|  |TAMS 0x000000008f000000, 0x000000008f000000| Complete 
| 166|0x000000008f000000, 0x000000008f100000, 0x000000008f100000|100%|HC|  |TAMS 0x000000008f100000, 0x000000008f100000| Complete 
| 167|0x000000008f100000, 0x000000008f200000, 0x000000008f200000|100%|HC|  |TAMS 0x000000008f200000, 0x000000008f200000| Complete 
| 168|0x000000008f200000, 0x000000008f300000, 0x000000008f300000|100%|HC|  |TAMS 0x000000008f300000, 0x000000008f300000| Complete 
| 169|0x000000008f300000, 0x000000008f400000, 0x000000008f400000|100%|HC|  |TAMS 0x000000008f400000, 0x000000008f400000| Complete 
| 170|0x000000008f400000, 0x000000008f500000, 0x000000008f500000|100%|HC|  |TAMS 0x000000008f500000, 0x000000008f500000| Complete 
| 171|0x000000008f500000, 0x000000008f600000, 0x000000008f600000|100%|HC|  |TAMS 0x000000008f600000, 0x000000008f600000| Complete 
| 172|0x000000008f600000, 0x000000008f700000, 0x000000008f700000|100%|HC|  |TAMS 0x000000008f700000, 0x000000008f700000| Complete 
| 173|0x000000008f700000, 0x000000008f800000, 0x000000008f800000|100%|HC|  |TAMS 0x000000008f800000, 0x000000008f800000| Complete 
| 174|0x000000008f800000, 0x000000008f900000, 0x000000008f900000|100%|HC|  |TAMS 0x000000008f900000, 0x000000008f900000| Complete 
| 175|0x000000008f900000, 0x000000008fa00000, 0x000000008fa00000|100%|HC|  |TAMS 0x000000008fa00000, 0x000000008fa00000| Complete 
| 176|0x000000008fa00000, 0x000000008fb00000, 0x000000008fb00000|100%|HC|  |TAMS 0x000000008fb00000, 0x000000008fb00000| Complete 
| 177|0x000000008fb00000, 0x000000008fc00000, 0x000000008fc00000|100%|HC|  |TAMS 0x000000008fc00000, 0x000000008fc00000| Complete 
| 178|0x000000008fc00000, 0x000000008fd00000, 0x000000008fd00000|100%|HC|  |TAMS 0x000000008fd00000, 0x000000008fd00000| Complete 
| 179|0x000000008fd00000, 0x000000008fe00000, 0x000000008fe00000|100%|HC|  |TAMS 0x000000008fe00000, 0x000000008fe00000| Complete 
| 180|0x000000008fe00000, 0x000000008ff00000, 0x000000008ff00000|100%|HC|  |TAMS 0x000000008ff00000, 0x000000008ff00000| Complete 
| 181|0x000000008ff00000, 0x0000000090000000, 0x0000000090000000|100%|HC|  |TAMS 0x0000000090000000, 0x0000000090000000| Complete 
| 182|0x0000000090000000, 0x0000000090100000, 0x0000000090100000|100%|HC|  |TAMS 0x0000000090100000, 0x0000000090100000| Complete 
| 183|0x0000000090100000, 0x0000000090200000, 0x0000000090200000|100%|HC|  |TAMS 0x0000000090200000, 0x0000000090200000| Complete 
| 184|0x0000000090200000, 0x0000000090300000, 0x0000000090300000|100%|HC|  |TAMS 0x0000000090300000, 0x0000000090300000| Complete 
| 185|0x0000000090300000, 0x0000000090400000, 0x0000000090400000|100%|HC|  |TAMS 0x0000000090400000, 0x0000000090400000| Complete 
| 186|0x0000000090400000, 0x0000000090500000, 0x0000000090500000|100%|HC|  |TAMS 0x0000000090500000, 0x0000000090500000| Complete 
| 187|0x0000000090500000, 0x0000000090600000, 0x0000000090600000|100%|HC|  |TAMS 0x0000000090600000, 0x0000000090600000| Complete 
| 188|0x0000000090600000, 0x0000000090700000, 0x0000000090700000|100%|HC|  |TAMS 0x0000000090700000, 0x0000000090700000| Complete 
| 189|0x0000000090700000, 0x0000000090800000, 0x0000000090800000|100%|HC|  |TAMS 0x0000000090800000, 0x0000000090800000| Complete 
| 190|0x0000000090800000, 0x0000000090900000, 0x0000000090900000|100%|HC|  |TAMS 0x0000000090900000, 0x0000000090900000| Complete 
| 191|0x0000000090900000, 0x0000000090a00000, 0x0000000090a00000|100%|HC|  |TAMS 0x0000000090a00000, 0x0000000090a00000| Complete 
| 192|0x0000000090a00000, 0x0000000090b00000, 0x0000000090b00000|100%|HC|  |TAMS 0x0000000090b00000, 0x0000000090b00000| Complete 
| 193|0x0000000090b00000, 0x0000000090c00000, 0x0000000090c00000|100%|HC|  |TAMS 0x0000000090c00000, 0x0000000090c00000| Complete 
| 194|0x0000000090c00000, 0x0000000090d00000, 0x0000000090d00000|100%|HC|  |TAMS 0x0000000090d00000, 0x0000000090d00000| Complete 
| 195|0x0000000090d00000, 0x0000000090e00000, 0x0000000090e00000|100%|HC|  |TAMS 0x0000000090e00000, 0x0000000090e00000| Complete 
| 196|0x0000000090e00000, 0x0000000090f00000, 0x0000000090f00000|100%|HC|  |TAMS 0x0000000090f00000, 0x0000000090f00000| Complete 
| 197|0x0000000090f00000, 0x0000000091000000, 0x0000000091000000|100%|HC|  |TAMS 0x0000000091000000, 0x0000000091000000| Complete 
| 198|0x0000000091000000, 0x0000000091100000, 0x0000000091100000|100%|HC|  |TAMS 0x0000000091100000, 0x0000000091100000| Complete 
| 199|0x0000000091100000, 0x0000000091200000, 0x0000000091200000|100%|HC|  |TAMS 0x0000000091200000, 0x0000000091200000| Complete 
| 200|0x0000000091200000, 0x0000000091300000, 0x0000000091300000|100%|HC|  |TAMS 0x0000000091300000, 0x0000000091300000| Complete 
| 201|0x0000000091300000, 0x0000000091400000, 0x0000000091400000|100%|HC|  |TAMS 0x0000000091400000, 0x0000000091400000| Complete 
| 202|0x0000000091400000, 0x0000000091500000, 0x0000000091500000|100%|HC|  |TAMS 0x0000000091500000, 0x0000000091500000| Complete 
| 203|0x0000000091500000, 0x0000000091600000, 0x0000000091600000|100%|HC|  |TAMS 0x0000000091600000, 0x0000000091600000| Complete 
| 204|0x0000000091600000, 0x0000000091700000, 0x0000000091700000|100%|HC|  |TAMS 0x0000000091700000, 0x0000000091700000| Complete 
| 205|0x0000000091700000, 0x0000000091800000, 0x0000000091800000|100%|HC|  |TAMS 0x0000000091800000, 0x0000000091800000| Complete 
| 206|0x0000000091800000, 0x0000000091900000, 0x0000000091900000|100%|HC|  |TAMS 0x0000000091900000, 0x0000000091900000| Complete 
| 207|0x0000000091900000, 0x0000000091a00000, 0x0000000091a00000|100%|HC|  |TAMS 0x0000000091a00000, 0x0000000091a00000| Complete 
| 208|0x0000000091a00000, 0x0000000091b00000, 0x0000000091b00000|100%|HC|  |TAMS 0x0000000091b00000, 0x0000000091b00000| Complete 
| 209|0x0000000091b00000, 0x0000000091c00000, 0x0000000091c00000|100%|HC|  |TAMS 0x0000000091c00000, 0x0000000091c00000| Complete 
| 210|0x0000000091c00000, 0x0000000091d00000, 0x0000000091d00000|100%|HC|  |TAMS 0x0000000091d00000, 0x0000000091d00000| Complete 
| 211|0x0000000091d00000, 0x0000000091e00000, 0x0000000091e00000|100%|HC|  |TAMS 0x0000000091e00000, 0x0000000091e00000| Complete 
| 212|0x0000000091e00000, 0x0000000091f00000, 0x0000000091f00000|100%|HC|  |TAMS 0x0000000091f00000, 0x0000000091f00000| Complete 
| 213|0x0000000091f00000, 0x0000000092000000, 0x0000000092000000|100%|HC|  |TAMS 0x0000000092000000, 0x0000000092000000| Complete 
| 214|0x0000000092000000, 0x0000000092100000, 0x0000000092100000|100%|HC|  |TAMS 0x0000000092100000, 0x0000000092100000| Complete 
| 215|0x0000000092100000, 0x0000000092200000, 0x0000000092200000|100%|HC|  |TAMS 0x0000000092200000, 0x0000000092200000| Complete 
| 216|0x0000000092200000, 0x0000000092300000, 0x0000000092300000|100%|HC|  |TAMS 0x0000000092300000, 0x0000000092300000| Complete 
| 217|0x0000000092300000, 0x0000000092400000, 0x0000000092400000|100%|HC|  |TAMS 0x0000000092400000, 0x0000000092400000| Complete 
| 218|0x0000000092400000, 0x0000000092500000, 0x0000000092500000|100%|HC|  |TAMS 0x0000000092500000, 0x0000000092500000| Complete 
| 219|0x0000000092500000, 0x0000000092600000, 0x0000000092600000|100%|HC|  |TAMS 0x0000000092600000, 0x0000000092600000| Complete 
| 220|0x0000000092600000, 0x0000000092700000, 0x0000000092700000|100%|HC|  |TAMS 0x0000000092700000, 0x0000000092700000| Complete 
| 221|0x0000000092700000, 0x0000000092800000, 0x0000000092800000|100%|HC|  |TAMS 0x0000000092800000, 0x0000000092800000| Complete 
| 222|0x0000000092800000, 0x0000000092900000, 0x0000000092900000|100%|HC|  |TAMS 0x0000000092900000, 0x0000000092900000| Complete 
| 223|0x0000000092900000, 0x0000000092a00000, 0x0000000092a00000|100%|HC|  |TAMS 0x0000000092a00000, 0x0000000092a00000| Complete 
| 224|0x0000000092a00000, 0x0000000092b00000, 0x0000000092b00000|100%|HC|  |TAMS 0x0000000092b00000, 0x0000000092b00000| Complete 
| 225|0x0000000092b00000, 0x0000000092c00000, 0x0000000092c00000|100%|HC|  |TAMS 0x0000000092c00000, 0x0000000092c00000| Complete 
| 226|0x0000000092c00000, 0x0000000092d00000, 0x0000000092d00000|100%|HC|  |TAMS 0x0000000092d00000, 0x0000000092d00000| Complete 
| 227|0x0000000092d00000, 0x0000000092e00000, 0x0000000092e00000|100%|HC|  |TAMS 0x0000000092e00000, 0x0000000092e00000| Complete 
| 228|0x0000000092e00000, 0x0000000092f00000, 0x0000000092f00000|100%|HC|  |TAMS 0x0000000092f00000, 0x0000000092f00000| Complete 
| 229|0x0000000092f00000, 0x0000000093000000, 0x0000000093000000|100%|HC|  |TAMS 0x0000000093000000, 0x0000000093000000| Complete 
| 230|0x0000000093000000, 0x0000000093100000, 0x0000000093100000|100%|HC|  |TAMS 0x0000000093100000, 0x0000000093100000| Complete 
| 231|0x0000000093100000, 0x0000000093200000, 0x0000000093200000|100%|HC|  |TAMS 0x0000000093200000, 0x0000000093200000| Complete 
| 232|0x0000000093200000, 0x0000000093300000, 0x0000000093300000|100%|HC|  |TAMS 0x0000000093300000, 0x0000000093300000| Complete 
| 233|0x0000000093300000, 0x0000000093400000, 0x0000000093400000|100%|HC|  |TAMS 0x0000000093400000, 0x0000000093400000| Complete 
| 234|0x0000000093400000, 0x0000000093500000, 0x0000000093500000|100%|HC|  |TAMS 0x0000000093500000, 0x0000000093500000| Complete 
| 235|0x0000000093500000, 0x0000000093600000, 0x0000000093600000|100%|HC|  |TAMS 0x0000000093600000, 0x0000000093600000| Complete 
| 236|0x0000000093600000, 0x0000000093700000, 0x0000000093700000|100%|HC|  |TAMS 0x0000000093700000, 0x0000000093700000| Complete 
| 237|0x0000000093700000, 0x0000000093800000, 0x0000000093800000|100%|HC|  |TAMS 0x0000000093800000, 0x0000000093800000| Complete 
| 238|0x0000000093800000, 0x0000000093900000, 0x0000000093900000|100%|HC|  |TAMS 0x0000000093900000, 0x0000000093900000| Complete 
| 239|0x0000000093900000, 0x0000000093a00000, 0x0000000093a00000|100%|HC|  |TAMS 0x0000000093a00000, 0x0000000093a00000| Complete 
| 240|0x0000000093a00000, 0x0000000093b00000, 0x0000000093b00000|100%|HC|  |TAMS 0x0000000093b00000, 0x0000000093b00000| Complete 
| 241|0x0000000093b00000, 0x0000000093c00000, 0x0000000093c00000|100%|HC|  |TAMS 0x0000000093c00000, 0x0000000093c00000| Complete 
| 242|0x0000000093c00000, 0x0000000093d00000, 0x0000000093d00000|100%|HC|  |TAMS 0x0000000093d00000, 0x0000000093d00000| Complete 
| 243|0x0000000093d00000, 0x0000000093e00000, 0x0000000093e00000|100%|HC|  |TAMS 0x0000000093e00000, 0x0000000093e00000| Complete 
| 244|0x0000000093e00000, 0x0000000093f00000, 0x0000000093f00000|100%|HS|  |TAMS 0x0000000093f00000, 0x0000000093f00000| Complete 
| 245|0x0000000093f00000, 0x0000000094000000, 0x0000000094000000|100%|HC|  |TAMS 0x0000000094000000, 0x0000000094000000| Complete 
| 246|0x0000000094000000, 0x0000000094100000, 0x0000000094100000|100%|HC|  |TAMS 0x0000000094100000, 0x0000000094100000| Complete 
| 247|0x0000000094100000, 0x0000000094200000, 0x0000000094200000|100%|HC|  |TAMS 0x0000000094200000, 0x0000000094200000| Complete 
| 248|0x0000000094200000, 0x0000000094300000, 0x0000000094300000|100%|HC|  |TAMS 0x0000000094300000, 0x0000000094300000| Complete 
| 249|0x0000000094300000, 0x0000000094400000, 0x0000000094400000|100%|HC|  |TAMS 0x0000000094400000, 0x0000000094400000| Complete 
| 250|0x0000000094400000, 0x0000000094500000, 0x0000000094500000|100%|HC|  |TAMS 0x0000000094500000, 0x0000000094500000| Complete 
| 251|0x0000000094500000, 0x0000000094600000, 0x0000000094600000|100%|HC|  |TAMS 0x0000000094600000, 0x0000000094600000| Complete 
| 252|0x0000000094600000, 0x0000000094700000, 0x0000000094700000|100%|HC|  |TAMS 0x0000000094700000, 0x0000000094700000| Complete 
| 253|0x0000000094700000, 0x0000000094800000, 0x0000000094800000|100%|HC|  |TAMS 0x0000000094800000, 0x0000000094800000| Complete 
| 254|0x0000000094800000, 0x0000000094900000, 0x0000000094900000|100%|HC|  |TAMS 0x0000000094900000, 0x0000000094900000| Complete 
| 255|0x0000000094900000, 0x0000000094a00000, 0x0000000094a00000|100%|HC|  |TAMS 0x0000000094a00000, 0x0000000094a00000| Complete 
| 256|0x0000000094a00000, 0x0000000094b00000, 0x0000000094b00000|100%|HC|  |TAMS 0x0000000094b00000, 0x0000000094b00000| Complete 
| 257|0x0000000094b00000, 0x0000000094c00000, 0x0000000094c00000|100%|HC|  |TAMS 0x0000000094c00000, 0x0000000094c00000| Complete 
| 258|0x0000000094c00000, 0x0000000094d00000, 0x0000000094d00000|100%|HC|  |TAMS 0x0000000094d00000, 0x0000000094d00000| Complete 
| 259|0x0000000094d00000, 0x0000000094e00000, 0x0000000094e00000|100%|HC|  |TAMS 0x0000000094e00000, 0x0000000094e00000| Complete 
| 260|0x0000000094e00000, 0x0000000094f00000, 0x0000000094f00000|100%|HC|  |TAMS 0x0000000094f00000, 0x0000000094f00000| Complete 
| 261|0x0000000094f00000, 0x0000000095000000, 0x0000000095000000|100%|HC|  |TAMS 0x0000000095000000, 0x0000000095000000| Complete 
| 262|0x0000000095000000, 0x0000000095100000, 0x0000000095100000|100%|HC|  |TAMS 0x0000000095100000, 0x0000000095100000| Complete 
| 263|0x0000000095100000, 0x0000000095200000, 0x0000000095200000|100%|HC|  |TAMS 0x0000000095200000, 0x0000000095200000| Complete 
| 264|0x0000000095200000, 0x0000000095300000, 0x0000000095300000|100%|HC|  |TAMS 0x0000000095300000, 0x0000000095300000| Complete 
| 265|0x0000000095300000, 0x0000000095400000, 0x0000000095400000|100%|HC|  |TAMS 0x0000000095400000, 0x0000000095400000| Complete 
| 266|0x0000000095400000, 0x0000000095500000, 0x0000000095500000|100%|HC|  |TAMS 0x0000000095500000, 0x0000000095500000| Complete 
| 267|0x0000000095500000, 0x0000000095600000, 0x0000000095600000|100%|HC|  |TAMS 0x0000000095600000, 0x0000000095600000| Complete 
| 268|0x0000000095600000, 0x0000000095700000, 0x0000000095700000|100%|HC|  |TAMS 0x0000000095700000, 0x0000000095700000| Complete 
| 269|0x0000000095700000, 0x0000000095800000, 0x0000000095800000|100%|HC|  |TAMS 0x0000000095800000, 0x0000000095800000| Complete 
| 270|0x0000000095800000, 0x0000000095900000, 0x0000000095900000|100%|HC|  |TAMS 0x0000000095900000, 0x0000000095900000| Complete 
| 271|0x0000000095900000, 0x0000000095a00000, 0x0000000095a00000|100%|HC|  |TAMS 0x0000000095a00000, 0x0000000095a00000| Complete 
| 272|0x0000000095a00000, 0x0000000095b00000, 0x0000000095b00000|100%|HC|  |TAMS 0x0000000095b00000, 0x0000000095b00000| Complete 
| 273|0x0000000095b00000, 0x0000000095c00000, 0x0000000095c00000|100%|HC|  |TAMS 0x0000000095c00000, 0x0000000095c00000| Complete 
| 274|0x0000000095c00000, 0x0000000095d00000, 0x0000000095d00000|100%|HC|  |TAMS 0x0000000095d00000, 0x0000000095d00000| Complete 
| 275|0x0000000095d00000, 0x0000000095e00000, 0x0000000095e00000|100%|HC|  |TAMS 0x0000000095e00000, 0x0000000095e00000| Complete 
| 276|0x0000000095e00000, 0x0000000095f00000, 0x0000000095f00000|100%|HC|  |TAMS 0x0000000095f00000, 0x0000000095f00000| Complete 
| 277|0x0000000095f00000, 0x0000000096000000, 0x0000000096000000|100%|HC|  |TAMS 0x0000000096000000, 0x0000000096000000| Complete 
| 278|0x0000000096000000, 0x0000000096100000, 0x0000000096100000|100%|HC|  |TAMS 0x0000000096100000, 0x0000000096100000| Complete 
| 279|0x0000000096100000, 0x0000000096200000, 0x0000000096200000|100%|HS|  |TAMS 0x0000000096200000, 0x0000000096200000| Complete 
| 280|0x0000000096200000, 0x0000000096300000, 0x0000000096300000|100%|HC|  |TAMS 0x0000000096300000, 0x0000000096300000| Complete 
| 281|0x0000000096300000, 0x0000000096400000, 0x0000000096400000|100%|HC|  |TAMS 0x0000000096400000, 0x0000000096400000| Complete 
| 282|0x0000000096400000, 0x0000000096500000, 0x0000000096500000|100%|HC|  |TAMS 0x0000000096500000, 0x0000000096500000| Complete 
| 283|0x0000000096500000, 0x0000000096500000, 0x0000000096600000|  0%| F|  |TAMS 0x0000000096500000, 0x0000000096500000| Untracked 
| 284|0x0000000096600000, 0x0000000096600000, 0x0000000096700000|  0%| F|  |TAMS 0x0000000096600000, 0x0000000096600000| Untracked 
| 285|0x0000000096700000, 0x0000000096700000, 0x0000000096800000|  0%| F|  |TAMS 0x0000000096700000, 0x0000000096700000| Untracked 
| 286|0x0000000096800000, 0x0000000096800000, 0x0000000096900000|  0%| F|  |TAMS 0x0000000096800000, 0x0000000096800000| Untracked 
| 287|0x0000000096900000, 0x0000000096900000, 0x0000000096a00000|  0%| F|  |TAMS 0x0000000096900000, 0x0000000096900000| Untracked 
| 288|0x0000000096a00000, 0x0000000096a00000, 0x0000000096b00000|  0%| F|  |TAMS 0x0000000096a00000, 0x0000000096a00000| Untracked 
| 289|0x0000000096b00000, 0x0000000096b00000, 0x0000000096c00000|  0%| F|  |TAMS 0x0000000096b00000, 0x0000000096b00000| Untracked 
| 290|0x0000000096c00000, 0x0000000096c00000, 0x0000000096d00000|  0%| F|  |TAMS 0x0000000096c00000, 0x0000000096c00000| Untracked 
| 291|0x0000000096d00000, 0x0000000096d00000, 0x0000000096e00000|  0%| F|  |TAMS 0x0000000096d00000, 0x0000000096d00000| Untracked 
| 292|0x0000000096e00000, 0x0000000096e00000, 0x0000000096f00000|  0%| F|  |TAMS 0x0000000096e00000, 0x0000000096e00000| Untracked 
| 293|0x0000000096f00000, 0x0000000096f00000, 0x0000000097000000|  0%| F|  |TAMS 0x0000000096f00000, 0x0000000096f00000| Untracked 
| 294|0x0000000097000000, 0x0000000097000000, 0x0000000097100000|  0%| F|  |TAMS 0x0000000097000000, 0x0000000097000000| Untracked 
| 295|0x0000000097100000, 0x0000000097100000, 0x0000000097200000|  0%| F|  |TAMS 0x0000000097100000, 0x0000000097100000| Untracked 
| 296|0x0000000097200000, 0x0000000097200000, 0x0000000097300000|  0%| F|  |TAMS 0x0000000097200000, 0x0000000097200000| Untracked 
| 297|0x0000000097300000, 0x0000000097300000, 0x0000000097400000|  0%| F|  |TAMS 0x0000000097300000, 0x0000000097300000| Untracked 
| 298|0x0000000097400000, 0x0000000097400000, 0x0000000097500000|  0%| F|  |TAMS 0x0000000097400000, 0x0000000097400000| Untracked 
| 299|0x0000000097500000, 0x0000000097500000, 0x0000000097600000|  0%| F|  |TAMS 0x0000000097500000, 0x0000000097500000| Untracked 
| 300|0x0000000097600000, 0x0000000097600000, 0x0000000097700000|  0%| F|  |TAMS 0x0000000097600000, 0x0000000097600000| Untracked 
| 301|0x0000000097700000, 0x0000000097700000, 0x0000000097800000|  0%| F|  |TAMS 0x0000000097700000, 0x0000000097700000| Untracked 
| 302|0x0000000097800000, 0x0000000097800000, 0x0000000097900000|  0%| F|  |TAMS 0x0000000097800000, 0x0000000097800000| Untracked 
| 303|0x0000000097900000, 0x0000000097900000, 0x0000000097a00000|  0%| F|  |TAMS 0x0000000097900000, 0x0000000097900000| Untracked 
| 304|0x0000000097a00000, 0x0000000097a00000, 0x0000000097b00000|  0%| F|  |TAMS 0x0000000097a00000, 0x0000000097a00000| Untracked 
| 305|0x0000000097b00000, 0x0000000097b00000, 0x0000000097c00000|  0%| F|  |TAMS 0x0000000097b00000, 0x0000000097b00000| Untracked 
| 306|0x0000000097c00000, 0x0000000097c00000, 0x0000000097d00000|  0%| F|  |TAMS 0x0000000097c00000, 0x0000000097c00000| Untracked 
| 307|0x0000000097d00000, 0x0000000097d00000, 0x0000000097e00000|  0%| F|  |TAMS 0x0000000097d00000, 0x0000000097d00000| Untracked 
| 308|0x0000000097e00000, 0x0000000097e00000, 0x0000000097f00000|  0%| F|  |TAMS 0x0000000097e00000, 0x0000000097e00000| Untracked 
| 309|0x0000000097f00000, 0x0000000097f00000, 0x0000000098000000|  0%| F|  |TAMS 0x0000000097f00000, 0x0000000097f00000| Untracked 
| 310|0x0000000098000000, 0x0000000098000000, 0x0000000098100000|  0%| F|  |TAMS 0x0000000098000000, 0x0000000098000000| Untracked 
| 311|0x0000000098100000, 0x0000000098100000, 0x0000000098200000|  0%| F|  |TAMS 0x0000000098100000, 0x0000000098100000| Untracked 
| 312|0x0000000098200000, 0x0000000098200000, 0x0000000098300000|  0%| F|  |TAMS 0x0000000098200000, 0x0000000098200000| Untracked 
| 313|0x0000000098300000, 0x0000000098300000, 0x0000000098400000|  0%| F|  |TAMS 0x0000000098300000, 0x0000000098300000| Untracked 
| 314|0x0000000098400000, 0x0000000098400000, 0x0000000098500000|  0%| F|  |TAMS 0x0000000098400000, 0x0000000098400000| Untracked 
| 315|0x0000000098500000, 0x0000000098500000, 0x0000000098600000|  0%| F|  |TAMS 0x0000000098500000, 0x0000000098500000| Untracked 
| 316|0x0000000098600000, 0x0000000098600000, 0x0000000098700000|  0%| F|  |TAMS 0x0000000098600000, 0x0000000098600000| Untracked 
| 317|0x0000000098700000, 0x0000000098700000, 0x0000000098800000|  0%| F|  |TAMS 0x0000000098700000, 0x0000000098700000| Untracked 
| 318|0x0000000098800000, 0x0000000098800000, 0x0000000098900000|  0%| F|  |TAMS 0x0000000098800000, 0x0000000098800000| Untracked 
| 319|0x0000000098900000, 0x0000000098900000, 0x0000000098a00000|  0%| F|  |TAMS 0x0000000098900000, 0x0000000098900000| Untracked 
| 320|0x0000000098a00000, 0x0000000098a00000, 0x0000000098b00000|  0%| F|  |TAMS 0x0000000098a00000, 0x0000000098a00000| Untracked 
| 321|0x0000000098b00000, 0x0000000098b00000, 0x0000000098c00000|  0%| F|  |TAMS 0x0000000098b00000, 0x0000000098b00000| Untracked 
| 322|0x0000000098c00000, 0x0000000098c00000, 0x0000000098d00000|  0%| F|  |TAMS 0x0000000098c00000, 0x0000000098c00000| Untracked 
| 323|0x0000000098d00000, 0x0000000098d00000, 0x0000000098e00000|  0%| F|  |TAMS 0x0000000098d00000, 0x0000000098d00000| Untracked 
| 324|0x0000000098e00000, 0x0000000098e00000, 0x0000000098f00000|  0%| F|  |TAMS 0x0000000098e00000, 0x0000000098e00000| Untracked 
| 325|0x0000000098f00000, 0x0000000098f00000, 0x0000000099000000|  0%| F|  |TAMS 0x0000000098f00000, 0x0000000098f00000| Untracked 
| 326|0x0000000099000000, 0x0000000099000000, 0x0000000099100000|  0%| F|  |TAMS 0x0000000099000000, 0x0000000099000000| Untracked 
| 327|0x0000000099100000, 0x0000000099100000, 0x0000000099200000|  0%| F|  |TAMS 0x0000000099100000, 0x0000000099100000| Untracked 
| 328|0x0000000099200000, 0x0000000099200000, 0x0000000099300000|  0%| F|  |TAMS 0x0000000099200000, 0x0000000099200000| Untracked 
| 329|0x0000000099300000, 0x0000000099300000, 0x0000000099400000|  0%| F|  |TAMS 0x0000000099300000, 0x0000000099300000| Untracked 
| 330|0x0000000099400000, 0x0000000099400000, 0x0000000099500000|  0%| F|  |TAMS 0x0000000099400000, 0x0000000099400000| Untracked 
| 331|0x0000000099500000, 0x0000000099500000, 0x0000000099600000|  0%| F|  |TAMS 0x0000000099500000, 0x0000000099500000| Untracked 
| 332|0x0000000099600000, 0x0000000099600000, 0x0000000099700000|  0%| F|  |TAMS 0x0000000099600000, 0x0000000099600000| Untracked 
| 333|0x0000000099700000, 0x0000000099700000, 0x0000000099800000|  0%| F|  |TAMS 0x0000000099700000, 0x0000000099700000| Untracked 
| 334|0x0000000099800000, 0x0000000099800000, 0x0000000099900000|  0%| F|  |TAMS 0x0000000099800000, 0x0000000099800000| Untracked 
| 335|0x0000000099900000, 0x0000000099900000, 0x0000000099a00000|  0%| F|  |TAMS 0x0000000099900000, 0x0000000099900000| Untracked 
| 336|0x0000000099a00000, 0x0000000099a00000, 0x0000000099b00000|  0%| F|  |TAMS 0x0000000099a00000, 0x0000000099a00000| Untracked 
| 337|0x0000000099b00000, 0x0000000099b00000, 0x0000000099c00000|  0%| F|  |TAMS 0x0000000099b00000, 0x0000000099b00000| Untracked 
| 338|0x0000000099c00000, 0x0000000099c00000, 0x0000000099d00000|  0%| F|  |TAMS 0x0000000099c00000, 0x0000000099c00000| Untracked 
| 339|0x0000000099d00000, 0x0000000099d00000, 0x0000000099e00000|  0%| F|  |TAMS 0x0000000099d00000, 0x0000000099d00000| Untracked 
| 340|0x0000000099e00000, 0x0000000099e00000, 0x0000000099f00000|  0%| F|  |TAMS 0x0000000099e00000, 0x0000000099e00000| Untracked 
| 341|0x0000000099f00000, 0x0000000099f00000, 0x000000009a000000|  0%| F|  |TAMS 0x0000000099f00000, 0x0000000099f00000| Untracked 
| 342|0x000000009a000000, 0x000000009a000000, 0x000000009a100000|  0%| F|  |TAMS 0x000000009a000000, 0x000000009a000000| Untracked 
| 343|0x000000009a100000, 0x000000009a100000, 0x000000009a200000|  0%| F|  |TAMS 0x000000009a100000, 0x000000009a100000| Untracked 
| 344|0x000000009a200000, 0x000000009a200000, 0x000000009a300000|  0%| F|  |TAMS 0x000000009a200000, 0x000000009a200000| Untracked 
| 345|0x000000009a300000, 0x000000009a300000, 0x000000009a400000|  0%| F|  |TAMS 0x000000009a300000, 0x000000009a300000| Untracked 
| 346|0x000000009a400000, 0x000000009a400000, 0x000000009a500000|  0%| F|  |TAMS 0x000000009a400000, 0x000000009a400000| Untracked 
| 347|0x000000009a500000, 0x000000009a500000, 0x000000009a600000|  0%| F|  |TAMS 0x000000009a500000, 0x000000009a500000| Untracked 
| 348|0x000000009a600000, 0x000000009a600000, 0x000000009a700000|  0%| F|  |TAMS 0x000000009a600000, 0x000000009a600000| Untracked 
| 349|0x000000009a700000, 0x000000009a700000, 0x000000009a800000|  0%| F|  |TAMS 0x000000009a700000, 0x000000009a700000| Untracked 
| 350|0x000000009a800000, 0x000000009a800000, 0x000000009a900000|  0%| F|  |TAMS 0x000000009a800000, 0x000000009a800000| Untracked 
| 351|0x000000009a900000, 0x000000009a900000, 0x000000009aa00000|  0%| F|  |TAMS 0x000000009a900000, 0x000000009a900000| Untracked 
| 352|0x000000009aa00000, 0x000000009aa00000, 0x000000009ab00000|  0%| F|  |TAMS 0x000000009aa00000, 0x000000009aa00000| Untracked 
| 353|0x000000009ab00000, 0x000000009ab00000, 0x000000009ac00000|  0%| F|  |TAMS 0x000000009ab00000, 0x000000009ab00000| Untracked 
| 354|0x000000009ac00000, 0x000000009ac00000, 0x000000009ad00000|  0%| F|  |TAMS 0x000000009ac00000, 0x000000009ac00000| Untracked 
| 355|0x000000009ad00000, 0x000000009ad00000, 0x000000009ae00000|  0%| F|  |TAMS 0x000000009ad00000, 0x000000009ad00000| Untracked 
| 356|0x000000009ae00000, 0x000000009ae00000, 0x000000009af00000|  0%| F|  |TAMS 0x000000009ae00000, 0x000000009ae00000| Untracked 
| 357|0x000000009af00000, 0x000000009af00000, 0x000000009b000000|  0%| F|  |TAMS 0x000000009af00000, 0x000000009af00000| Untracked 
| 358|0x000000009b000000, 0x000000009b000000, 0x000000009b100000|  0%| F|  |TAMS 0x000000009b000000, 0x000000009b000000| Untracked 
| 359|0x000000009b100000, 0x000000009b100000, 0x000000009b200000|  0%| F|  |TAMS 0x000000009b100000, 0x000000009b100000| Untracked 
| 360|0x000000009b200000, 0x000000009b200000, 0x000000009b300000|  0%| F|  |TAMS 0x000000009b200000, 0x000000009b200000| Untracked 
| 361|0x000000009b300000, 0x000000009b300000, 0x000000009b400000|  0%| F|  |TAMS 0x000000009b300000, 0x000000009b300000| Untracked 
| 362|0x000000009b400000, 0x000000009b400000, 0x000000009b500000|  0%| F|  |TAMS 0x000000009b400000, 0x000000009b400000| Untracked 
| 363|0x000000009b500000, 0x000000009b500000, 0x000000009b600000|  0%| F|  |TAMS 0x000000009b500000, 0x000000009b500000| Untracked 
| 364|0x000000009b600000, 0x000000009b600000, 0x000000009b700000|  0%| F|  |TAMS 0x000000009b600000, 0x000000009b600000| Untracked 
| 365|0x000000009b700000, 0x000000009b700000, 0x000000009b800000|  0%| F|  |TAMS 0x000000009b700000, 0x000000009b700000| Untracked 
| 366|0x000000009b800000, 0x000000009b800000, 0x000000009b900000|  0%| F|  |TAMS 0x000000009b800000, 0x000000009b800000| Untracked 
| 367|0x000000009b900000, 0x000000009b900000, 0x000000009ba00000|  0%| F|  |TAMS 0x000000009b900000, 0x000000009b900000| Untracked 
| 368|0x000000009ba00000, 0x000000009ba00000, 0x000000009bb00000|  0%| F|  |TAMS 0x000000009ba00000, 0x000000009ba00000| Untracked 
| 369|0x000000009bb00000, 0x000000009bb00000, 0x000000009bc00000|  0%| F|  |TAMS 0x000000009bb00000, 0x000000009bb00000| Untracked 
| 370|0x000000009bc00000, 0x000000009bc00000, 0x000000009bd00000|  0%| F|  |TAMS 0x000000009bc00000, 0x000000009bc00000| Untracked 
| 371|0x000000009bd00000, 0x000000009bd00000, 0x000000009be00000|  0%| F|  |TAMS 0x000000009bd00000, 0x000000009bd00000| Untracked 
| 372|0x000000009be00000, 0x000000009be00000, 0x000000009bf00000|  0%| F|  |TAMS 0x000000009be00000, 0x000000009be00000| Untracked 
| 373|0x000000009bf00000, 0x000000009bf00000, 0x000000009c000000|  0%| F|  |TAMS 0x000000009bf00000, 0x000000009bf00000| Untracked 
| 374|0x000000009c000000, 0x000000009c000000, 0x000000009c100000|  0%| F|  |TAMS 0x000000009c000000, 0x000000009c000000| Untracked 
| 375|0x000000009c100000, 0x000000009c100000, 0x000000009c200000|  0%| F|  |TAMS 0x000000009c100000, 0x000000009c100000| Untracked 
| 376|0x000000009c200000, 0x000000009c200000, 0x000000009c300000|  0%| F|  |TAMS 0x000000009c200000, 0x000000009c200000| Untracked 
| 377|0x000000009c300000, 0x000000009c300000, 0x000000009c400000|  0%| F|  |TAMS 0x000000009c300000, 0x000000009c300000| Untracked 
| 378|0x000000009c400000, 0x000000009c400000, 0x000000009c500000|  0%| F|  |TAMS 0x000000009c400000, 0x000000009c400000| Untracked 
| 379|0x000000009c500000, 0x000000009c500000, 0x000000009c600000|  0%| F|  |TAMS 0x000000009c500000, 0x000000009c500000| Untracked 
| 380|0x000000009c600000, 0x000000009c600000, 0x000000009c700000|  0%| F|  |TAMS 0x000000009c600000, 0x000000009c600000| Untracked 
| 381|0x000000009c700000, 0x000000009c700000, 0x000000009c800000|  0%| F|  |TAMS 0x000000009c700000, 0x000000009c700000| Untracked 
| 382|0x000000009c800000, 0x000000009c800000, 0x000000009c900000|  0%| F|  |TAMS 0x000000009c800000, 0x000000009c800000| Untracked 
| 383|0x000000009c900000, 0x000000009c900000, 0x000000009ca00000|  0%| F|  |TAMS 0x000000009c900000, 0x000000009c900000| Untracked 
| 384|0x000000009ca00000, 0x000000009ca00000, 0x000000009cb00000|  0%| F|  |TAMS 0x000000009ca00000, 0x000000009ca00000| Untracked 
| 385|0x000000009cb00000, 0x000000009cb00000, 0x000000009cc00000|  0%| F|  |TAMS 0x000000009cb00000, 0x000000009cb00000| Untracked 
| 386|0x000000009cc00000, 0x000000009cc00000, 0x000000009cd00000|  0%| F|  |TAMS 0x000000009cc00000, 0x000000009cc00000| Untracked 
| 387|0x000000009cd00000, 0x000000009cd00000, 0x000000009ce00000|  0%| F|  |TAMS 0x000000009cd00000, 0x000000009cd00000| Untracked 
| 388|0x000000009ce00000, 0x000000009ce00000, 0x000000009cf00000|  0%| F|  |TAMS 0x000000009ce00000, 0x000000009ce00000| Untracked 
| 389|0x000000009cf00000, 0x000000009cf00000, 0x000000009d000000|  0%| F|  |TAMS 0x000000009cf00000, 0x000000009cf00000| Untracked 
| 390|0x000000009d000000, 0x000000009d000000, 0x000000009d100000|  0%| F|  |TAMS 0x000000009d000000, 0x000000009d000000| Untracked 
| 391|0x000000009d100000, 0x000000009d100000, 0x000000009d200000|  0%| F|  |TAMS 0x000000009d100000, 0x000000009d100000| Untracked 
| 392|0x000000009d200000, 0x000000009d200000, 0x000000009d300000|  0%| F|  |TAMS 0x000000009d200000, 0x000000009d200000| Untracked 
| 393|0x000000009d300000, 0x000000009d300000, 0x000000009d400000|  0%| F|  |TAMS 0x000000009d300000, 0x000000009d300000| Untracked 
| 394|0x000000009d400000, 0x000000009d400000, 0x000000009d500000|  0%| F|  |TAMS 0x000000009d400000, 0x000000009d400000| Untracked 
| 395|0x000000009d500000, 0x000000009d500000, 0x000000009d600000|  0%| F|  |TAMS 0x000000009d500000, 0x000000009d500000| Untracked 
| 396|0x000000009d600000, 0x000000009d600000, 0x000000009d700000|  0%| F|  |TAMS 0x000000009d600000, 0x000000009d600000| Untracked 
| 397|0x000000009d700000, 0x000000009d700000, 0x000000009d800000|  0%| F|  |TAMS 0x000000009d700000, 0x000000009d700000| Untracked 
| 398|0x000000009d800000, 0x000000009d800000, 0x000000009d900000|  0%| F|  |TAMS 0x000000009d800000, 0x000000009d800000| Untracked 
| 399|0x000000009d900000, 0x000000009d900000, 0x000000009da00000|  0%| F|  |TAMS 0x000000009d900000, 0x000000009d900000| Untracked 
| 400|0x000000009da00000, 0x000000009da00000, 0x000000009db00000|  0%| F|  |TAMS 0x000000009da00000, 0x000000009da00000| Untracked 
| 401|0x000000009db00000, 0x000000009db00000, 0x000000009dc00000|  0%| F|  |TAMS 0x000000009db00000, 0x000000009db00000| Untracked 
| 402|0x000000009dc00000, 0x000000009dc00000, 0x000000009dd00000|  0%| F|  |TAMS 0x000000009dc00000, 0x000000009dc00000| Untracked 
| 403|0x000000009dd00000, 0x000000009dd00000, 0x000000009de00000|  0%| F|  |TAMS 0x000000009dd00000, 0x000000009dd00000| Untracked 
| 404|0x000000009de00000, 0x000000009de00000, 0x000000009df00000|  0%| F|  |TAMS 0x000000009de00000, 0x000000009de00000| Untracked 
| 405|0x000000009df00000, 0x000000009df00000, 0x000000009e000000|  0%| F|  |TAMS 0x000000009df00000, 0x000000009df00000| Untracked 
| 406|0x000000009e000000, 0x000000009e000000, 0x000000009e100000|  0%| F|  |TAMS 0x000000009e000000, 0x000000009e000000| Untracked 
| 407|0x000000009e100000, 0x000000009e100000, 0x000000009e200000|  0%| F|  |TAMS 0x000000009e100000, 0x000000009e100000| Untracked 
| 408|0x000000009e200000, 0x000000009e200000, 0x000000009e300000|  0%| F|  |TAMS 0x000000009e200000, 0x000000009e200000| Untracked 
| 409|0x000000009e300000, 0x000000009e300000, 0x000000009e400000|  0%| F|  |TAMS 0x000000009e300000, 0x000000009e300000| Untracked 
| 410|0x000000009e400000, 0x000000009e400000, 0x000000009e500000|  0%| F|  |TAMS 0x000000009e400000, 0x000000009e400000| Untracked 
| 411|0x000000009e500000, 0x000000009e500000, 0x000000009e600000|  0%| F|  |TAMS 0x000000009e500000, 0x000000009e500000| Untracked 
| 412|0x000000009e600000, 0x000000009e600000, 0x000000009e700000|  0%| F|  |TAMS 0x000000009e600000, 0x000000009e600000| Untracked 
| 413|0x000000009e700000, 0x000000009e700000, 0x000000009e800000|  0%| F|  |TAMS 0x000000009e700000, 0x000000009e700000| Untracked 
| 414|0x000000009e800000, 0x000000009e800000, 0x000000009e900000|  0%| F|  |TAMS 0x000000009e800000, 0x000000009e800000| Untracked 
| 415|0x000000009e900000, 0x000000009e900000, 0x000000009ea00000|  0%| F|  |TAMS 0x000000009e900000, 0x000000009e900000| Untracked 
| 416|0x000000009ea00000, 0x000000009ea00000, 0x000000009eb00000|  0%| F|  |TAMS 0x000000009ea00000, 0x000000009ea00000| Untracked 
| 417|0x000000009eb00000, 0x000000009eb00000, 0x000000009ec00000|  0%| F|  |TAMS 0x000000009eb00000, 0x000000009eb00000| Untracked 
| 418|0x000000009ec00000, 0x000000009ec00000, 0x000000009ed00000|  0%| F|  |TAMS 0x000000009ec00000, 0x000000009ec00000| Untracked 
| 419|0x000000009ed00000, 0x000000009ed00000, 0x000000009ee00000|  0%| F|  |TAMS 0x000000009ed00000, 0x000000009ed00000| Untracked 
| 420|0x000000009ee00000, 0x000000009ee00000, 0x000000009ef00000|  0%| F|  |TAMS 0x000000009ee00000, 0x000000009ee00000| Untracked 
| 421|0x000000009ef00000, 0x000000009ef00000, 0x000000009f000000|  0%| F|  |TAMS 0x000000009ef00000, 0x000000009ef00000| Untracked 
| 422|0x000000009f000000, 0x000000009f000000, 0x000000009f100000|  0%| F|  |TAMS 0x000000009f000000, 0x000000009f000000| Untracked 
| 423|0x000000009f100000, 0x000000009f100000, 0x000000009f200000|  0%| F|  |TAMS 0x000000009f100000, 0x000000009f100000| Untracked 
| 424|0x000000009f200000, 0x000000009f200000, 0x000000009f300000|  0%| F|  |TAMS 0x000000009f200000, 0x000000009f200000| Untracked 
| 425|0x000000009f300000, 0x000000009f300000, 0x000000009f400000|  0%| F|  |TAMS 0x000000009f300000, 0x000000009f300000| Untracked 
| 426|0x000000009f400000, 0x000000009f400000, 0x000000009f500000|  0%| F|  |TAMS 0x000000009f400000, 0x000000009f400000| Untracked 
| 427|0x000000009f500000, 0x000000009f500000, 0x000000009f600000|  0%| F|  |TAMS 0x000000009f500000, 0x000000009f500000| Untracked 
| 428|0x000000009f600000, 0x000000009f600000, 0x000000009f700000|  0%| F|  |TAMS 0x000000009f600000, 0x000000009f600000| Untracked 
| 429|0x000000009f700000, 0x000000009f700000, 0x000000009f800000|  0%| F|  |TAMS 0x000000009f700000, 0x000000009f700000| Untracked 
| 430|0x000000009f800000, 0x000000009f800000, 0x000000009f900000|  0%| F|  |TAMS 0x000000009f800000, 0x000000009f800000| Untracked 
| 431|0x000000009f900000, 0x000000009f900000, 0x000000009fa00000|  0%| F|  |TAMS 0x000000009f900000, 0x000000009f900000| Untracked 
| 432|0x000000009fa00000, 0x000000009fa00000, 0x000000009fb00000|  0%| F|  |TAMS 0x000000009fa00000, 0x000000009fa00000| Untracked 
| 433|0x000000009fb00000, 0x000000009fb00000, 0x000000009fc00000|  0%| F|  |TAMS 0x000000009fb00000, 0x000000009fb00000| Untracked 
| 434|0x000000009fc00000, 0x000000009fc00000, 0x000000009fd00000|  0%| F|  |TAMS 0x000000009fc00000, 0x000000009fc00000| Untracked 
| 435|0x000000009fd00000, 0x000000009fd00000, 0x000000009fe00000|  0%| F|  |TAMS 0x000000009fd00000, 0x000000009fd00000| Untracked 
| 436|0x000000009fe00000, 0x000000009fe00000, 0x000000009ff00000|  0%| F|  |TAMS 0x000000009fe00000, 0x000000009fe00000| Untracked 
| 437|0x000000009ff00000, 0x000000009ff00000, 0x00000000a0000000|  0%| F|  |TAMS 0x000000009ff00000, 0x000000009ff00000| Untracked 
| 438|0x00000000a0000000, 0x00000000a0000000, 0x00000000a0100000|  0%| F|  |TAMS 0x00000000a0000000, 0x00000000a0000000| Untracked 
| 439|0x00000000a0100000, 0x00000000a0100000, 0x00000000a0200000|  0%| F|  |TAMS 0x00000000a0100000, 0x00000000a0100000| Untracked 
| 440|0x00000000a0200000, 0x00000000a0200000, 0x00000000a0300000|  0%| F|  |TAMS 0x00000000a0200000, 0x00000000a0200000| Untracked 
| 441|0x00000000a0300000, 0x00000000a0300000, 0x00000000a0400000|  0%| F|  |TAMS 0x00000000a0300000, 0x00000000a0300000| Untracked 
| 442|0x00000000a0400000, 0x00000000a0400000, 0x00000000a0500000|  0%| F|  |TAMS 0x00000000a0400000, 0x00000000a0400000| Untracked 
| 443|0x00000000a0500000, 0x00000000a0500000, 0x00000000a0600000|  0%| F|  |TAMS 0x00000000a0500000, 0x00000000a0500000| Untracked 
| 444|0x00000000a0600000, 0x00000000a0600000, 0x00000000a0700000|  0%| F|  |TAMS 0x00000000a0600000, 0x00000000a0600000| Untracked 
| 445|0x00000000a0700000, 0x00000000a0700000, 0x00000000a0800000|  0%| F|  |TAMS 0x00000000a0700000, 0x00000000a0700000| Untracked 
| 446|0x00000000a0800000, 0x00000000a0800000, 0x00000000a0900000|  0%| F|  |TAMS 0x00000000a0800000, 0x00000000a0800000| Untracked 
| 447|0x00000000a0900000, 0x00000000a0900000, 0x00000000a0a00000|  0%| F|  |TAMS 0x00000000a0900000, 0x00000000a0900000| Untracked 
| 448|0x00000000a0a00000, 0x00000000a0a00000, 0x00000000a0b00000|  0%| F|  |TAMS 0x00000000a0a00000, 0x00000000a0a00000| Untracked 
| 449|0x00000000a0b00000, 0x00000000a0b00000, 0x00000000a0c00000|  0%| F|  |TAMS 0x00000000a0b00000, 0x00000000a0b00000| Untracked 
| 450|0x00000000a0c00000, 0x00000000a0c00000, 0x00000000a0d00000|  0%| F|  |TAMS 0x00000000a0c00000, 0x00000000a0c00000| Untracked 
| 451|0x00000000a0d00000, 0x00000000a0d00000, 0x00000000a0e00000|  0%| F|  |TAMS 0x00000000a0d00000, 0x00000000a0d00000| Untracked 
| 452|0x00000000a0e00000, 0x00000000a0e00000, 0x00000000a0f00000|  0%| F|  |TAMS 0x00000000a0e00000, 0x00000000a0e00000| Untracked 
| 453|0x00000000a0f00000, 0x00000000a0f00000, 0x00000000a1000000|  0%| F|  |TAMS 0x00000000a0f00000, 0x00000000a0f00000| Untracked 
| 454|0x00000000a1000000, 0x00000000a1000000, 0x00000000a1100000|  0%| F|  |TAMS 0x00000000a1000000, 0x00000000a1000000| Untracked 
| 455|0x00000000a1100000, 0x00000000a1100000, 0x00000000a1200000|  0%| F|  |TAMS 0x00000000a1100000, 0x00000000a1100000| Untracked 
| 456|0x00000000a1200000, 0x00000000a1200000, 0x00000000a1300000|  0%| F|  |TAMS 0x00000000a1200000, 0x00000000a1200000| Untracked 
| 457|0x00000000a1300000, 0x00000000a1300000, 0x00000000a1400000|  0%| F|  |TAMS 0x00000000a1300000, 0x00000000a1300000| Untracked 
| 458|0x00000000a1400000, 0x00000000a1400000, 0x00000000a1500000|  0%| F|  |TAMS 0x00000000a1400000, 0x00000000a1400000| Untracked 
| 459|0x00000000a1500000, 0x00000000a1500000, 0x00000000a1600000|  0%| F|  |TAMS 0x00000000a1500000, 0x00000000a1500000| Untracked 
| 460|0x00000000a1600000, 0x00000000a1600000, 0x00000000a1700000|  0%| F|  |TAMS 0x00000000a1600000, 0x00000000a1600000| Untracked 
| 461|0x00000000a1700000, 0x00000000a1700000, 0x00000000a1800000|  0%| F|  |TAMS 0x00000000a1700000, 0x00000000a1700000| Untracked 
| 462|0x00000000a1800000, 0x00000000a1800000, 0x00000000a1900000|  0%| F|  |TAMS 0x00000000a1800000, 0x00000000a1800000| Untracked 
| 463|0x00000000a1900000, 0x00000000a1900000, 0x00000000a1a00000|  0%| F|  |TAMS 0x00000000a1900000, 0x00000000a1900000| Untracked 
| 464|0x00000000a1a00000, 0x00000000a1a00000, 0x00000000a1b00000|  0%| F|  |TAMS 0x00000000a1a00000, 0x00000000a1a00000| Untracked 
| 465|0x00000000a1b00000, 0x00000000a1b00000, 0x00000000a1c00000|  0%| F|  |TAMS 0x00000000a1b00000, 0x00000000a1b00000| Untracked 
| 466|0x00000000a1c00000, 0x00000000a1c00000, 0x00000000a1d00000|  0%| F|  |TAMS 0x00000000a1c00000, 0x00000000a1c00000| Untracked 
| 467|0x00000000a1d00000, 0x00000000a1dd2440, 0x00000000a1e00000| 82%| S|CS|TAMS 0x00000000a1d00000, 0x00000000a1d00000| Complete 
| 468|0x00000000a1e00000, 0x00000000a1f00000, 0x00000000a1f00000|100%| S|CS|TAMS 0x00000000a1e00000, 0x00000000a1e00000| Complete 
| 469|0x00000000a1f00000, 0x00000000a1f00000, 0x00000000a2000000|  0%| F|  |TAMS 0x00000000a1f00000, 0x00000000a1f00000| Untracked 
| 470|0x00000000a2000000, 0x00000000a2000000, 0x00000000a2100000|  0%| F|  |TAMS 0x00000000a2000000, 0x00000000a2000000| Untracked 
| 471|0x00000000a2100000, 0x00000000a2100000, 0x00000000a2200000|  0%| F|  |TAMS 0x00000000a2100000, 0x00000000a2100000| Untracked 
| 472|0x00000000a2200000, 0x00000000a2200000, 0x00000000a2300000|  0%| F|  |TAMS 0x00000000a2200000, 0x00000000a2200000| Untracked 
| 473|0x00000000a2300000, 0x00000000a2300000, 0x00000000a2400000|  0%| F|  |TAMS 0x00000000a2300000, 0x00000000a2300000| Untracked 
| 474|0x00000000a2400000, 0x00000000a2400000, 0x00000000a2500000|  0%| F|  |TAMS 0x00000000a2400000, 0x00000000a2400000| Untracked 
| 475|0x00000000a2500000, 0x00000000a2600000, 0x00000000a2600000|100%| S|CS|TAMS 0x00000000a2500000, 0x00000000a2500000| Complete 
| 476|0x00000000a2600000, 0x00000000a2700000, 0x00000000a2700000|100%| S|CS|TAMS 0x00000000a2600000, 0x00000000a2600000| Complete 
| 477|0x00000000a2700000, 0x00000000a2700000, 0x00000000a2800000|  0%| F|  |TAMS 0x00000000a2700000, 0x00000000a2700000| Untracked 
| 478|0x00000000a2800000, 0x00000000a2800000, 0x00000000a2900000|  0%| F|  |TAMS 0x00000000a2800000, 0x00000000a2800000| Untracked 

Card table byte_map: [0x000002011c130000,0x000002011c510000] _byte_map_base: 0x000002011bd0b000

Marking Bits (Prev, Next): (CMBitMap*) 0x0000020104cc5e30, (CMBitMap*) 0x0000020104cc5df0
 Prev Bits: [0x000002011e7d0000, 0x00000201206a8000)
 Next Bits: [0x000002011c8f0000, 0x000002011e7c8000)

Polling page: 0x0000020102be0000

Metaspace:

Usage:
  Non-class:     24.23 MB used.
      Class:      3.76 MB used.
       Both:     27.99 MB used.

Virtual space:
  Non-class space:       32.00 MB reserved,      24.38 MB ( 76%) committed,  4 nodes.
      Class space:        1.00 GB reserved,       3.88 MB ( <1%) committed,  1 nodes.
             Both:        1.03 GB reserved,      28.25 MB (  3%) committed. 

Chunk freelists:
   Non-Class:  3.16 MB
       Class:  3.95 MB
        Both:  7.11 MB

MaxMetaspaceSize: unlimited
CompressedClassSpaceSize: 1.00 GB
Initial GC threshold: 21.00 MB
Current GC threshold: 47.12 MB
CDS: on
MetaspaceReclaimPolicy: balanced
 - commit_granule_bytes: 65536.
 - commit_granule_words: 8192.
 - virtual_space_node_default_size: 1048576.
 - enlarge_chunks_in_place: 1.
 - new_chunks_are_fully_committed: 0.
 - uncommit_free_chunks: 1.
 - use_allocation_guard: 0.
 - handle_deallocations: 1.


Internal statistics:

num_allocs_failed_limit: 3.
num_arena_births: 286.
num_arena_deaths: 0.
num_vsnodes_births: 5.
num_vsnodes_deaths: 0.
num_space_committed: 452.
num_space_uncommitted: 0.
num_chunks_returned_to_freelist: 3.
num_chunks_taken_from_freelist: 1099.
num_chunk_merges: 3.
num_chunk_splits: 730.
num_chunks_enlarged: 541.
num_purges: 0.
num_inconsistent_stats: 0.

CodeHeap 'non-profiled nmethods': size=119168Kb used=2383Kb max_used=2383Kb free=116784Kb
 bounds [0x0000020114070000, 0x00000201142e0000, 0x000002011b4d0000]
CodeHeap 'profiled nmethods': size=119104Kb used=12353Kb max_used=12353Kb free=106750Kb
 bounds [0x000002010cc20000, 0x000002010d840000, 0x0000020114070000]
CodeHeap 'non-nmethods': size=7488Kb used=3227Kb max_used=3268Kb free=4260Kb
 bounds [0x000002010c4d0000, 0x000002010c810000, 0x000002010cc20000]
 total_blobs=6612 nmethods=5703 adapters=816
 compilation: enabled
              stopped_count=0, restarted_count=0
 full_count=0

Compilation events (20 events):
Event: 6.862 Thread 0x0000020129bc0f10 nmethod 5699 0x000002010d820090 code [0x000002010d820240, 0x000002010d820478]
Event: 6.864 Thread 0x0000020129bbeba0 nmethod 5694 0x00000201142bdb90 code [0x00000201142bdd20, 0x00000201142be1f8]
Event: 6.864 Thread 0x0000020129bbeba0 5698       4       com.sun.javafx.text.TextRun::getWidth (93 bytes)
Event: 6.865 Thread 0x0000020129bc1e40 nmethod 5697 0x00000201142be410 code [0x00000201142be5c0, 0x00000201142bea10]
Event: 6.865 Thread 0x0000020129bc1e40 5696       4       com.sun.javafx.text.TextRun::getAdvance (43 bytes)
Event: 6.866 Thread 0x0000020129bc1e40 nmethod 5696 0x00000201142bec10 code [0x00000201142bed80, 0x00000201142bee58]
Event: 6.866 Thread 0x0000020129bbeba0 nmethod 5698 0x00000201142bef10 code [0x00000201142bf0c0, 0x00000201142bf278]
Event: 6.879 Thread 0x0000020129bc1e40 5700       4       java.nio.HeapByteBuffer::<init> (31 bytes)
Event: 6.883 Thread 0x0000020129bc1e40 nmethod 5700 0x00000201142bf390 code [0x00000201142bf520, 0x00000201142bf918]
Event: 6.893 Thread 0x0000020122e044d0 nmethod 5695 0x00000201142bfc10 code [0x00000201142bfee0, 0x00000201142c2390]
Event: 6.909 Thread 0x0000020122e044d0 5701       4       com.sun.javafx.font.LogicalFont::getGlyphBoundingBox (33 bytes)
Event: 6.909 Thread 0x0000020129bbeba0 5702       4       javafx.scene.layout.Region::maxHeight (52 bytes)
Event: 6.909 Thread 0x0000020129bc0f10 5703       3       javafx.scene.layout.VBox::getVgrow (10 bytes)
Event: 6.909 Thread 0x0000020129bc1e40 5704       4       javafx.scene.layout.Region::computeChildPrefAreaHeight (273 bytes)
Event: 6.910 Thread 0x0000020129bc0f10 nmethod 5703 0x000002010d820590 code [0x000002010d8207c0, 0x000002010d821218]
Event: 6.910 Thread 0x0000020129bbeba0 nmethod 5702 0x00000201142c3510 code [0x00000201142c36e0, 0x00000201142c3818]
Event: 6.910 Thread 0x0000020129bbeba0 5705       4       com.sun.javafx.font.PrismFont::equals (54 bytes)
Event: 6.911 Thread 0x0000020129bbeba0 nmethod 5705 0x00000201142c3990 code [0x00000201142c3b20, 0x00000201142c3d98]
Event: 6.912 Thread 0x0000020122e0d730 5706       3       com.sun.javafx.sg.prism.NGRegion::renderBorderRectangle (2679 bytes)
Event: 6.919 Thread 0x0000020122e0d730 nmethod 5706 0x000002010d821510 code [0x000002010d822440, 0x000002010d82c498]

GC Heap History (20 events):
Event: 2.225 GC heap after
{Heap after GC invocations=6 (full 0):
 garbage-first heap   total 76800K, used 60723K [0x0000000084a00000, 0x0000000100000000)
  region size 1024K, 1 young (1024K), 1 survivors (1024K)
 Metaspace       used 25993K, committed 26240K, reserved 1073152K
  class space    used 3557K, committed 3712K, reserved 1048576K
}
Event: 2.238 GC heap before
{Heap before GC invocations=7 (full 0):
 garbage-first heap   total 117760K, used 68915K [0x0000000084a00000, 0x0000000100000000)
  region size 1024K, 2 young (2048K), 1 survivors (1024K)
 Metaspace       used 26003K, committed 26304K, reserved 1073152K
  class space    used 3558K, committed 3712K, reserved 1048576K
}
Event: 2.238 GC heap after
{Heap after GC invocations=8 (full 0):
 garbage-first heap   total 117760K, used 68569K [0x0000000084a00000, 0x0000000100000000)
  region size 1024K, 1 young (1024K), 1 survivors (1024K)
 Metaspace       used 26003K, committed 26304K, reserved 1073152K
  class space    used 3558K, committed 3712K, reserved 1048576K
}
Event: 2.308 GC heap before
{Heap before GC invocations=9 (full 0):
 garbage-first heap   total 342016K, used 238553K [0x0000000084a00000, 0x0000000100000000)
  region size 1024K, 3 young (3072K), 1 survivors (1024K)
 Metaspace       used 26147K, committed 26432K, reserved 1073152K
  class space    used 3560K, committed 3712K, reserved 1048576K
}
Event: 2.310 GC heap after
{Heap after GC invocations=10 (full 0):
 garbage-first heap   total 342016K, used 237421K [0x0000000084a00000, 0x0000000100000000)
  region size 1024K, 1 young (1024K), 1 survivors (1024K)
 Metaspace       used 26147K, committed 26432K, reserved 1073152K
  class space    used 3560K, committed 3712K, reserved 1048576K
}
Event: 2.326 GC heap before
{Heap before GC invocations=11 (full 0):
 garbage-first heap   total 404480K, used 241517K [0x0000000084a00000, 0x0000000100000000)
  region size 1024K, 4 young (4096K), 1 survivors (1024K)
 Metaspace       used 26164K, committed 26496K, reserved 1073152K
  class space    used 3560K, committed 3712K, reserved 1048576K
}
Event: 2.327 GC heap after
{Heap after GC invocations=12 (full 0):
 garbage-first heap   total 404480K, used 239466K [0x0000000084a00000, 0x0000000100000000)
  region size 1024K, 1 young (1024K), 1 survivors (1024K)
 Metaspace       used 26164K, committed 26496K, reserved 1073152K
  class space    used 3560K, committed 3712K, reserved 1048576K
}
Event: 4.260 GC heap before
{Heap before GC invocations=13 (full 0):
 garbage-first heap   total 408576K, used 256874K [0x0000000084a00000, 0x0000000100000000)
  region size 1024K, 17 young (17408K), 1 survivors (1024K)
 Metaspace       used 28133K, committed 28416K, reserved 1081344K
  class space    used 3835K, committed 3968K, reserved 1048576K
}
Event: 4.263 GC heap after
{Heap after GC invocations=14 (full 0):
 garbage-first heap   total 408576K, used 243215K [0x0000000084a00000, 0x0000000100000000)
  region size 1024K, 2 young (2048K), 2 survivors (2048K)
 Metaspace       used 28133K, committed 28416K, reserved 1081344K
  class space    used 3835K, committed 3968K, reserved 1048576K
}
Event: 4.312 GC heap before
{Heap before GC invocations=15 (full 0):
 garbage-first heap   total 413696K, used 247311K [0x0000000084a00000, 0x0000000100000000)
  region size 1024K, 5 young (5120K), 2 survivors (2048K)
 Metaspace       used 28166K, committed 28416K, reserved 1081344K
  class space    used 3836K, committed 3968K, reserved 1048576K
}
Event: 4.314 GC heap after
{Heap after GC invocations=16 (full 0):
 garbage-first heap   total 413696K, used 245264K [0x0000000084a00000, 0x0000000100000000)
  region size 1024K, 2 young (2048K), 2 survivors (2048K)
 Metaspace       used 28166K, committed 28416K, reserved 1081344K
  class space    used 3836K, committed 3968K, reserved 1048576K
}
Event: 6.780 GC heap before
{Heap before GC invocations=17 (full 0):
 garbage-first heap   total 416768K, used 263696K [0x0000000084a00000, 0x0000000100000000)
  region size 1024K, 19 young (19456K), 2 survivors (2048K)
 Metaspace       used 28597K, committed 28928K, reserved 1081344K
  class space    used 3840K, committed 3968K, reserved 1048576K
}
Event: 6.781 GC heap after
{Heap after GC invocations=18 (full 0):
 garbage-first heap   total 416768K, used 244877K [0x0000000084a00000, 0x0000000100000000)
  region size 1024K, 4 young (4096K), 4 survivors (4096K)
 Metaspace       used 28597K, committed 28928K, reserved 1081344K
  class space    used 3840K, committed 3968K, reserved 1048576K
}
Event: 6.820 GC heap before
{Heap before GC invocations=19 (full 0):
 garbage-first heap   total 418816K, used 249997K [0x0000000084a00000, 0x0000000100000000)
  region size 1024K, 8 young (8192K), 4 survivors (4096K)
 Metaspace       used 28606K, committed 28928K, reserved 1081344K
  class space    used 3840K, committed 3968K, reserved 1048576K
}
Event: 6.822 GC heap after
{Heap after GC invocations=20 (full 0):
 garbage-first heap   total 418816K, used 247016K [0x0000000084a00000, 0x0000000100000000)
  region size 1024K, 4 young (4096K), 4 survivors (4096K)
 Metaspace       used 28606K, committed 28928K, reserved 1081344K
  class space    used 3840K, committed 3968K, reserved 1048576K
}
Event: 6.872 GC heap before
{Heap before GC invocations=21 (full 0):
 garbage-first heap   total 418816K, used 287976K [0x0000000084a00000, 0x0000000100000000)
  region size 1024K, 8 young (8192K), 4 survivors (4096K)
 Metaspace       used 28615K, committed 28928K, reserved 1081344K
  class space    used 3841K, committed 3968K, reserved 1048576K
}
Event: 6.874 GC heap after
{Heap after GC invocations=22 (full 0):
 garbage-first heap   total 418816K, used 284938K [0x0000000084a00000, 0x0000000100000000)
  region size 1024K, 4 young (4096K), 4 survivors (4096K)
 Metaspace       used 28615K, committed 28928K, reserved 1081344K
  class space    used 3841K, committed 3968K, reserved 1048576K
}
Event: 6.890 GC heap before
{Heap before GC invocations=23 (full 0):
 garbage-first heap   total 486400K, used 291082K [0x0000000084a00000, 0x0000000100000000)
  region size 1024K, 7 young (7168K), 4 survivors (4096K)
 Metaspace       used 28644K, committed 28928K, reserved 1081344K
  class space    used 3844K, committed 3968K, reserved 1048576K
}
Event: 6.892 GC heap after
{Heap after GC invocations=24 (full 0):
 garbage-first heap   total 486400K, used 289244K [0x0000000084a00000, 0x0000000100000000)
  region size 1024K, 4 young (4096K), 4 survivors (4096K)
 Metaspace       used 28644K, committed 28928K, reserved 1081344K
  class space    used 3844K, committed 3968K, reserved 1048576K
}
Event: 6.919 GC heap before
{Heap before GC invocations=25 (full 0):
 garbage-first heap   total 490496K, used 294364K [0x0000000084a00000, 0x0000000100000000)
  region size 1024K, 8 young (8192K), 4 survivors (4096K)
 Metaspace       used 28657K, committed 28928K, reserved 1081344K
  class space    used 3845K, committed 3968K, reserved 1048576K
}

Deoptimization events (20 events):
Event: 4.190 Thread 0x00000201246655b0 DEOPT PACKING pc=0x000002011422da70 sp=0x00000033cbbfc210
Event: 4.190 Thread 0x00000201246655b0 DEOPT UNPACKING pc=0x000002010c525ba3 sp=0x00000033cbbfc0c0 mode 2
Event: 6.635 Thread 0x00000201247cf430 DEOPT PACKING pc=0x000002010cee5d77 sp=0x00000033cbdfbaf0
Event: 6.635 Thread 0x00000201247cf430 DEOPT UNPACKING pc=0x000002010c5266e3 sp=0x00000033cbdfafd8 mode 0
Event: 6.638 Thread 0x00000201247cf430 DEOPT PACKING pc=0x000002010cee5d77 sp=0x00000033cbdfb910
Event: 6.638 Thread 0x00000201247cf430 DEOPT UNPACKING pc=0x000002010c5266e3 sp=0x00000033cbdfadf8 mode 0
Event: 6.638 Thread 0x00000201247cf430 DEOPT PACKING pc=0x000002010cee5d77 sp=0x00000033cbdfbaf0
Event: 6.638 Thread 0x00000201247cf430 DEOPT UNPACKING pc=0x000002010c5266e3 sp=0x00000033cbdfafd8 mode 0
Event: 6.640 Thread 0x00000201247cf430 DEOPT PACKING pc=0x000002010cee5d77 sp=0x00000033cbdfbaf0
Event: 6.640 Thread 0x00000201247cf430 DEOPT UNPACKING pc=0x000002010c5266e3 sp=0x00000033cbdfafd8 mode 0
Event: 6.641 Thread 0x00000201247cf430 DEOPT PACKING pc=0x000002010cee5d77 sp=0x00000033cbdfb910
Event: 6.641 Thread 0x00000201247cf430 DEOPT UNPACKING pc=0x000002010c5266e3 sp=0x00000033cbdfadf8 mode 0
Event: 6.642 Thread 0x00000201247cf430 DEOPT PACKING pc=0x000002010cee5d77 sp=0x00000033cbdfb9e0
Event: 6.642 Thread 0x00000201247cf430 DEOPT UNPACKING pc=0x000002010c5266e3 sp=0x00000033cbdfaec8 mode 0
Event: 6.643 Thread 0x00000201247cf430 DEOPT PACKING pc=0x000002010cee5d77 sp=0x00000033cbdfb840
Event: 6.643 Thread 0x00000201247cf430 DEOPT UNPACKING pc=0x000002010c5266e3 sp=0x00000033cbdfad28 mode 0
Event: 6.697 Thread 0x00000201247cf430 Uncommon trap: trap_request=0xffffff45 fr.pc=0x000002011427485c relative=0x0000000000000edc
Event: 6.697 Thread 0x00000201247cf430 Uncommon trap: reason=unstable_if action=reinterpret pc=0x000002011427485c method=javafx.scene.Node.updateBounds()V @ 37 c2
Event: 6.697 Thread 0x00000201247cf430 DEOPT PACKING pc=0x000002011427485c sp=0x00000033cbdfe570
Event: 6.697 Thread 0x00000201247cf430 DEOPT UNPACKING pc=0x000002010c525ba3 sp=0x00000033cbdfe540 mode 2

Classes unloaded (0 events):
No events

Classes redefined (0 events):
No events

Internal exceptions (20 events):
Event: 1.551 Thread 0x00000201247cf430 Exception <a 'java/lang/NoSuchMethodError'{0x000000008b25fa50}: 'java.lang.Object java.lang.invoke.DirectMethodHandle$Holder.newInvokeSpecial(java.lang.Object, java.lang.Object, int)'> (0x000000008b25fa50) 
thrown [s\open\src\hotspot\share\interpreter\linkResolver.cpp, line 759]
Event: 1.646 Thread 0x0000020129ad7bc0 Exception <a 'sun/nio/fs/WindowsException'{0x000000008ab15790}> (0x000000008ab15790) 
thrown [s\open\src\hotspot\share\prims\jni.cpp, line 516]
Event: 1.659 Thread 0x00000201246655b0 Exception <a 'java/lang/NoSuchMethodError'{0x000000008abcd348}: 'int java.lang.invoke.DirectMethodHandle$Holder.invokeStaticInit(java.lang.Object, java.lang.Object)'> (0x000000008abcd348) 
thrown [s\open\src\hotspot\share\interpreter\linkResolver.cpp, line 759]
Event: 1.671 Thread 0x0000020129ad7bc0 Exception <a 'java/lang/NoSuchMethodError'{0x000000008aa8a0d0}: 'int java.lang.invoke.DirectMethodHandle$Holder.invokeStaticInit(java.lang.Object, java.lang.Object, java.lang.Object, java.lang.Object)'> (0x000000008aa8a0d0) 
thrown [s\open\src\hotspot\share\interpreter\linkResolver.cpp, line 759]
Event: 1.672 Thread 0x0000020129ad7bc0 Exception <a 'java/lang/IncompatibleClassChangeError'{0x000000008aa93230}: Found class java.lang.Object, but interface was expected> (0x000000008aa93230) 
thrown [s\open\src\hotspot\share\interpreter\linkResolver.cpp, line 826]
Event: 1.771 Thread 0x0000020129ad8090 Exception <a 'java/lang/NoSuchMethodError'{0x0000000087093808}: 'java.lang.Object java.lang.invoke.DirectMethodHandle$Holder.invokeStaticInit(java.lang.Object, int, int, int, int)'> (0x0000000087093808) 
thrown [s\open\src\hotspot\share\interpreter\linkResolver.cpp, line 759]
Event: 1.830 Thread 0x00000201246655b0 Exception <a 'java/lang/NoSuchMethodError'{0x0000000086e1b1b8}: 'java.lang.Object java.lang.invoke.DirectMethodHandle$Holder.invokeStaticInit(java.lang.Object, int)'> (0x0000000086e1b1b8) 
thrown [s\open\src\hotspot\share\interpreter\linkResolver.cpp, line 759]
Event: 1.837 Thread 0x0000020129ad8090 Exception <a 'java/lang/NoSuchMethodError'{0x0000000086e85388}: 'java.lang.Object java.lang.invoke.DirectMethodHandle$Holder.invokeStaticInit(java.lang.Object, java.lang.Object, int, int, int, int)'> (0x0000000086e85388) 
thrown [s\open\src\hotspot\share\interpreter\linkResolver.cpp, line 759]
Event: 2.052 Thread 0x0000020129ad6880 Implicit null exception at 0x000002011419ec11 to 0x000002011419eea3
Event: 3.294 Thread 0x00000201247cf430 Exception <a 'java/lang/NoSuchMethodError'{0x000000009d87c968}: 'long java.lang.invoke.DirectMethodHandle$Holder.invokeStatic(java.lang.Object, java.lang.Object, java.lang.Object)'> (0x000000009d87c968) 
thrown [s\open\src\hotspot\share\interpreter\linkResolver.cpp, line 759]
Event: 3.294 Thread 0x00000201247cf430 Exception <a 'java/lang/NoSuchMethodError'{0x000000009d880110}: 'long java.lang.invoke.DirectMethodHandle$Holder.invokeStaticInit(java.lang.Object, java.lang.Object, java.lang.Object)'> (0x000000009d880110) 
thrown [s\open\src\hotspot\share\interpreter\linkResolver.cpp, line 759]
Event: 3.295 Thread 0x00000201247cf430 Exception <a 'java/lang/NoSuchMethodError'{0x000000009d6b2398}: 'java.lang.Object java.lang.invoke.DirectMethodHandle$Holder.newInvokeSpecial(java.lang.Object, java.lang.Object, long)'> (0x000000009d6b2398) 
thrown [s\open\src\hotspot\share\interpreter\linkResolver.cpp, line 759]
Event: 3.295 Thread 0x00000201247cf430 Exception <a 'java/lang/NoSuchMethodError'{0x000000009d6b5f08}: 'java.lang.Object java.lang.invoke.Invokers$Holder.linkToTargetMethod(java.lang.Object, long, java.lang.Object)'> (0x000000009d6b5f08) 
thrown [s\open\src\hotspot\share\interpreter\linkResolver.cpp, line 759]
Event: 3.532 Thread 0x00000201247cf430 Exception <a 'java/lang/NoSuchMethodError'{0x000000009d10eab8}: 'void java.lang.invoke.DirectMethodHandle$Holder.invokeSpecial(java.lang.Object, java.lang.Object, int)'> (0x000000009d10eab8) 
thrown [s\open\src\hotspot\share\interpreter\linkResolver.cpp, line 759]
Event: 3.589 Thread 0x00000201247cf430 Exception <a 'java/lang/NoSuchMethodError'{0x000000009cd17c10}: 'int java.lang.invoke.DirectMethodHandle$Holder.invokeSpecial(java.lang.Object, java.lang.Object, int)'> (0x000000009cd17c10) 
thrown [s\open\src\hotspot\share\interpreter\linkResolver.cpp, line 759]
Event: 3.625 Thread 0x00000201247cf430 Exception <a 'java/io/FileNotFoundException'{0x000000009ca1cee8}> (0x000000009ca1cee8) 
thrown [s\open\src\hotspot\share\prims\jni.cpp, line 516]
Event: 3.625 Thread 0x00000201247cf430 Exception <a 'java/io/FileNotFoundException'{0x000000009ca1df78}> (0x000000009ca1df78) 
thrown [s\open\src\hotspot\share\prims\jni.cpp, line 516]
Event: 3.626 Thread 0x00000201247cf430 Exception <a 'java/io/FileNotFoundException'{0x000000009ca1f020}> (0x000000009ca1f020) 
thrown [s\open\src\hotspot\share\prims\jni.cpp, line 516]
Event: 3.626 Thread 0x00000201247cf430 Exception <a 'java/io/FileNotFoundException'{0x000000009ca200a8}> (0x000000009ca200a8) 
thrown [s\open\src\hotspot\share\prims\jni.cpp, line 516]
Event: 4.172 Thread 0x00000201247cf430 Exception <a 'java/lang/NoSuchMethodError'{0x000000009c8351d8}: 'java.lang.Object java.lang.invoke.DirectMethodHandle$Holder.newInvokeSpecial(java.lang.Object, java.lang.Object, java.lang.Object, double, double, double, double, int, int, int, int, int, int, int, int, int)'> (0x000000009c8351d8) 
thrown [s\open\src\hotspot\share\interpreter\linkResolver.cpp, line 759]

VM Operations (20 events):
Event: 6.822 Executing VM operation: G1TryInitiateConcMark done
Event: 6.829 Executing VM operation: G1Concurrent
Event: 6.832 Executing VM operation: G1Concurrent done
Event: 6.835 Executing VM operation: G1Concurrent
Event: 6.844 Executing VM operation: G1Concurrent done
Event: 6.872 Executing VM operation: G1TryInitiateConcMark
Event: 6.874 Executing VM operation: G1TryInitiateConcMark done
Event: 6.880 Executing VM operation: G1Concurrent
Event: 6.883 Executing VM operation: G1Concurrent done
Event: 6.885 Executing VM operation: G1Concurrent
Event: 6.885 Executing VM operation: G1Concurrent done
Event: 6.890 Executing VM operation: G1TryInitiateConcMark
Event: 6.890 Executing VM operation: G1TryInitiateConcMark done
Event: 6.890 Executing VM operation: G1TryInitiateConcMark
Event: 6.892 Executing VM operation: G1TryInitiateConcMark done
Event: 6.899 Executing VM operation: G1Concurrent
Event: 6.900 Executing VM operation: G1Concurrent done
Event: 6.903 Executing VM operation: G1Concurrent
Event: 6.903 Executing VM operation: G1Concurrent done
Event: 6.919 Executing VM operation: G1TryInitiateConcMark

Events (20 events):
Event: 6.763 Thread 0x000002012ef7d020 Thread exited: 0x000002012ef7d020
Event: 6.779 Thread 0x000002012ef7d020 Thread added: 0x000002012ef7d020
Event: 6.779 Thread 0x000002012ef7c1b0 Thread added: 0x000002012ef7c1b0
Event: 6.779 Thread 0x000002012ef7d020 Thread exited: 0x000002012ef7d020
Event: 6.779 Thread 0x000002012ef7c1b0 Thread exited: 0x000002012ef7c1b0
Event: 6.785 Thread 0x0000020129ad8090 Thread exited: 0x0000020129ad8090
Event: 6.787 Thread 0x000002012ef7c1b0 Thread added: 0x000002012ef7c1b0
Event: 6.787 Thread 0x000002012ef7c1b0 Thread exited: 0x000002012ef7c1b0
Event: 6.793 Thread 0x000002012ef7ed00 Thread added: 0x000002012ef7ed00
Event: 6.793 Thread 0x000002012ef7ed00 Thread exited: 0x000002012ef7ed00
Event: 6.856 Thread 0x0000020129ad8560 Thread exited: 0x0000020129ad8560
Event: 6.874 loading class sun/net/www/http/ChunkedInputStream
Event: 6.874 loading class sun/net/www/http/ChunkedInputStream done
Event: 6.875 loading class sun/security/ssl/Alert
Event: 6.875 loading class sun/security/ssl/Alert done
Event: 6.875 loading class sun/security/ssl/Alert$AlertConsumer
Event: 6.875 loading class sun/security/ssl/Alert$AlertConsumer done
Event: 6.875 loading class sun/security/ssl/Alert$Level
Event: 6.875 loading class sun/security/ssl/Alert$Level done
Event: 6.895 Thread 0x0000020129ad6880 Thread exited: 0x0000020129ad6880


Dynamic libraries:
0x00007ff7b30d0000 - 0x00007ff7b30e0000 	C:\Program Files\Java\jdk-17.0.5\bin\java.exe
0x00007ffa3aa20000 - 0x00007ffa3ac87000 	C:\WINDOWS\SYSTEM32\ntdll.dll
0x00007ffa03ee0000 - 0x00007ffa03f01000 	C:\Program Files\Avast Software\Avast\aswhook.dll
0x00007ffa39660000 - 0x00007ffa39729000 	C:\WINDOWS\System32\KERNEL32.DLL
0x00007ffa37850000 - 0x00007ffa37c44000 	C:\WINDOWS\System32\KERNELBASE.dll
0x00007ffa372f0000 - 0x00007ffa3743b000 	C:\WINDOWS\System32\ucrtbase.dll
0x00007ff9a3770000 - 0x00007ff9a3788000 	C:\Program Files\Java\jdk-17.0.5\bin\jli.dll
0x00007ff9a3300000 - 0x00007ff9a331a000 	C:\Program Files\Java\jdk-17.0.5\bin\VCRUNTIME140.dll
0x00007ffa3a920000 - 0x00007ffa3a9d6000 	C:\WINDOWS\System32\ADVAPI32.dll
0x00007ffa39040000 - 0x00007ffa390e9000 	C:\WINDOWS\System32\msvcrt.dll
0x00007ffa387b0000 - 0x00007ffa38857000 	C:\WINDOWS\System32\sechost.dll
0x00007ffa398c0000 - 0x00007ffa399d8000 	C:\WINDOWS\System32\RPCRT4.dll
0x00007ffa3a2a0000 - 0x00007ffa3a465000 	C:\WINDOWS\System32\USER32.dll
0x00007ffa38780000 - 0x00007ffa387a7000 	C:\WINDOWS\System32\win32u.dll
0x00007ffa1fc10000 - 0x00007ffa1fea3000 	C:\WINDOWS\WinSxS\amd64_microsoft.windows.common-controls_6595b64144ccf1df_6.0.26100.8115_none_3e075c82e3354f9c\COMCTL32.dll
0x00007ffa39890000 - 0x00007ffa398bb000 	C:\WINDOWS\System32\GDI32.dll
0x00007ffa37670000 - 0x00007ffa3779b000 	C:\WINDOWS\System32\gdi32full.dll
0x00007ffa375c0000 - 0x00007ffa37663000 	C:\WINDOWS\System32\msvcp_win.dll
0x00007ffa27cb0000 - 0x00007ffa27cbb000 	C:\WINDOWS\SYSTEM32\VERSION.dll
0x00007ffa399e0000 - 0x00007ffa39a12000 	C:\WINDOWS\System32\IMM32.DLL
0x00007ffa22250000 - 0x00007ffa2225c000 	C:\Program Files\Java\jdk-17.0.5\bin\vcruntime140_1.dll
0x00007ff9a0b00000 - 0x00007ff9a0b8d000 	C:\Program Files\Java\jdk-17.0.5\bin\msvcp140.dll
0x00007ff9881d0000 - 0x00007ff988d92000 	C:\Program Files\Java\jdk-17.0.5\bin\server\jvm.dll
0x00007ffa3a050000 - 0x00007ffa3a058000 	C:\WINDOWS\System32\PSAPI.DLL
0x00007ffa25070000 - 0x00007ffa250a6000 	C:\WINDOWS\SYSTEM32\WINMM.dll
0x00007ffa1d510000 - 0x00007ffa1d51a000 	C:\WINDOWS\SYSTEM32\WSOCK32.dll
0x00007ffa390f0000 - 0x00007ffa39170000 	C:\WINDOWS\System32\WS2_32.dll
0x00007ffa36040000 - 0x00007ffa3605b000 	C:\WINDOWS\SYSTEM32\kernel.appcore.dll
0x00007ff9a7aa0000 - 0x00007ff9a7aaa000 	C:\Program Files\Java\jdk-17.0.5\bin\jimage.dll
0x00007ffa35220000 - 0x00007ffa35462000 	C:\WINDOWS\SYSTEM32\DBGHELP.DLL
0x00007ffa3a470000 - 0x00007ffa3a7f2000 	C:\WINDOWS\System32\combase.dll
0x00007ffa39ca0000 - 0x00007ffa39d78000 	C:\WINDOWS\System32\OLEAUT32.dll
0x00007ffa271e0000 - 0x00007ffa2721b000 	C:\WINDOWS\SYSTEM32\dbgcore.DLL
0x00007ffa377a0000 - 0x00007ffa37845000 	C:\WINDOWS\System32\bcryptPrimitives.dll
0x00007ff9a1ba0000 - 0x00007ff9a1bc5000 	C:\Program Files\Java\jdk-17.0.5\bin\java.dll
0x00007ff9a0650000 - 0x00007ff9a0726000 	C:\Program Files\Java\jdk-17.0.5\bin\jsvml.dll
0x00007ffa38860000 - 0x00007ffa38fc7000 	C:\WINDOWS\System32\SHELL32.dll
0x00007ffa37c50000 - 0x00007ffa37dba000 	C:\WINDOWS\System32\wintypes.dll
0x00007ffa37dc0000 - 0x00007ffa38628000 	C:\WINDOWS\System32\windows.storage.dll
0x00007ffa39d80000 - 0x00007ffa39e78000 	C:\WINDOWS\System32\SHCORE.dll
0x00007ffa38fd0000 - 0x00007ffa39036000 	C:\WINDOWS\System32\shlwapi.dll
0x00007ffa37210000 - 0x00007ffa37239000 	C:\WINDOWS\SYSTEM32\profapi.dll
0x00007ff9a2ba0000 - 0x00007ff9a2bb9000 	C:\Program Files\Java\jdk-17.0.5\bin\net.dll
0x00007ffa29640000 - 0x00007ffa2976d000 	C:\WINDOWS\SYSTEM32\WINHTTP.dll
0x00007ffa36590000 - 0x00007ffa365fc000 	C:\WINDOWS\system32\mswsock.dll
0x00007ff9a10c0000 - 0x00007ff9a10d6000 	C:\Program Files\Java\jdk-17.0.5\bin\nio.dll
0x00007ff9a10a0000 - 0x00007ff9a10b8000 	C:\Program Files\Java\jdk-17.0.5\bin\zip.dll
0x0000020102c20000 - 0x0000020102c23000 	C:\Users\Yassine\.openjfx\cache\21.0.2+5\amd64\api-ms-win-core-console-l1-1-0.dll
0x0000020102c30000 - 0x0000020102c33000 	C:\Users\Yassine\.openjfx\cache\21.0.2+5\amd64\api-ms-win-core-console-l1-2-0.dll
0x0000020102fe0000 - 0x0000020102fe3000 	C:\Users\Yassine\.openjfx\cache\21.0.2+5\amd64\api-ms-win-core-datetime-l1-1-0.dll
0x0000020102ff0000 - 0x0000020102ff3000 	C:\Users\Yassine\.openjfx\cache\21.0.2+5\amd64\api-ms-win-core-debug-l1-1-0.dll
0x0000020103000000 - 0x0000020103003000 	C:\Users\Yassine\.openjfx\cache\21.0.2+5\amd64\api-ms-win-core-errorhandling-l1-1-0.dll
0x0000020104c20000 - 0x0000020104c24000 	C:\Users\Yassine\.openjfx\cache\21.0.2+5\amd64\api-ms-win-core-file-l1-1-0.dll
0x00000201237e0000 - 0x00000201237e3000 	C:\Users\Yassine\.openjfx\cache\21.0.2+5\amd64\api-ms-win-core-file-l1-2-0.dll
0x00000201237f0000 - 0x00000201237f3000 	C:\Users\Yassine\.openjfx\cache\21.0.2+5\amd64\api-ms-win-core-file-l2-1-0.dll
0x0000020124c00000 - 0x0000020124c03000 	C:\Users\Yassine\.openjfx\cache\21.0.2+5\amd64\api-ms-win-core-handle-l1-1-0.dll
0x0000020124c10000 - 0x0000020124c13000 	C:\Users\Yassine\.openjfx\cache\21.0.2+5\amd64\api-ms-win-core-heap-l1-1-0.dll
0x0000020124c20000 - 0x0000020124c23000 	C:\Users\Yassine\.openjfx\cache\21.0.2+5\amd64\api-ms-win-core-interlocked-l1-1-0.dll
0x0000020124c30000 - 0x0000020124c33000 	C:\Users\Yassine\.openjfx\cache\21.0.2+5\amd64\api-ms-win-core-libraryloader-l1-1-0.dll
0x0000020124c40000 - 0x0000020124c43000 	C:\Users\Yassine\.openjfx\cache\21.0.2+5\amd64\api-ms-win-core-localization-l1-2-0.dll
0x0000020124c50000 - 0x0000020124c53000 	C:\Users\Yassine\.openjfx\cache\21.0.2+5\amd64\api-ms-win-core-memory-l1-1-0.dll
0x0000020124c60000 - 0x0000020124c63000 	C:\Users\Yassine\.openjfx\cache\21.0.2+5\amd64\api-ms-win-core-namedpipe-l1-1-0.dll
0x0000020124c70000 - 0x0000020124c73000 	C:\Users\Yassine\.openjfx\cache\21.0.2+5\amd64\api-ms-win-core-processenvironment-l1-1-0.dll
0x0000020124c80000 - 0x0000020124c83000 	C:\Users\Yassine\.openjfx\cache\21.0.2+5\amd64\api-ms-win-core-processthreads-l1-1-0.dll
0x0000020124c90000 - 0x0000020124c93000 	C:\Users\Yassine\.openjfx\cache\21.0.2+5\amd64\api-ms-win-core-processthreads-l1-1-1.dll
0x0000020124ca0000 - 0x0000020124ca3000 	C:\Users\Yassine\.openjfx\cache\21.0.2+5\amd64\api-ms-win-core-profile-l1-1-0.dll
0x0000020124cb0000 - 0x0000020124cb3000 	C:\Users\Yassine\.openjfx\cache\21.0.2+5\amd64\api-ms-win-core-rtlsupport-l1-1-0.dll
0x0000020124cc0000 - 0x0000020124cc3000 	C:\Users\Yassine\.openjfx\cache\21.0.2+5\amd64\api-ms-win-core-string-l1-1-0.dll
0x0000020124cd0000 - 0x0000020124cd3000 	C:\Users\Yassine\.openjfx\cache\21.0.2+5\amd64\api-ms-win-core-synch-l1-1-0.dll
0x0000020124ce0000 - 0x0000020124ce3000 	C:\Users\Yassine\.openjfx\cache\21.0.2+5\amd64\api-ms-win-core-synch-l1-2-0.dll
0x0000020124cf0000 - 0x0000020124cf3000 	C:\Users\Yassine\.openjfx\cache\21.0.2+5\amd64\api-ms-win-core-sysinfo-l1-1-0.dll
0x0000020124d00000 - 0x0000020124d03000 	C:\Users\Yassine\.openjfx\cache\21.0.2+5\amd64\api-ms-win-core-timezone-l1-1-0.dll
0x0000020124d10000 - 0x0000020124d13000 	C:\Users\Yassine\.openjfx\cache\21.0.2+5\amd64\api-ms-win-core-util-l1-1-0.dll
0x0000020124d20000 - 0x0000020124d23000 	C:\Users\Yassine\.openjfx\cache\21.0.2+5\amd64\api-ms-win-crt-conio-l1-1-0.dll
0x0000020124d30000 - 0x0000020124d34000 	C:\Users\Yassine\.openjfx\cache\21.0.2+5\amd64\api-ms-win-crt-convert-l1-1-0.dll
0x0000020124d40000 - 0x0000020124d43000 	C:\Users\Yassine\.openjfx\cache\21.0.2+5\amd64\api-ms-win-crt-environment-l1-1-0.dll
0x0000020124d50000 - 0x0000020124d53000 	C:\Users\Yassine\.openjfx\cache\21.0.2+5\amd64\api-ms-win-crt-filesystem-l1-1-0.dll
0x0000020124d60000 - 0x0000020124d63000 	C:\Users\Yassine\.openjfx\cache\21.0.2+5\amd64\api-ms-win-crt-heap-l1-1-0.dll
0x0000020124d70000 - 0x0000020124d73000 	C:\Users\Yassine\.openjfx\cache\21.0.2+5\amd64\api-ms-win-crt-locale-l1-1-0.dll
0x0000020124d80000 - 0x0000020124d85000 	C:\Users\Yassine\.openjfx\cache\21.0.2+5\amd64\api-ms-win-crt-math-l1-1-0.dll
0x0000020124d90000 - 0x0000020124d95000 	C:\Users\Yassine\.openjfx\cache\21.0.2+5\amd64\api-ms-win-crt-multibyte-l1-1-0.dll
0x0000020124da0000 - 0x0000020124db0000 	C:\Users\Yassine\.openjfx\cache\21.0.2+5\amd64\api-ms-win-crt-private-l1-1-0.dll
0x0000020124db0000 - 0x0000020124db3000 	C:\Users\Yassine\.openjfx\cache\21.0.2+5\amd64\api-ms-win-crt-process-l1-1-0.dll
0x0000020124dc0000 - 0x0000020124dc4000 	C:\Users\Yassine\.openjfx\cache\21.0.2+5\amd64\api-ms-win-crt-runtime-l1-1-0.dll
0x0000020124dd0000 - 0x0000020124dd4000 	C:\Users\Yassine\.openjfx\cache\21.0.2+5\amd64\api-ms-win-crt-stdio-l1-1-0.dll
0x0000020124de0000 - 0x0000020124de4000 	C:\Users\Yassine\.openjfx\cache\21.0.2+5\amd64\api-ms-win-crt-string-l1-1-0.dll
0x0000020124df0000 - 0x0000020124df3000 	C:\Users\Yassine\.openjfx\cache\21.0.2+5\amd64\api-ms-win-crt-time-l1-1-0.dll
0x0000020124e00000 - 0x0000020124e03000 	C:\Users\Yassine\.openjfx\cache\21.0.2+5\amd64\api-ms-win-crt-utility-l1-1-0.dll
0x00007ff9edbc0000 - 0x00007ff9edcbc000 	C:\Users\Yassine\.openjfx\cache\21.0.2+5\amd64\ucrtbase.dll
0x00007ffa22270000 - 0x00007ffa2228b000 	C:\Users\Yassine\.openjfx\cache\21.0.2+5\amd64\vcruntime140.dll
0x00007ffa23040000 - 0x00007ffa2304c000 	C:\Users\Yassine\.openjfx\cache\21.0.2+5\amd64\vcruntime140_1.dll
0x00007ff9edb00000 - 0x00007ff9edb8e000 	C:\Users\Yassine\.openjfx\cache\21.0.2+5\amd64\msvcp140.dll
0x00007ffa22ee0000 - 0x00007ffa22ee9000 	C:\Users\Yassine\.openjfx\cache\21.0.2+5\amd64\msvcp140_1.dll
0x00007ffa1c090000 - 0x00007ffa1c0d1000 	C:\Users\Yassine\.openjfx\cache\21.0.2+5\amd64\msvcp140_2.dll
0x00007ffa1f310000 - 0x00007ffa1f340000 	C:\Users\Yassine\.openjfx\cache\21.0.2+5\amd64\prism_d3d.dll
0x00007ffa1dd90000 - 0x00007ffa1df42000 	C:\WINDOWS\system32\d3d9.dll
0x00007ffa34b30000 - 0x00007ffa34b5f000 	C:\WINDOWS\SYSTEM32\dwmapi.dll
0x00007ffa34890000 - 0x00007ffa348d3000 	C:\WINDOWS\SYSTEM32\dxcore.dll
0x00007ffa347b0000 - 0x00007ffa34859000 	C:\WINDOWS\system32\uxtheme.dll
0x00007ffa1dc20000 - 0x00007ffa1dd85000 	C:\WINDOWS\System32\DriverStore\FileRepository\iigd_dch.inf_amd64_4992c421bdec6194\igdumdim64.dll
0x00007ffa39eb0000 - 0x00007ffa3a047000 	C:\WINDOWS\System32\ole32.dll
0x00007ff9c1bc0000 - 0x00007ff9c5816000 	C:\WINDOWS\System32\DriverStore\FileRepository\iigd_dch.inf_amd64_4992c421bdec6194\igd9dxva64.dll
0x00007ffa39180000 - 0x00007ffa39607000 	C:\WINDOWS\System32\SETUPAPI.dll
0x00007ffa36e60000 - 0x00007ffa36eb1000 	C:\WINDOWS\SYSTEM32\cfgmgr32.dll
0x00007ffa2f2a0000 - 0x00007ffa2f661000 	C:\WINDOWS\System32\DriverStore\FileRepository\iigd_dch.inf_amd64_4992c421bdec6194\igdgmm64.dll
0x00007ffa32300000 - 0x00007ffa32361000 	C:\WINDOWS\SYSTEM32\directxdatabasehelper.dll
0x00007ffa007a0000 - 0x00007ffa007e2000 	C:\Users\Yassine\.openjfx\cache\21.0.2+5\amd64\glass.dll
0x00007ffa3a060000 - 0x00007ffa3a14f000 	C:\WINDOWS\System32\COMDLG32.dll
0x00007ffa39730000 - 0x00007ffa3988c000 	C:\WINDOWS\System32\MSCTF.dll
0x00007ff9e23f0000 - 0x00007ff9e2417000 	C:\WINDOWS\System32\DriverStore\FileRepository\iigd_dch.inf_amd64_4992c421bdec6194\igdinfo64.dll
0x00007ffa29770000 - 0x00007ffa2c976000 	C:\WINDOWS\System32\DriverStore\FileRepository\iigd_dch.inf_amd64_4992c421bdec6194\igc64.dll
0x00007ffa22160000 - 0x00007ffa22174000 	C:\Users\Yassine\.openjfx\cache\21.0.2+5\amd64\javafx_font.dll
0x00007ffa32ff0000 - 0x00007ffa33257000 	C:\WINDOWS\SYSTEM32\dwrite.dll
0x00007ffa3a160000 - 0x00007ffa3a20e000 	C:\WINDOWS\System32\clbcatq.dll
0x00007ffa32920000 - 0x00007ffa32b4e000 	C:\WINDOWS\SYSTEM32\WindowsCodecs.dll
0x00007ffa109a0000 - 0x00007ffa109fa000 	C:\WINDOWS\system32\dataexchange.dll
0x00007ffa28fc0000 - 0x00007ffa2920d000 	C:\WINDOWS\system32\twinapi.appcore.dll
0x00007ffa03d90000 - 0x00007ffa03dbc000 	C:\Program Files\Common Files\Microsoft Shared\Ink\rtscom.dll
0x00007ff9ffb00000 - 0x00007ff9ffc48000 	C:\WINDOWS\SYSTEM32\textinputframework.dll
0x00007ffa34180000 - 0x00007ffa342a7000 	C:\WINDOWS\SYSTEM32\CoreMessaging.dll
0x00007ffa31bf0000 - 0x00007ffa31ed2000 	C:\WINDOWS\SYSTEM32\CoreUIComponents.dll
0x00007ffa367f0000 - 0x00007ffa367fc000 	C:\WINDOWS\SYSTEM32\CRYPTBASE.DLL
0x00007ffa36990000 - 0x00007ffa369ab000 	C:\WINDOWS\SYSTEM32\CRYPTSP.dll
0x00007ffa35fa0000 - 0x00007ffa35fd9000 	C:\WINDOWS\system32\rsaenh.dll
0x00007ffa36640000 - 0x00007ffa36673000 	C:\WINDOWS\SYSTEM32\USERENV.dll
0x00007ffa371e0000 - 0x00007ffa3720a000 	C:\WINDOWS\SYSTEM32\bcrypt.dll
0x00007ffa35a20000 - 0x00007ffa35a52000 	C:\WINDOWS\SYSTEM32\IPHLPAPI.DLL
0x00007ffa39e80000 - 0x00007ffa39e8a000 	C:\WINDOWS\System32\NSI.dll

dbghelp: loaded successfully - version: 4.0.5 - missing functions: none
symbol engine: initialized successfully - sym options: 0x614 - pdb path: .;C:\Program Files\Java\jdk-17.0.5\bin;C:\WINDOWS\SYSTEM32;C:\Program Files\Avast Software\Avast;C:\WINDOWS\WinSxS\amd64_microsoft.windows.common-controls_6595b64144ccf1df_6.0.26100.8115_none_3e075c82e3354f9c;C:\Program Files\Java\jdk-17.0.5\bin\server;C:\Users\Yassine\.openjfx\cache\21.0.2+5\amd64;C:\WINDOWS\System32\DriverStore\FileRepository\iigd_dch.inf_amd64_4992c421bdec6194;C:\Program Files\Common Files\Microsoft Shared\Ink

VM Arguments:
jvm_args: --module-path=C:\Users\Yassine\.m2\repository\org\openjfx\javafx-base\21.0.2\javafx-base-21.0.2-win.jar;C:\Users\Yassine\.m2\repository\org\openjfx\javafx-base\21.0.2\javafx-base-21.0.2.jar;C:\Users\Yassine\.m2\repository\org\openjfx\javafx-controls\21.0.2\javafx-controls-21.0.2-win.jar;C:\Users\Yassine\.m2\repository\org\openjfx\javafx-controls\21.0.2\javafx-controls-21.0.2.jar;C:\Users\Yassine\.m2\repository\org\openjfx\javafx-fxml\21.0.2\javafx-fxml-21.0.2-win.jar;C:\Users\Yassine\.m2\repository\org\openjfx\javafx-fxml\21.0.2\javafx-fxml-21.0.2.jar;C:\Users\Yassine\.m2\repository\org\openjfx\javafx-graphics\21.0.2\javafx-graphics-21.0.2-win.jar;C:\Users\Yassine\.m2\repository\org\openjfx\javafx-graphics\21.0.2\javafx-graphics-21.0.2.jar;C:\Users\Yassine\.m2\repository\org\openjfx\javafx-swing\21.0.2\javafx-swing-21.0.2-win.jar;C:\Users\Yassine\.m2\repository\org\openjfx\javafx-swing\21.0.2\javafx-swing-21.0.2.jar --add-modules=javafx.base,javafx.controls,javafx.fxml,javafx.graphics,javafx.swing 
java_command: otemps.main.Main
java_class_path (initial): C:\Users\Yassine\IdeaProjects\Otemps\target\classes;C:\Users\Yassine\.m2\repository\com\github\librepdf\openpdf\1.3.30\openpdf-1.3.30.jar;C:\Users\Yassine\.m2\repository\com\google\code\findbugs\jsr305\3.0.2\jsr305-3.0.2.jar;C:\Users\Yassine\.m2\repository\com\google\code\gson\gson\2.10.1\gson-2.10.1.jar;C:\Users\Yassine\.m2\repository\com\google\protobuf\protobuf-java\3.19.4\protobuf-java-3.19.4.jar;C:\Users\Yassine\.m2\repository\com\itextpdf\itextpdf\5.5.13.3\itextpdf-5.5.13.3.jar;C:\Users\Yassine\.m2\repository\com\squareup\okhttp3\okhttp\4.11.0\okhttp-4.11.0.jar;C:\Users\Yassine\.m2\repository\com\squareup\okio\okio\3.2.0\okio-3.2.0.jar;C:\Users\Yassine\.m2\repository\com\squareup\okio\okio-jvm\3.2.0\okio-jvm-3.2.0.jar;C:\Users\Yassine\.m2\repository\mysql\mysql-connector-java\8.0.29\mysql-connector-java-8.0.29.jar;C:\Users\Yassine\.m2\repository\org\jetbrains\annotations\13.0\annotations-13.0.jar;C:\Users\Yassine\.m2\repository\org\jetbrains\kotlin\kotlin-stdlib\1.6.20\kotlin-stdlib-1.6.20.jar;C:\Users\Yassine\.m2\repository\org\jetbrains\kotlin\kotlin-stdlib-common\1.6.20\kotlin-stdlib-common-1.6.20.jar;C:\Users\Yassine\.m2\repository\org\jetbrains\kotlin\kotlin-stdlib-jdk7\1.6.20\kotlin-stdlib-jdk7-1.6.20.jar;C:\Users\Yassine\.m2\repository\org\jetbrains\kotlin\kotlin-stdlib-jdk8\1.6.20\kotlin-stdlib-jdk8-1.6.20.jar;C:\Users\Yassine\.m2\repository\org\json\json\20231013\json-20231013.jar
Launcher Type: SUN_STANDARD

[Global flags]
     intx CICompilerCount                          = 12                                        {product} {ergonomic}
     uint ConcGCThreads                            = 3                                         {product} {ergonomic}
     uint G1ConcRefinementThreads                  = 13                                        {product} {ergonomic}
   size_t G1HeapRegionSize                         = 1048576                                   {product} {ergonomic}
    uintx GCDrainStackTargetSize                   = 64                                        {product} {ergonomic}
   size_t InitialHeapSize                          = 130023424                                 {product} {ergonomic}
   size_t MarkStackSize                            = 4194304                                   {product} {ergonomic}
   size_t MaxHeapSize                              = 2069889024                                {product} {ergonomic}
   size_t MaxNewSize                               = 1241513984                                {product} {ergonomic}
   size_t MinHeapDeltaBytes                        = 1048576                                   {product} {ergonomic}
   size_t MinHeapSize                              = 8388608                                   {product} {ergonomic}
    uintx NonNMethodCodeHeapSize                   = 7602480                                {pd product} {ergonomic}
    uintx NonProfiledCodeHeapSize                  = 122027880                              {pd product} {ergonomic}
    uintx ProfiledCodeHeapSize                     = 122027880                              {pd product} {ergonomic}
    uintx ReservedCodeCacheSize                    = 251658240                              {pd product} {ergonomic}
     bool SegmentedCodeCache                       = true                                      {product} {ergonomic}
   size_t SoftMaxHeapSize                          = 2069889024                             {manageable} {ergonomic}
     bool UseCompressedClassPointers               = true                           {product lp64_product} {ergonomic}
     bool UseCompressedOops                        = true                           {product lp64_product} {ergonomic}
     bool UseG1GC                                  = true                                      {product} {ergonomic}
     bool UseLargePagesIndividualAllocation        = false                                  {pd product} {ergonomic}

Logging:
Log output configuration:
 #0: stdout all=warning uptime,level,tags
 #1: stderr all=off uptime,level,tags

Environment Variables:
PATH=C:\Python312\Scripts\;C:\Python312\;C:\oraclexe\app\oracle\product\11.2.0\server\bin;C:\Program Files\Common Files\Oracle\Java\javapath;C:\Windows\system32;C:\Windows;C:\Windows\System32\Wbem;C:\Windows\System32\WindowsPowerShell\v1.0\;C:\Windows\System32\OpenSSH\;C:\Program Files (x86)\NVIDIA Corporation\PhysX\Common;C:\Program Files\NVIDIA Corporation\NVIDIA NvDLISR;C:\WINDOWS\system32;C:\WINDOWS;C:\WINDOWS\System32\Wbem;C:\WINDOWS\System32\WindowsPowerShell\v1.0\;C:\WINDOWS\System32\OpenSSH\;C:\src\dart-sdk\bin;C:\src\flutter\bin;C:\xampp\php;C:\instantclient12_2;C:\oraclexe\app\oracle\admin\XE;C:\oraclexe;C:\ProgramData\chocolatey\bin;C:\Program Files (x86)\QuickTime\QTSystem\;C:\Program Files\Vagrant\bin;C:\ProgramData\chocolatey\lib\maven\apache-maven-3.9.9\bin;C:\Program Files\Docker\Docker\resources\bin;C:\Program Files\nodejs\;C:\ProgramData\ComposerSetup\bin;C:\Program Files\dotnet\;C:\Program Files (x86)\ZeroTier\One\;C:\Program Files\Git\cmd;C:\Users\Yassine\scoop\shims;C:\Users\Yassine\AppData\Local\Microsoft\WindowsApps;C:\src\dart-sdk\bin;C:\src\flutter\bin;C:\Users\Yassine\AppData\Local\Programs\Microsoft VS Code\bin;C:\xampp\php;C:\Users\Yassine\composer;C:\Users\Yassine\AppData\Local\GitHubDesktop\bin;C:\Users\Yassine\AppData\Local\Microsoft\WinGet\Packages\Schniz.fnm_Microsoft.Winget.Source_8wekyb3d8bbwe;C:\Users\Yassine\AppData\Roaming\npm;C:\Users\Yassine\AppData\Roaming\Composer\vendor\bin;C:\Python312\pythonw.exe;C:\Users\Yassine\AppData\Local\Programs\cursor\resources\app\bin;C:\Users\Yassine\AppData\Local\Programs\Windsurf\bin
USERNAME=Yassine
OS=Windows_NT
PROCESSOR_IDENTIFIER=Intel64 Family 6 Model 141 Stepping 1, GenuineIntel



---------------  S Y S T E M  ---------------

OS:
 Windows 11 , 64 bit Build 26100 (10.0.26100.8246)
OS uptime: 6 days 11:08 hours
Hyper-V role detected

CPU: total 16 (initial active 16) (8 cores per cpu, 2 threads per core) family 6 model 141 stepping 1 microcode 0x26, cx8, cmov, fxsr, ht, mmx, 3dnowpref, sse, sse2, sse3, ssse3, sse4.1, sse4.2, popcnt, lzcnt, tsc, tscinvbit, avx, avx2, aes, erms, clmul, bmi1, bmi2, adx, avx512f, avx512dq, avx512cd, avx512bw, avx512vl, sha, fma, vzeroupper, avx512_vpopcntdq, avx512_vpclmulqdq, avx512_vaes, avx512_vnni, clflush, clflushopt, clwb, avx512_vbmi2, avx512_vbmi, hv

Memory: 4k page, system-wide physical 7893M (580M free)
TotalPageFile size 21561M (AvailPageFile size 138M)
current process WorkingSet (physical memory assigned to process): 569M, peak: 569M
current process commit charge ("private bytes"): 779M, peak: 1076M

vm_info: Java HotSpot(TM) 64-Bit Server VM (17.0.5+9-LTS-191) for windows-amd64 JRE (17.0.5+9-LTS-191), built on Sep 13 2022 17:31:43 by "mach5one" with MS VC++ 16.8 / 16.9 (VS2019)

END.
