#
# There is insufficient memory for the Java Runtime Environment to continue.
# Native memory allocation (malloc) failed to allocate 518688 bytes for Chunk::new
# Possible reasons:
#   The system is out of physical RAM or swap space
#   The process is running with CompressedOops enabled, and the Java Heap may be blocking the growth of the native heap
# Possible solutions:
#   Reduce memory load on the system
#   Increase physical memory or swap space
#   Check if swap backing store is full
#   Decrease Java heap size (-Xmx/-Xms)
#   Decrease number of Java threads
#   Decrease Java thread stack sizes (-Xss)
#   Set larger code cache with -XX:ReservedCodeCacheSize=
#   JVM is running with Unscaled Compressed Oops mode in which the Java heap is
#     placed in the first 4GB address space. The Java Heap base address is the
#     maximum limit for the native heap growth. Please use -XX:HeapBaseMinAddress
#     to set the Java Heap base and to place the Java Heap above 4GB virtual address.
# This output file may be truncated or incomplete.
#
#  Out of Memory Error (arena.cpp:189), pid=13272, tid=10620
#
# JRE version: Java(TM) SE Runtime Environment (17.0.5+9) (build 17.0.5+9-LTS-191)
# Java VM: Java HotSpot(TM) 64-Bit Server VM (17.0.5+9-LTS-191, mixed mode, sharing, tiered, compressed oops, compressed class ptrs, g1 gc, windows-amd64)
# No core dump will be written. Minidumps are not enabled by default on client versions of Windows
#

---------------  S U M M A R Y ------------

Command Line: --module-path=C:\Users\Yassine\.m2\repository\org\openjfx\javafx-base\21.0.2\javafx-base-21.0.2-win.jar;C:\Users\Yassine\.m2\repository\org\openjfx\javafx-base\21.0.2\javafx-base-21.0.2.jar;C:\Users\Yassine\.m2\repository\org\openjfx\javafx-controls\21.0.2\javafx-controls-21.0.2-win.jar;C:\Users\Yassine\.m2\repository\org\openjfx\javafx-controls\21.0.2\javafx-controls-21.0.2.jar;C:\Users\Yassine\.m2\repository\org\openjfx\javafx-fxml\21.0.2\javafx-fxml-21.0.2-win.jar;C:\Users\Yassine\.m2\repository\org\openjfx\javafx-fxml\21.0.2\javafx-fxml-21.0.2.jar;C:\Users\Yassine\.m2\repository\org\openjfx\javafx-graphics\21.0.2\javafx-graphics-21.0.2-win.jar;C:\Users\Yassine\.m2\repository\org\openjfx\javafx-graphics\21.0.2\javafx-graphics-21.0.2.jar;C:\Users\Yassine\.m2\repository\org\openjfx\javafx-swing\21.0.2\javafx-swing-21.0.2-win.jar;C:\Users\Yassine\.m2\repository\org\openjfx\javafx-swing\21.0.2\javafx-swing-21.0.2.jar --add-modules=javafx.base,javafx.controls,javafx.fxml,javafx.graphics,javafx.swing otemps.main.Main

Host: 11th Gen Intel(R) Core(TM) i7-11800H @ 2.30GHz, 16 cores, 7G,  Windows 11 , 64 bit Build 26100 (10.0.26100.8246)
Time: Mon Apr 27 03:53:14 2026 Paris, Madrid (heure duild 26100 (10.0.26100.8246) elapsed time: 10.512479 seconds (0d 0h 0m 10s)

---------------  T H R E A D  ---------------

Current thread (0x000001e0e7c2f0a0):  JavaThread "C2 CompilerThread0" daemon [_thread_in_native, id=10620, stack(0x000000b43d600000,0x000000b43d700000)]


Current CompileTask:
C2:  10512 5782       4       javafx.scene.layout.Region::computeChildMinAreaHeight (237 bytes)

Stack: [0x000000b43d600000,0x000000b43d700000]
Native frames: (J=compiled Java code, j=interpreted, Vv=VM code, C=native code)
V  [jvm.dll+0x672eea]
V  [jvm.dll+0x7d2a04]
V  [jvm.dll+0x7d41ae]
V  [jvm.dll+0x7d4813]
V  [jvm.dll+0x242c15]
V  [jvm.dll+0xaa57b]
V  [jvm.dll+0xaab0c]
V  [jvm.dll+0x35ff97]
V  [jvm.dll+0x32a631]
V  [jvm.dll+0x329ada]
V  [jvm.dll+0x215cc1]
V  [jvm.dll+0x2150e1]
V  [jvm.dll+0x1a18ed]
V  [jvm.dll+0x22493a]
V  [jvm.dll+0x222aa5]
V  [jvm.dll+0x7885db]
V  [jvm.dll+0x782b4a]
V  [jvm.dll+0x671d75]
C  [ucrtbase.dll+0x37b0]
C  [KERNEL32.DLL+0x2e8d7]
C  [ntdll.dll+0x8c3fc]


---------------  P R O C E S S  ---------------

Threads class SMR info:
_java_thread_list=0x000001e0f138a590, length=31, elements={
0x000001e0c9bccf40, 0x000001e0e7c0fbc0, 0x000001e0e7c10570, 0x000001e0e7c29cb0,
0x000001e0e7c2a570, 0x000001e0e7c2af20, 0x000001e0e7c2b8d0, 0x000001e0e7c2f0a0,
0x000001e0e7c31f60, 0x000001e0e7c3b880, 0x000001e0e9174060, 0x000001e0e9455f80,
0x000001e0e97d1b70, 0x000001e0e9a53080, 0x000001e0e9a5d950, 0x000001e0ee18a830,
0x000001e0ee1f2870, 0x000001e0ee351110, 0x000001e0f0832ef0, 0x000001e0f0832a20,
0x000001e0f0834230, 0x000001e0f0832080, 0x000001e0f08350a0, 0x000001e0e9195430,
0x000001e0f13a3140, 0x000001e0f137f060, 0x000001e0f0832550, 0x000001e0f08333c0,
0x000001e0eef2f9a0, 0x000001e0eef30ce0, 0x000001e0f3a73870
}

Java Threads: ( => current thread )
  0x000001e0c9bccf40 JavaThread "main" [_thread_blocked, id=16444, stack(0x000000b43c900000,0x000000b43ca00000)]
  0x000001e0e7c0fbc0 JavaThread "Reference Handler" daemon [_thread_blocked, id=25668, stack(0x000000b43d000000,0x000000b43d100000)]
  0x000001e0e7c10570 JavaThread "Finalizer" daemon [_thread_blocked, id=21688, stack(0x000000b43d100000,0x000000b43d200000)]
  0x000001e0e7c29cb0 JavaThread "Signal Dispatcher" daemon [_thread_blocked, id=26120, stack(0x000000b43d200000,0x000000b43d300000)]
  0x000001e0e7c2a570 JavaThread "Attach Listener" daemon [_thread_blocked, id=2564, stack(0x000000b43d300000,0x000000b43d400000)]
  0x000001e0e7c2af20 JavaThread "Service Thread" daemon [_thread_blocked, id=18248, stack(0x000000b43d400000,0x000000b43d500000)]
  0x000001e0e7c2b8d0 JavaThread "Monitor Deflation Thread" daemon [_thread_blocked, id=17704, stack(0x000000b43d500000,0x000000b43d600000)]
=>0x000001e0e7c2f0a0 JavaThread "C2 CompilerThread0" daemon [_thread_in_native, id=10620, stack(0x000000b43d600000,0x000000b43d700000)]
  0x000001e0e7c31f60 JavaThread "C1 CompilerThread0" daemon [_thread_blocked, id=23760, stack(0x000000b43d700000,0x000000b43d800000)]
  0x000001e0e7c3b880 JavaThread "Sweeper thread" daemon [_thread_blocked, id=16988, stack(0x000000b43d800000,0x000000b43d900000)]
  0x000001e0e9174060 JavaThread "Common-Cleaner" daemon [_thread_blocked, id=17024, stack(0x000000b43da00000,0x000000b43db00000)]
  0x000001e0e9455f80 JavaThread "Notification Thread" daemon [_thread_blocked, id=22216, stack(0x000000b43e000000,0x000000b43e100000)]
  0x000001e0e97d1b70 JavaThread "QuantumRenderer-0" daemon [_thread_blocked, id=26924, stack(0x000000b43e200000,0x000000b43e300000)]
  0x000001e0e9a53080 JavaThread "InvokeLaterDispatcher" daemon [_thread_blocked, id=24276, stack(0x000000b43df00000,0x000000b43e000000)]
  0x000001e0e9a5d950 JavaThread "JavaFX Application Thread" [_thread_in_native, id=27020, stack(0x000000b43e300000,0x000000b43e400000)]
  0x000001e0ee18a830 JavaThread "Thread-1" daemon [_thread_in_native, id=1808, stack(0x000000b43e600000,0x000000b43e700000)]
  0x000001e0ee1f2870 JavaThread "JavaFX-Launcher" [_thread_blocked, id=12772, stack(0x000000b43e700000,0x000000b43e800000)]
  0x000001e0ee351110 JavaThread "mysql-cj-abandoned-connection-cleanup" daemon [_thread_blocked, id=24656, stack(0x000000b43ed00000,0x000000b43ee00000)]
  0x000001e0f0832ef0 JavaThread "Prism Font Disposer" daemon [_thread_blocked, id=15888, stack(0x000000b43f900000,0x000000b43fa00000)]
  0x000001e0f0832a20 JavaThread "Thread-8" [_thread_in_native, id=1848, stack(0x000000b43fe00000,0x000000b43ff00000)]
  0x000001e0f0834230 JavaThread "Thread-9" [_thread_in_native, id=23220, stack(0x000000b43ff00000,0x000000b440000000)]
  0x000001e0f0832080 JavaThread "Cleaner-0" daemon [_thread_blocked, id=19392, stack(0x000000b440400000,0x000000b440500000)]
  0x000001e0f08350a0 JavaThread "Keep-Alive-Timer" daemon [_thread_blocked, id=3136, stack(0x000000b440800000,0x000000b440900000)]
  0x000001e0e9195430 JavaThread "C1 CompilerThread1" daemon [_thread_blocked, id=10636, stack(0x000000b43d900000,0x000000b43da00000)]
  0x000001e0f13a3140 JavaThread "C1 CompilerThread2" daemon [_thread_blocked, id=19112, stack(0x000000b43dd00000,0x000000b43de00000)]
  0x000001e0f137f060 JavaThread "C1 CompilerThread3" daemon [_thread_blocked, id=11320, stack(0x000000b43ee00000,0x000000b43ef00000)]
  0x000001e0f0832550 JavaThread "Thread-22" [_thread_in_native, id=17892, stack(0x000000b440000000,0x000000b440100000)]
  0x000001e0f08333c0 JavaThread "Thread-23" [_thread_in_native, id=28592, stack(0x000000b440100000,0x000000b440200000)]
  0x000001e0eef2f9a0 JavaThread "Thread-25" [_thread_in_native, id=16496, stack(0x000000b440300000,0x000000b440400000)]
  0x000001e0eef30ce0 JavaThread "Thread-27" [_thread_in_native, id=26256, stack(0x000000b440a00000,0x000000b440b00000)]
  0x000001e0f3a73870 JavaThread "C2 CompilerThread1" daemon [_thread_blocked, id=12632, stack(0x000000b43db00000,0x000000b43dc00000)]

Other Threads:
  0x000001e0e7c0c230 VMThread "VM Thread" [stack: 0x000000b43cf00000,0x000000b43d000000] [id=17984]
  0x000001e0e9346bb0 WatcherThread [stack: 0x000000b43e100000,0x000000b43e200000] [id=16728]
  0x000001e0c9c271c0 GCTaskThread "GC Thread#0" [stack: 0x000000b43ca00000,0x000000b43cb00000] [id=20776]
  0x000001e0ee1864c0 GCTaskThread "GC Thread#1" [stack: 0x000000b43e800000,0x000000b43e900000] [id=13052]
  0x000001e0ee19a0d0 GCTaskThread "GC Thread#2" [stack: 0x000000b43e900000,0x000000b43ea00000] [id=7228]
  0x000001e0ee1f2d40 GCTaskThread "GC Thread#3" [stack: 0x000000b43ea00000,0x000000b43eb00000] [id=23136]
  0x000001e0ee1dfc90 GCTaskThread "GC Thread#4" [stack: 0x000000b43eb00000,0x000000b43ec00000] [id=18992]
  0x000001e0ee187410 GCTaskThread "GC Thread#5" [stack: 0x000000b43ec00000,0x000000b43ed00000] [id=30852]
  0x000001e0ee1dcb60 GCTaskThread "GC Thread#6" [stack: 0x000000b43f200000,0x000000b43f300000] [id=24416]
  0x000001e0ee1dd8d0 GCTaskThread "GC Thread#7" [stack: 0x000000b43f300000,0x000000b43f400000] [id=27116]
  0x000001e0ee1dce10 GCTaskThread "GC Thread#8" [stack: 0x000000b43f400000,0x000000b43f500000] [id=31588]
  0x000001e0ee1dd0c0 GCTaskThread "GC Thread#9" [stack: 0x000000b43f500000,0x000000b43f600000] [id=444]
  0x000001e0eeb8b570 GCTaskThread "GC Thread#10" [stack: 0x000000b43f600000,0x000000b43f700000] [id=28152]
  0x000001e0eeb8e320 GCTaskThread "GC Thread#11" [stack: 0x000000b43f700000,0x000000b43f800000] [id=6232]
  0x000001e0eeb8ad60 GCTaskThread "GC Thread#12" [stack: 0x000000b43f800000,0x000000b43f900000] [id=14520]
  0x000001e0c9c377c0 ConcurrentGCThread "G1 Main Marker" [stack: 0x000000b43cb00000,0x000000b43cc00000] [id=23664]
  0x000001e0c9c3adb0 ConcurrentGCThread "G1 Conc#0" [stack: 0x000000b43cc00000,0x000000b43cd00000] [id=16952]
  0x000001e0eeb8b010 ConcurrentGCThread "G1 Conc#1" [stack: 0x000000b440500000,0x000000b440600000] [id=28776]
  0x000001e0eeb8d300 ConcurrentGCThread "G1 Conc#2" [stack: 0x000000b440600000,0x000000b440700000] [id=11092]
  0x000001e0c9c87510 ConcurrentGCThread "G1 Refine#0" [stack: 0x000000b43cd00000,0x000000b43ce00000] [id=25720]
  0x000001e0c9c88ce0 ConcurrentGCThread "G1 Service" [stack: 0x000000b43ce00000,0x000000b43cf00000] [id=504]

Threads with active compile tasks:
C2 CompilerThread0    10539 5782       4       javafx.scene.layout.Region::computeChildMinAreaHeight (237 bytes)

VM state: not at safepoint (normal execution)

VM Mutex/Monitor currently owned by a thread: None

Heap address: 0x0000000084a00000, size: 1974 MB, Compressed Oops mode: 32-bit

CDS archive(s) mapped at: [0x0000000800000000-0x0000000800bd0000-0x0000000800bd0000), size 12386304, SharedBaseAddress: 0x0000000800000000, ArchiveRelocationMode: 0.
Compressed class space mapped at: 0x0000000800c00000-0x0000000840c00000, reserved size: 1073741824
Narrow klass base: 0x0000000800000000, Narrow klass shift: 0, Narrow klass range: 0x100000000

GC Precious Log:
 CPUs: 16 total, 16 available
 Memory: 7893M
 Large Page Support: Disabled
 NUMA Support: Disabled
 Compressed Oops: Enabled (32-bit)
 Heap Region Size: 1M
 Heap Min Capacity: 8M
 Heap Initial Capacity: 124M
 Heap Max Capacity: 1974M
 Pre-touch: Disabled
 Parallel Workers: 13
 Concurrent Workers: 3
 Concurrent Refinement Workers: 13
 Periodic GC: Disabled

Heap:
 garbage-first heap   total 545792K, used 486713K [0x0000000084a00000, 0x0000000100000000)
  region size 1024K, 19 young (19456K), 2 survivors (2048K)
 Metaspace       used 28659K, committed 28928K, reserved 1081344K
  class space    used 3847K, committed 3968K, reserved 1048576K

Heap Regions: E=young(eden), S=young(survivor), O=old, HS=humongous(starts), HC=humongous(continues), CS=collection set, F=free, OA=open archive, CA=closed archive, TAMS=top-at-mark-start (previous, next)
|   0|0x0000000084a00000, 0x0000000084b00000, 0x0000000084b00000|100%| O|  |TAMS 0x0000000084b00000, 0x0000000084a00000| Untracked 
|   1|0x0000000084b00000, 0x0000000084c00000, 0x0000000084c00000|100%| O|  |TAMS 0x0000000084c00000, 0x0000000084b00000| Untracked 
|   2|0x0000000084c00000, 0x0000000084d00000, 0x0000000084d00000|100%| O|  |TAMS 0x0000000084d00000, 0x0000000084c00000| Untracked 
|   3|0x0000000084d00000, 0x0000000084e00000, 0x0000000084e00000|100%|HS|  |TAMS 0x0000000084d00000, 0x0000000084d00000| Complete 
|   4|0x0000000084e00000, 0x0000000084f00000, 0x0000000084f00000|100%|HS|  |TAMS 0x0000000084f00000, 0x0000000084e00000| Complete 
|   5|0x0000000084f00000, 0x0000000085000000, 0x0000000085000000|100%|HC|  |TAMS 0x0000000085000000, 0x0000000084f00000| Complete 
|   6|0x0000000085000000, 0x0000000085100000, 0x0000000085100000|100%|HS|  |TAMS 0x0000000085100000, 0x0000000085000000| Complete 
|   7|0x0000000085100000, 0x0000000085200000, 0x0000000085200000|100%|HC|  |TAMS 0x0000000085200000, 0x0000000085100000| Complete 
|   8|0x0000000085200000, 0x0000000085300000, 0x0000000085300000|100%|HS|  |TAMS 0x0000000085300000, 0x0000000085200000| Complete 
|   9|0x0000000085300000, 0x0000000085400000, 0x0000000085400000|100%|HC|  |TAMS 0x0000000085400000, 0x0000000085300000| Complete 
|  10|0x0000000085400000, 0x0000000085500000, 0x0000000085500000|100%|HC|  |TAMS 0x0000000085500000, 0x0000000085400000| Complete 
|  11|0x0000000085500000, 0x0000000085600000, 0x0000000085600000|100%|HC|  |TAMS 0x0000000085600000, 0x0000000085500000| Complete 
|  12|0x0000000085600000, 0x0000000085700000, 0x0000000085700000|100%| O|  |TAMS 0x0000000085700000, 0x0000000085600000| Untracked 
|  13|0x0000000085700000, 0x0000000085800000, 0x0000000085800000|100%| O|  |TAMS 0x0000000085800000, 0x0000000085700000| Untracked 
|  14|0x0000000085800000, 0x0000000085900000, 0x0000000085900000|100%| O|  |TAMS 0x0000000085900000, 0x0000000085800000| Untracked 
|  15|0x0000000085900000, 0x0000000085a00000, 0x0000000085a00000|100%| O|  |TAMS 0x0000000085a00000, 0x0000000085900000| Untracked 
|  16|0x0000000085a00000, 0x0000000085b00000, 0x0000000085b00000|100%| O|  |TAMS 0x0000000085b00000, 0x0000000085a00000| Untracked 
|  17|0x0000000085b00000, 0x0000000085c00000, 0x0000000085c00000|100%| O|  |TAMS 0x0000000085c00000, 0x0000000085b00000| Untracked 
|  18|0x0000000085c00000, 0x0000000085d00000, 0x0000000085d00000|100%| O|  |TAMS 0x0000000085d00000, 0x0000000085c00000| Untracked 
|  19|0x0000000085d00000, 0x0000000085e00000, 0x0000000085e00000|100%| O|  |TAMS 0x0000000085e00000, 0x0000000085d00000| Untracked 
|  20|0x0000000085e00000, 0x0000000085f00000, 0x0000000085f00000|100%| O|  |TAMS 0x0000000085f00000, 0x0000000085e00000| Untracked 
|  21|0x0000000085f00000, 0x0000000086000000, 0x0000000086000000|100%| O|  |TAMS 0x0000000086000000, 0x0000000085f00000| Untracked 
|  22|0x0000000086000000, 0x0000000086100000, 0x0000000086100000|100%|HS|  |TAMS 0x0000000086100000, 0x0000000086000000| Complete 
|  23|0x0000000086100000, 0x00000000861cf6e8, 0x0000000086200000| 81%| S|CS|TAMS 0x0000000086100000, 0x0000000086100000| Complete 
|  24|0x0000000086200000, 0x0000000086300000, 0x0000000086300000|100%| S|CS|TAMS 0x0000000086200000, 0x0000000086200000| Complete 
|  25|0x0000000086300000, 0x0000000086400000, 0x0000000086400000|100%|HS|  |TAMS 0x0000000086300000, 0x0000000086300000| Complete 
|  26|0x0000000086400000, 0x0000000086500000, 0x0000000086500000|100%|HC|  |TAMS 0x0000000086400000, 0x0000000086400000| Complete 
|  27|0x0000000086500000, 0x0000000086600000, 0x0000000086600000|100%|HS|  |TAMS 0x0000000086600000, 0x0000000086500000| Complete 
|  28|0x0000000086600000, 0x0000000086700000, 0x0000000086700000|100%|HC|  |TAMS 0x0000000086700000, 0x0000000086600000| Complete 
|  29|0x0000000086700000, 0x0000000086800000, 0x0000000086800000|100%|HC|  |TAMS 0x0000000086800000, 0x0000000086700000| Complete 
|  30|0x0000000086800000, 0x0000000086900000, 0x0000000086900000|100%|HC|  |TAMS 0x0000000086900000, 0x0000000086800000| Complete 
|  31|0x0000000086900000, 0x0000000086a00000, 0x0000000086a00000|100%|HC|  |TAMS 0x0000000086a00000, 0x0000000086900000| Complete 
|  32|0x0000000086a00000, 0x0000000086b00000, 0x0000000086b00000|100%|HC|  |TAMS 0x0000000086b00000, 0x0000000086a00000| Complete 
|  33|0x0000000086b00000, 0x0000000086c00000, 0x0000000086c00000|100%|HC|  |TAMS 0x0000000086c00000, 0x0000000086b00000| Complete 
|  34|0x0000000086c00000, 0x0000000086d00000, 0x0000000086d00000|100%|HC|  |TAMS 0x0000000086d00000, 0x0000000086c00000| Complete 
|  35|0x0000000086d00000, 0x0000000086e00000, 0x0000000086e00000|100%|HS|  |TAMS 0x0000000086e00000, 0x0000000086d00000| Complete 
|  36|0x0000000086e00000, 0x0000000086f00000, 0x0000000086f00000|100%|HC|  |TAMS 0x0000000086f00000, 0x0000000086e00000| Complete 
|  37|0x0000000086f00000, 0x0000000087000000, 0x0000000087000000|100%|HS|  |TAMS 0x0000000087000000, 0x0000000086f00000| Complete 
|  38|0x0000000087000000, 0x0000000087100000, 0x0000000087100000|100%|HC|  |TAMS 0x0000000087100000, 0x0000000087000000| Complete 
|  39|0x0000000087100000, 0x0000000087200000, 0x0000000087200000|100%|HS|  |TAMS 0x0000000087200000, 0x0000000087100000| Complete 
|  40|0x0000000087200000, 0x0000000087300000, 0x0000000087300000|100%|HC|  |TAMS 0x0000000087300000, 0x0000000087200000| Complete 
|  41|0x0000000087300000, 0x0000000087400000, 0x0000000087400000|100%| O|  |TAMS 0x0000000087400000, 0x0000000087300000| Untracked 
|  42|0x0000000087400000, 0x0000000087500000, 0x0000000087500000|100%|HS|  |TAMS 0x0000000087500000, 0x0000000087400000| Complete 
|  43|0x0000000087500000, 0x0000000087600000, 0x0000000087600000|100%|HC|  |TAMS 0x0000000087600000, 0x0000000087500000| Complete 
|  44|0x0000000087600000, 0x0000000087700000, 0x0000000087700000|100%|HC|  |TAMS 0x0000000087700000, 0x0000000087600000| Complete 
|  45|0x0000000087700000, 0x0000000087800000, 0x0000000087800000|100%|HC|  |TAMS 0x0000000087800000, 0x0000000087700000| Complete 
|  46|0x0000000087800000, 0x0000000087900000, 0x0000000087900000|100%|HC|  |TAMS 0x0000000087900000, 0x0000000087800000| Complete 
|  47|0x0000000087900000, 0x0000000087a00000, 0x0000000087a00000|100%|HC|  |TAMS 0x0000000087a00000, 0x0000000087900000| Complete 
|  48|0x0000000087a00000, 0x0000000087b00000, 0x0000000087b00000|100%|HC|  |TAMS 0x0000000087b00000, 0x0000000087a00000| Complete 
|  49|0x0000000087b00000, 0x0000000087c00000, 0x0000000087c00000|100%|HC|  |TAMS 0x0000000087c00000, 0x0000000087b00000| Complete 
|  50|0x0000000087c00000, 0x0000000087d00000, 0x0000000087d00000|100%|HC|  |TAMS 0x0000000087d00000, 0x0000000087c00000| Complete 
|  51|0x0000000087d00000, 0x0000000087e00000, 0x0000000087e00000|100%|HC|  |TAMS 0x0000000087e00000, 0x0000000087d00000| Complete 
|  52|0x0000000087e00000, 0x0000000087f00000, 0x0000000087f00000|100%|HC|  |TAMS 0x0000000087f00000, 0x0000000087e00000| Complete 
|  53|0x0000000087f00000, 0x0000000088000000, 0x0000000088000000|100%|HC|  |TAMS 0x0000000088000000, 0x0000000087f00000| Complete 
|  54|0x0000000088000000, 0x0000000088100000, 0x0000000088100000|100%|HC|  |TAMS 0x0000000088100000, 0x0000000088000000| Complete 
|  55|0x0000000088100000, 0x0000000088200000, 0x0000000088200000|100%|HC|  |TAMS 0x0000000088200000, 0x0000000088100000| Complete 
|  56|0x0000000088200000, 0x0000000088300000, 0x0000000088300000|100%|HC|  |TAMS 0x0000000088300000, 0x0000000088200000| Complete 
|  57|0x0000000088300000, 0x0000000088400000, 0x0000000088400000|100%|HC|  |TAMS 0x0000000088400000, 0x0000000088300000| Complete 
|  58|0x0000000088400000, 0x0000000088500000, 0x0000000088500000|100%|HC|  |TAMS 0x0000000088500000, 0x0000000088400000| Complete 
|  59|0x0000000088500000, 0x0000000088600000, 0x0000000088600000|100%|HC|  |TAMS 0x0000000088600000, 0x0000000088500000| Complete 
|  60|0x0000000088600000, 0x0000000088700000, 0x0000000088700000|100%|HC|  |TAMS 0x0000000088700000, 0x0000000088600000| Complete 
|  61|0x0000000088700000, 0x0000000088800000, 0x0000000088800000|100%|HC|  |TAMS 0x0000000088800000, 0x0000000088700000| Complete 
|  62|0x0000000088800000, 0x0000000088900000, 0x0000000088900000|100%|HC|  |TAMS 0x0000000088900000, 0x0000000088800000| Complete 
|  63|0x0000000088900000, 0x0000000088a00000, 0x0000000088a00000|100%|HC|  |TAMS 0x0000000088a00000, 0x0000000088900000| Complete 
|  64|0x0000000088a00000, 0x0000000088b00000, 0x0000000088b00000|100%|HC|  |TAMS 0x0000000088b00000, 0x0000000088a00000| Complete 
|  65|0x0000000088b00000, 0x0000000088c00000, 0x0000000088c00000|100%|HC|  |TAMS 0x0000000088c00000, 0x0000000088b00000| Complete 
|  66|0x0000000088c00000, 0x0000000088d00000, 0x0000000088d00000|100%|HC|  |TAMS 0x0000000088d00000, 0x0000000088c00000| Complete 
|  67|0x0000000088d00000, 0x0000000088e00000, 0x0000000088e00000|100%|HC|  |TAMS 0x0000000088e00000, 0x0000000088d00000| Complete 
|  68|0x0000000088e00000, 0x0000000088f00000, 0x0000000088f00000|100%|HC|  |TAMS 0x0000000088f00000, 0x0000000088e00000| Complete 
|  69|0x0000000088f00000, 0x0000000089000000, 0x0000000089000000|100%|HC|  |TAMS 0x0000000089000000, 0x0000000088f00000| Complete 
|  70|0x0000000089000000, 0x0000000089100000, 0x0000000089100000|100%|HC|  |TAMS 0x0000000089100000, 0x0000000089000000| Complete 
|  71|0x0000000089100000, 0x0000000089200000, 0x0000000089200000|100%|HC|  |TAMS 0x0000000089200000, 0x0000000089100000| Complete 
|  72|0x0000000089200000, 0x0000000089300000, 0x0000000089300000|100%|HC|  |TAMS 0x0000000089300000, 0x0000000089200000| Complete 
|  73|0x0000000089300000, 0x0000000089400000, 0x0000000089400000|100%|HS|  |TAMS 0x0000000089300000, 0x0000000089300000| Complete 
|  74|0x0000000089400000, 0x0000000089500000, 0x0000000089500000|100%|HC|  |TAMS 0x0000000089400000, 0x0000000089400000| Complete 
|  75|0x0000000089500000, 0x0000000089500000, 0x0000000089600000|  0%| F|  |TAMS 0x0000000089500000, 0x0000000089500000| Untracked 
|  76|0x0000000089600000, 0x0000000089700000, 0x0000000089700000|100%| O|  |TAMS 0x0000000089700000, 0x0000000089600000| Complete 
|  77|0x0000000089700000, 0x000000008977ee00, 0x0000000089800000| 49%| O|  |TAMS 0x000000008977ee00, 0x0000000089700000| Untracked 
|  78|0x0000000089800000, 0x0000000089900000, 0x0000000089900000|100%|HS|  |TAMS 0x0000000089800000, 0x0000000089800000| Complete 
|  79|0x0000000089900000, 0x0000000089a00000, 0x0000000089a00000|100%|HC|  |TAMS 0x0000000089900000, 0x0000000089900000| Complete 
|  80|0x0000000089a00000, 0x0000000089b00000, 0x0000000089b00000|100%|HS|  |TAMS 0x0000000089a00000, 0x0000000089a00000| Complete 
|  81|0x0000000089b00000, 0x0000000089c00000, 0x0000000089c00000|100%|HC|  |TAMS 0x0000000089b00000, 0x0000000089b00000| Complete 
|  82|0x0000000089c00000, 0x0000000089d00000, 0x0000000089d00000|100%|HC|  |TAMS 0x0000000089c00000, 0x0000000089c00000| Complete 
|  83|0x0000000089d00000, 0x0000000089e00000, 0x0000000089e00000|100%|HC|  |TAMS 0x0000000089d00000, 0x0000000089d00000| Complete 
|  84|0x0000000089e00000, 0x0000000089f00000, 0x0000000089f00000|100%|HC|  |TAMS 0x0000000089e00000, 0x0000000089e00000| Complete 
|  85|0x0000000089f00000, 0x000000008a000000, 0x000000008a000000|100%|HC|  |TAMS 0x0000000089f00000, 0x0000000089f00000| Complete 
|  86|0x000000008a000000, 0x000000008a100000, 0x000000008a100000|100%|HC|  |TAMS 0x000000008a000000, 0x000000008a000000| Complete 
|  87|0x000000008a100000, 0x000000008a200000, 0x000000008a200000|100%|HC|  |TAMS 0x000000008a100000, 0x000000008a100000| Complete 
|  88|0x000000008a200000, 0x000000008a300000, 0x000000008a300000|100%|HC|  |TAMS 0x000000008a200000, 0x000000008a200000| Complete 
|  89|0x000000008a300000, 0x000000008a400000, 0x000000008a400000|100%|HC|  |TAMS 0x000000008a300000, 0x000000008a300000| Complete 
|  90|0x000000008a400000, 0x000000008a500000, 0x000000008a500000|100%|HC|  |TAMS 0x000000008a400000, 0x000000008a400000| Complete 
|  91|0x000000008a500000, 0x000000008a600000, 0x000000008a600000|100%|HC|  |TAMS 0x000000008a500000, 0x000000008a500000| Complete 
|  92|0x000000008a600000, 0x000000008a700000, 0x000000008a700000|100%|HC|  |TAMS 0x000000008a600000, 0x000000008a600000| Complete 
|  93|0x000000008a700000, 0x000000008a800000, 0x000000008a800000|100%|HC|  |TAMS 0x000000008a700000, 0x000000008a700000| Complete 
|  94|0x000000008a800000, 0x000000008a900000, 0x000000008a900000|100%|HC|  |TAMS 0x000000008a800000, 0x000000008a800000| Complete 
|  95|0x000000008a900000, 0x000000008aa00000, 0x000000008aa00000|100%|HC|  |TAMS 0x000000008a900000, 0x000000008a900000| Complete 
|  96|0x000000008aa00000, 0x000000008ab00000, 0x000000008ab00000|100%|HC|  |TAMS 0x000000008aa00000, 0x000000008aa00000| Complete 
|  97|0x000000008ab00000, 0x000000008ac00000, 0x000000008ac00000|100%|HC|  |TAMS 0x000000008ab00000, 0x000000008ab00000| Complete 
|  98|0x000000008ac00000, 0x000000008ad00000, 0x000000008ad00000|100%|HC|  |TAMS 0x000000008ac00000, 0x000000008ac00000| Complete 
|  99|0x000000008ad00000, 0x000000008ae00000, 0x000000008ae00000|100%|HC|  |TAMS 0x000000008ad00000, 0x000000008ad00000| Complete 
| 100|0x000000008ae00000, 0x000000008af00000, 0x000000008af00000|100%|HC|  |TAMS 0x000000008ae00000, 0x000000008ae00000| Complete 
| 101|0x000000008af00000, 0x000000008b000000, 0x000000008b000000|100%|HC|  |TAMS 0x000000008af00000, 0x000000008af00000| Complete 
| 102|0x000000008b000000, 0x000000008b100000, 0x000000008b100000|100%|HC|  |TAMS 0x000000008b000000, 0x000000008b000000| Complete 
| 103|0x000000008b100000, 0x000000008b200000, 0x000000008b200000|100%|HC|  |TAMS 0x000000008b100000, 0x000000008b100000| Complete 
| 104|0x000000008b200000, 0x000000008b300000, 0x000000008b300000|100%|HC|  |TAMS 0x000000008b200000, 0x000000008b200000| Complete 
| 105|0x000000008b300000, 0x000000008b400000, 0x000000008b400000|100%|HC|  |TAMS 0x000000008b300000, 0x000000008b300000| Complete 
| 106|0x000000008b400000, 0x000000008b500000, 0x000000008b500000|100%|HC|  |TAMS 0x000000008b400000, 0x000000008b400000| Complete 
| 107|0x000000008b500000, 0x000000008b600000, 0x000000008b600000|100%|HC|  |TAMS 0x000000008b500000, 0x000000008b500000| Complete 
| 108|0x000000008b600000, 0x000000008b700000, 0x000000008b700000|100%|HC|  |TAMS 0x000000008b600000, 0x000000008b600000| Complete 
| 109|0x000000008b700000, 0x000000008b800000, 0x000000008b800000|100%|HC|  |TAMS 0x000000008b700000, 0x000000008b700000| Complete 
| 110|0x000000008b800000, 0x000000008b900000, 0x000000008b900000|100%|HC|  |TAMS 0x000000008b800000, 0x000000008b800000| Complete 
| 111|0x000000008b900000, 0x000000008ba00000, 0x000000008ba00000|100%|HC|  |TAMS 0x000000008b900000, 0x000000008b900000| Complete 
| 112|0x000000008ba00000, 0x000000008bb00000, 0x000000008bb00000|100%|HC|  |TAMS 0x000000008ba00000, 0x000000008ba00000| Complete 
| 113|0x000000008bb00000, 0x000000008bc00000, 0x000000008bc00000|100%|HC|  |TAMS 0x000000008bb00000, 0x000000008bb00000| Complete 
| 114|0x000000008bc00000, 0x000000008bd00000, 0x000000008bd00000|100%|HC|  |TAMS 0x000000008bc00000, 0x000000008bc00000| Complete 
| 115|0x000000008bd00000, 0x000000008be00000, 0x000000008be00000|100%|HS|  |TAMS 0x000000008bd00000, 0x000000008bd00000| Complete 
| 116|0x000000008be00000, 0x000000008bf00000, 0x000000008bf00000|100%|HC|  |TAMS 0x000000008be00000, 0x000000008be00000| Complete 
| 117|0x000000008bf00000, 0x000000008c000000, 0x000000008c000000|100%|HC|  |TAMS 0x000000008bf00000, 0x000000008bf00000| Complete 
| 118|0x000000008c000000, 0x000000008c100000, 0x000000008c100000|100%|HC|  |TAMS 0x000000008c000000, 0x000000008c000000| Complete 
| 119|0x000000008c100000, 0x000000008c200000, 0x000000008c200000|100%|HS|  |TAMS 0x000000008c100000, 0x000000008c100000| Complete 
| 120|0x000000008c200000, 0x000000008c300000, 0x000000008c300000|100%|HC|  |TAMS 0x000000008c200000, 0x000000008c200000| Complete 
| 121|0x000000008c300000, 0x000000008c400000, 0x000000008c400000|100%|HS|  |TAMS 0x000000008c300000, 0x000000008c300000| Complete 
| 122|0x000000008c400000, 0x000000008c500000, 0x000000008c500000|100%|HC|  |TAMS 0x000000008c400000, 0x000000008c400000| Complete 
| 123|0x000000008c500000, 0x000000008c600000, 0x000000008c600000|100%| E|CS|TAMS 0x000000008c500000, 0x000000008c500000| Complete 
| 124|0x000000008c600000, 0x000000008c700000, 0x000000008c700000|100%|HS|  |TAMS 0x000000008c700000, 0x000000008c600000| Complete 
| 125|0x000000008c700000, 0x000000008c800000, 0x000000008c800000|100%|HC|  |TAMS 0x000000008c800000, 0x000000008c700000| Complete 
| 126|0x000000008c800000, 0x000000008c900000, 0x000000008c900000|100%|HC|  |TAMS 0x000000008c900000, 0x000000008c800000| Complete 
| 127|0x000000008c900000, 0x000000008ca00000, 0x000000008ca00000|100%|HC|  |TAMS 0x000000008ca00000, 0x000000008c900000| Complete 
| 128|0x000000008ca00000, 0x000000008cb00000, 0x000000008cb00000|100%|HC|  |TAMS 0x000000008cb00000, 0x000000008ca00000| Complete 
| 129|0x000000008cb00000, 0x000000008cc00000, 0x000000008cc00000|100%|HC|  |TAMS 0x000000008cc00000, 0x000000008cb00000| Complete 
| 130|0x000000008cc00000, 0x000000008cd00000, 0x000000008cd00000|100%|HC|  |TAMS 0x000000008cd00000, 0x000000008cc00000| Complete 
| 131|0x000000008cd00000, 0x000000008ce00000, 0x000000008ce00000|100%|HC|  |TAMS 0x000000008ce00000, 0x000000008cd00000| Complete 
| 132|0x000000008ce00000, 0x000000008cf00000, 0x000000008cf00000|100%|HC|  |TAMS 0x000000008cf00000, 0x000000008ce00000| Complete 
| 133|0x000000008cf00000, 0x000000008d000000, 0x000000008d000000|100%|HC|  |TAMS 0x000000008d000000, 0x000000008cf00000| Complete 
| 134|0x000000008d000000, 0x000000008d100000, 0x000000008d100000|100%|HC|  |TAMS 0x000000008d100000, 0x000000008d000000| Complete 
| 135|0x000000008d100000, 0x000000008d200000, 0x000000008d200000|100%|HC|  |TAMS 0x000000008d200000, 0x000000008d100000| Complete 
| 136|0x000000008d200000, 0x000000008d300000, 0x000000008d300000|100%|HC|  |TAMS 0x000000008d300000, 0x000000008d200000| Complete 
| 137|0x000000008d300000, 0x000000008d400000, 0x000000008d400000|100%|HC|  |TAMS 0x000000008d400000, 0x000000008d300000| Complete 
| 138|0x000000008d400000, 0x000000008d500000, 0x000000008d500000|100%|HC|  |TAMS 0x000000008d500000, 0x000000008d400000| Complete 
| 139|0x000000008d500000, 0x000000008d600000, 0x000000008d600000|100%|HC|  |TAMS 0x000000008d600000, 0x000000008d500000| Complete 
| 140|0x000000008d600000, 0x000000008d700000, 0x000000008d700000|100%|HC|  |TAMS 0x000000008d700000, 0x000000008d600000| Complete 
| 141|0x000000008d700000, 0x000000008d800000, 0x000000008d800000|100%|HC|  |TAMS 0x000000008d800000, 0x000000008d700000| Complete 
| 142|0x000000008d800000, 0x000000008d900000, 0x000000008d900000|100%|HC|  |TAMS 0x000000008d900000, 0x000000008d800000| Complete 
| 143|0x000000008d900000, 0x000000008da00000, 0x000000008da00000|100%|HC|  |TAMS 0x000000008da00000, 0x000000008d900000| Complete 
| 144|0x000000008da00000, 0x000000008db00000, 0x000000008db00000|100%|HC|  |TAMS 0x000000008db00000, 0x000000008da00000| Complete 
| 145|0x000000008db00000, 0x000000008dc00000, 0x000000008dc00000|100%|HC|  |TAMS 0x000000008dc00000, 0x000000008db00000| Complete 
| 146|0x000000008dc00000, 0x000000008dd00000, 0x000000008dd00000|100%|HC|  |TAMS 0x000000008dd00000, 0x000000008dc00000| Complete 
| 147|0x000000008dd00000, 0x000000008de00000, 0x000000008de00000|100%|HC|  |TAMS 0x000000008de00000, 0x000000008dd00000| Complete 
| 148|0x000000008de00000, 0x000000008df00000, 0x000000008df00000|100%|HC|  |TAMS 0x000000008df00000, 0x000000008de00000| Complete 
| 149|0x000000008df00000, 0x000000008e000000, 0x000000008e000000|100%|HC|  |TAMS 0x000000008e000000, 0x000000008df00000| Complete 
| 150|0x000000008e000000, 0x000000008e100000, 0x000000008e100000|100%|HC|  |TAMS 0x000000008e100000, 0x000000008e000000| Complete 
| 151|0x000000008e100000, 0x000000008e200000, 0x000000008e200000|100%|HC|  |TAMS 0x000000008e200000, 0x000000008e100000| Complete 
| 152|0x000000008e200000, 0x000000008e300000, 0x000000008e300000|100%|HC|  |TAMS 0x000000008e300000, 0x000000008e200000| Complete 
| 153|0x000000008e300000, 0x000000008e400000, 0x000000008e400000|100%|HC|  |TAMS 0x000000008e400000, 0x000000008e300000| Complete 
| 154|0x000000008e400000, 0x000000008e500000, 0x000000008e500000|100%|HC|  |TAMS 0x000000008e500000, 0x000000008e400000| Complete 
| 155|0x000000008e500000, 0x000000008e600000, 0x000000008e600000|100%|HC|  |TAMS 0x000000008e600000, 0x000000008e500000| Complete 
| 156|0x000000008e600000, 0x000000008e700000, 0x000000008e700000|100%|HC|  |TAMS 0x000000008e700000, 0x000000008e600000| Complete 
| 157|0x000000008e700000, 0x000000008e800000, 0x000000008e800000|100%|HC|  |TAMS 0x000000008e800000, 0x000000008e700000| Complete 
| 158|0x000000008e800000, 0x000000008e900000, 0x000000008e900000|100%|HC|  |TAMS 0x000000008e900000, 0x000000008e800000| Complete 
| 159|0x000000008e900000, 0x000000008ea00000, 0x000000008ea00000|100%|HS|  |TAMS 0x000000008ea00000, 0x000000008e900000| Complete 
| 160|0x000000008ea00000, 0x000000008eb00000, 0x000000008eb00000|100%|HC|  |TAMS 0x000000008eb00000, 0x000000008ea00000| Complete 
| 161|0x000000008eb00000, 0x000000008ec00000, 0x000000008ec00000|100%|HC|  |TAMS 0x000000008ec00000, 0x000000008eb00000| Complete 
| 162|0x000000008ec00000, 0x000000008ed00000, 0x000000008ed00000|100%|HC|  |TAMS 0x000000008ed00000, 0x000000008ec00000| Complete 
| 163|0x000000008ed00000, 0x000000008ee00000, 0x000000008ee00000|100%|HC|  |TAMS 0x000000008ee00000, 0x000000008ed00000| Complete 
| 164|0x000000008ee00000, 0x000000008ef00000, 0x000000008ef00000|100%|HC|  |TAMS 0x000000008ef00000, 0x000000008ee00000| Complete 
| 165|0x000000008ef00000, 0x000000008f000000, 0x000000008f000000|100%|HC|  |TAMS 0x000000008f000000, 0x000000008ef00000| Complete 
| 166|0x000000008f000000, 0x000000008f100000, 0x000000008f100000|100%|HC|  |TAMS 0x000000008f100000, 0x000000008f000000| Complete 
| 167|0x000000008f100000, 0x000000008f200000, 0x000000008f200000|100%|HC|  |TAMS 0x000000008f200000, 0x000000008f100000| Complete 
| 168|0x000000008f200000, 0x000000008f300000, 0x000000008f300000|100%|HC|  |TAMS 0x000000008f300000, 0x000000008f200000| Complete 
| 169|0x000000008f300000, 0x000000008f400000, 0x000000008f400000|100%|HC|  |TAMS 0x000000008f400000, 0x000000008f300000| Complete 
| 170|0x000000008f400000, 0x000000008f500000, 0x000000008f500000|100%|HC|  |TAMS 0x000000008f500000, 0x000000008f400000| Complete 
| 171|0x000000008f500000, 0x000000008f600000, 0x000000008f600000|100%|HC|  |TAMS 0x000000008f600000, 0x000000008f500000| Complete 
| 172|0x000000008f600000, 0x000000008f700000, 0x000000008f700000|100%|HC|  |TAMS 0x000000008f700000, 0x000000008f600000| Complete 
| 173|0x000000008f700000, 0x000000008f800000, 0x000000008f800000|100%|HC|  |TAMS 0x000000008f800000, 0x000000008f700000| Complete 
| 174|0x000000008f800000, 0x000000008f900000, 0x000000008f900000|100%|HC|  |TAMS 0x000000008f900000, 0x000000008f800000| Complete 
| 175|0x000000008f900000, 0x000000008fa00000, 0x000000008fa00000|100%|HC|  |TAMS 0x000000008fa00000, 0x000000008f900000| Complete 
| 176|0x000000008fa00000, 0x000000008fb00000, 0x000000008fb00000|100%|HC|  |TAMS 0x000000008fb00000, 0x000000008fa00000| Complete 
| 177|0x000000008fb00000, 0x000000008fc00000, 0x000000008fc00000|100%|HC|  |TAMS 0x000000008fc00000, 0x000000008fb00000| Complete 
| 178|0x000000008fc00000, 0x000000008fd00000, 0x000000008fd00000|100%|HC|  |TAMS 0x000000008fd00000, 0x000000008fc00000| Complete 
| 179|0x000000008fd00000, 0x000000008fe00000, 0x000000008fe00000|100%|HC|  |TAMS 0x000000008fe00000, 0x000000008fd00000| Complete 
| 180|0x000000008fe00000, 0x000000008ff00000, 0x000000008ff00000|100%|HC|  |TAMS 0x000000008ff00000, 0x000000008fe00000| Complete 
| 181|0x000000008ff00000, 0x0000000090000000, 0x0000000090000000|100%|HC|  |TAMS 0x0000000090000000, 0x000000008ff00000| Complete 
| 182|0x0000000090000000, 0x0000000090100000, 0x0000000090100000|100%|HC|  |TAMS 0x0000000090100000, 0x0000000090000000| Complete 
| 183|0x0000000090100000, 0x0000000090200000, 0x0000000090200000|100%|HC|  |TAMS 0x0000000090200000, 0x0000000090100000| Complete 
| 184|0x0000000090200000, 0x0000000090300000, 0x0000000090300000|100%|HC|  |TAMS 0x0000000090300000, 0x0000000090200000| Complete 
| 185|0x0000000090300000, 0x0000000090400000, 0x0000000090400000|100%|HC|  |TAMS 0x0000000090400000, 0x0000000090300000| Complete 
| 186|0x0000000090400000, 0x0000000090500000, 0x0000000090500000|100%|HC|  |TAMS 0x0000000090500000, 0x0000000090400000| Complete 
| 187|0x0000000090500000, 0x0000000090600000, 0x0000000090600000|100%|HC|  |TAMS 0x0000000090600000, 0x0000000090500000| Complete 
| 188|0x0000000090600000, 0x0000000090700000, 0x0000000090700000|100%|HC|  |TAMS 0x0000000090700000, 0x0000000090600000| Complete 
| 189|0x0000000090700000, 0x0000000090800000, 0x0000000090800000|100%|HC|  |TAMS 0x0000000090800000, 0x0000000090700000| Complete 
| 190|0x0000000090800000, 0x0000000090900000, 0x0000000090900000|100%|HC|  |TAMS 0x0000000090900000, 0x0000000090800000| Complete 
| 191|0x0000000090900000, 0x0000000090a00000, 0x0000000090a00000|100%|HC|  |TAMS 0x0000000090a00000, 0x0000000090900000| Complete 
| 192|0x0000000090a00000, 0x0000000090b00000, 0x0000000090b00000|100%|HC|  |TAMS 0x0000000090b00000, 0x0000000090a00000| Complete 
| 193|0x0000000090b00000, 0x0000000090c00000, 0x0000000090c00000|100%|HC|  |TAMS 0x0000000090c00000, 0x0000000090b00000| Complete 
| 194|0x0000000090c00000, 0x0000000090d00000, 0x0000000090d00000|100%|HC|  |TAMS 0x0000000090d00000, 0x0000000090c00000| Complete 
| 195|0x0000000090d00000, 0x0000000090e00000, 0x0000000090e00000|100%|HC|  |TAMS 0x0000000090e00000, 0x0000000090d00000| Complete 
| 196|0x0000000090e00000, 0x0000000090f00000, 0x0000000090f00000|100%|HC|  |TAMS 0x0000000090f00000, 0x0000000090e00000| Complete 
| 197|0x0000000090f00000, 0x0000000091000000, 0x0000000091000000|100%|HC|  |TAMS 0x0000000091000000, 0x0000000090f00000| Complete 
| 198|0x0000000091000000, 0x0000000091100000, 0x0000000091100000|100%|HC|  |TAMS 0x0000000091100000, 0x0000000091000000| Complete 
| 199|0x0000000091100000, 0x0000000091200000, 0x0000000091200000|100%|HC|  |TAMS 0x0000000091200000, 0x0000000091100000| Complete 
| 200|0x0000000091200000, 0x0000000091300000, 0x0000000091300000|100%|HC|  |TAMS 0x0000000091300000, 0x0000000091200000| Complete 
| 201|0x0000000091300000, 0x0000000091400000, 0x0000000091400000|100%|HC|  |TAMS 0x0000000091400000, 0x0000000091300000| Complete 
| 202|0x0000000091400000, 0x0000000091500000, 0x0000000091500000|100%|HC|  |TAMS 0x0000000091500000, 0x0000000091400000| Complete 
| 203|0x0000000091500000, 0x0000000091600000, 0x0000000091600000|100%|HC|  |TAMS 0x0000000091600000, 0x0000000091500000| Complete 
| 204|0x0000000091600000, 0x0000000091700000, 0x0000000091700000|100%|HC|  |TAMS 0x0000000091700000, 0x0000000091600000| Complete 
| 205|0x0000000091700000, 0x0000000091800000, 0x0000000091800000|100%|HC|  |TAMS 0x0000000091800000, 0x0000000091700000| Complete 
| 206|0x0000000091800000, 0x0000000091900000, 0x0000000091900000|100%|HC|  |TAMS 0x0000000091900000, 0x0000000091800000| Complete 
| 207|0x0000000091900000, 0x0000000091a00000, 0x0000000091a00000|100%|HC|  |TAMS 0x0000000091a00000, 0x0000000091900000| Complete 
| 208|0x0000000091a00000, 0x0000000091b00000, 0x0000000091b00000|100%|HC|  |TAMS 0x0000000091b00000, 0x0000000091a00000| Complete 
| 209|0x0000000091b00000, 0x0000000091c00000, 0x0000000091c00000|100%|HC|  |TAMS 0x0000000091c00000, 0x0000000091b00000| Complete 
| 210|0x0000000091c00000, 0x0000000091d00000, 0x0000000091d00000|100%|HC|  |TAMS 0x0000000091d00000, 0x0000000091c00000| Complete 
| 211|0x0000000091d00000, 0x0000000091e00000, 0x0000000091e00000|100%|HC|  |TAMS 0x0000000091e00000, 0x0000000091d00000| Complete 
| 212|0x0000000091e00000, 0x0000000091f00000, 0x0000000091f00000|100%|HC|  |TAMS 0x0000000091f00000, 0x0000000091e00000| Complete 
| 213|0x0000000091f00000, 0x0000000092000000, 0x0000000092000000|100%|HC|  |TAMS 0x0000000092000000, 0x0000000091f00000| Complete 
| 214|0x0000000092000000, 0x0000000092100000, 0x0000000092100000|100%|HC|  |TAMS 0x0000000092100000, 0x0000000092000000| Complete 
| 215|0x0000000092100000, 0x0000000092200000, 0x0000000092200000|100%|HC|  |TAMS 0x0000000092200000, 0x0000000092100000| Complete 
| 216|0x0000000092200000, 0x0000000092300000, 0x0000000092300000|100%|HC|  |TAMS 0x0000000092300000, 0x0000000092200000| Complete 
| 217|0x0000000092300000, 0x0000000092400000, 0x0000000092400000|100%|HC|  |TAMS 0x0000000092400000, 0x0000000092300000| Complete 
| 218|0x0000000092400000, 0x0000000092500000, 0x0000000092500000|100%|HC|  |TAMS 0x0000000092500000, 0x0000000092400000| Complete 
| 219|0x0000000092500000, 0x0000000092600000, 0x0000000092600000|100%|HC|  |TAMS 0x0000000092600000, 0x0000000092500000| Complete 
| 220|0x0000000092600000, 0x0000000092700000, 0x0000000092700000|100%|HC|  |TAMS 0x0000000092700000, 0x0000000092600000| Complete 
| 221|0x0000000092700000, 0x0000000092800000, 0x0000000092800000|100%|HC|  |TAMS 0x0000000092800000, 0x0000000092700000| Complete 
| 222|0x0000000092800000, 0x0000000092900000, 0x0000000092900000|100%|HC|  |TAMS 0x0000000092900000, 0x0000000092800000| Complete 
| 223|0x0000000092900000, 0x0000000092a00000, 0x0000000092a00000|100%|HC|  |TAMS 0x0000000092a00000, 0x0000000092900000| Complete 
| 224|0x0000000092a00000, 0x0000000092b00000, 0x0000000092b00000|100%|HC|  |TAMS 0x0000000092b00000, 0x0000000092a00000| Complete 
| 225|0x0000000092b00000, 0x0000000092c00000, 0x0000000092c00000|100%|HC|  |TAMS 0x0000000092c00000, 0x0000000092b00000| Complete 
| 226|0x0000000092c00000, 0x0000000092d00000, 0x0000000092d00000|100%|HC|  |TAMS 0x0000000092d00000, 0x0000000092c00000| Complete 
| 227|0x0000000092d00000, 0x0000000092e00000, 0x0000000092e00000|100%|HC|  |TAMS 0x0000000092e00000, 0x0000000092d00000| Complete 
| 228|0x0000000092e00000, 0x0000000092f00000, 0x0000000092f00000|100%|HC|  |TAMS 0x0000000092f00000, 0x0000000092e00000| Complete 
| 229|0x0000000092f00000, 0x0000000093000000, 0x0000000093000000|100%|HC|  |TAMS 0x0000000093000000, 0x0000000092f00000| Complete 
| 230|0x0000000093000000, 0x0000000093100000, 0x0000000093100000|100%|HC|  |TAMS 0x0000000093100000, 0x0000000093000000| Complete 
| 231|0x0000000093100000, 0x0000000093200000, 0x0000000093200000|100%|HC|  |TAMS 0x0000000093200000, 0x0000000093100000| Complete 
| 232|0x0000000093200000, 0x0000000093300000, 0x0000000093300000|100%|HC|  |TAMS 0x0000000093300000, 0x0000000093200000| Complete 
| 233|0x0000000093300000, 0x0000000093400000, 0x0000000093400000|100%|HC|  |TAMS 0x0000000093400000, 0x0000000093300000| Complete 
| 234|0x0000000093400000, 0x0000000093500000, 0x0000000093500000|100%|HC|  |TAMS 0x0000000093500000, 0x0000000093400000| Complete 
| 235|0x0000000093500000, 0x0000000093600000, 0x0000000093600000|100%|HC|  |TAMS 0x0000000093600000, 0x0000000093500000| Complete 
| 236|0x0000000093600000, 0x0000000093700000, 0x0000000093700000|100%|HC|  |TAMS 0x0000000093700000, 0x0000000093600000| Complete 
| 237|0x0000000093700000, 0x0000000093800000, 0x0000000093800000|100%|HC|  |TAMS 0x0000000093800000, 0x0000000093700000| Complete 
| 238|0x0000000093800000, 0x0000000093900000, 0x0000000093900000|100%|HC|  |TAMS 0x0000000093900000, 0x0000000093800000| Complete 
| 239|0x0000000093900000, 0x0000000093a00000, 0x0000000093a00000|100%|HC|  |TAMS 0x0000000093a00000, 0x0000000093900000| Complete 
| 240|0x0000000093a00000, 0x0000000093b00000, 0x0000000093b00000|100%|HC|  |TAMS 0x0000000093b00000, 0x0000000093a00000| Complete 
| 241|0x0000000093b00000, 0x0000000093c00000, 0x0000000093c00000|100%|HC|  |TAMS 0x0000000093c00000, 0x0000000093b00000| Complete 
| 242|0x0000000093c00000, 0x0000000093d00000, 0x0000000093d00000|100%|HC|  |TAMS 0x0000000093d00000, 0x0000000093c00000| Complete 
| 243|0x0000000093d00000, 0x0000000093e00000, 0x0000000093e00000|100%|HC|  |TAMS 0x0000000093e00000, 0x0000000093d00000| Complete 
| 244|0x0000000093e00000, 0x0000000093f00000, 0x0000000093f00000|100%|HC|  |TAMS 0x0000000093f00000, 0x0000000093e00000| Complete 
| 245|0x0000000093f00000, 0x0000000094000000, 0x0000000094000000|100%|HC|  |TAMS 0x0000000094000000, 0x0000000093f00000| Complete 
| 246|0x0000000094000000, 0x0000000094100000, 0x0000000094100000|100%|HC|  |TAMS 0x0000000094100000, 0x0000000094000000| Complete 
| 247|0x0000000094100000, 0x0000000094200000, 0x0000000094200000|100%|HC|  |TAMS 0x0000000094200000, 0x0000000094100000| Complete 
| 248|0x0000000094200000, 0x0000000094300000, 0x0000000094300000|100%|HC|  |TAMS 0x0000000094300000, 0x0000000094200000| Complete 
| 249|0x0000000094300000, 0x0000000094400000, 0x0000000094400000|100%|HC|  |TAMS 0x0000000094400000, 0x0000000094300000| Complete 
| 250|0x0000000094400000, 0x0000000094500000, 0x0000000094500000|100%|HC|  |TAMS 0x0000000094500000, 0x0000000094400000| Complete 
| 251|0x0000000094500000, 0x0000000094600000, 0x0000000094600000|100%|HC|  |TAMS 0x0000000094600000, 0x0000000094500000| Complete 
| 252|0x0000000094600000, 0x0000000094700000, 0x0000000094700000|100%|HC|  |TAMS 0x0000000094700000, 0x0000000094600000| Complete 
| 253|0x0000000094700000, 0x0000000094800000, 0x0000000094800000|100%|HC|  |TAMS 0x0000000094800000, 0x0000000094700000| Complete 
| 254|0x0000000094800000, 0x0000000094900000, 0x0000000094900000|100%|HC|  |TAMS 0x0000000094900000, 0x0000000094800000| Complete 
| 255|0x0000000094900000, 0x0000000094a00000, 0x0000000094a00000|100%|HC|  |TAMS 0x0000000094a00000, 0x0000000094900000| Complete 
| 256|0x0000000094a00000, 0x0000000094b00000, 0x0000000094b00000|100%|HC|  |TAMS 0x0000000094b00000, 0x0000000094a00000| Complete 
| 257|0x0000000094b00000, 0x0000000094c00000, 0x0000000094c00000|100%|HC|  |TAMS 0x0000000094c00000, 0x0000000094b00000| Complete 
| 258|0x0000000094c00000, 0x0000000094d00000, 0x0000000094d00000|100%|HC|  |TAMS 0x0000000094d00000, 0x0000000094c00000| Complete 
| 259|0x0000000094d00000, 0x0000000094e00000, 0x0000000094e00000|100%|HC|  |TAMS 0x0000000094e00000, 0x0000000094d00000| Complete 
| 260|0x0000000094e00000, 0x0000000094f00000, 0x0000000094f00000|100%|HC|  |TAMS 0x0000000094f00000, 0x0000000094e00000| Complete 
| 261|0x0000000094f00000, 0x0000000095000000, 0x0000000095000000|100%|HC|  |TAMS 0x0000000095000000, 0x0000000094f00000| Complete 
| 262|0x0000000095000000, 0x0000000095100000, 0x0000000095100000|100%|HC|  |TAMS 0x0000000095100000, 0x0000000095000000| Complete 
| 263|0x0000000095100000, 0x0000000095200000, 0x0000000095200000|100%|HC|  |TAMS 0x0000000095200000, 0x0000000095100000| Complete 
| 264|0x0000000095200000, 0x0000000095300000, 0x0000000095300000|100%|HC|  |TAMS 0x0000000095300000, 0x0000000095200000| Complete 
| 265|0x0000000095300000, 0x0000000095400000, 0x0000000095400000|100%|HC|  |TAMS 0x0000000095400000, 0x0000000095300000| Complete 
| 266|0x0000000095400000, 0x0000000095500000, 0x0000000095500000|100%|HC|  |TAMS 0x0000000095500000, 0x0000000095400000| Complete 
| 267|0x0000000095500000, 0x0000000095600000, 0x0000000095600000|100%|HC|  |TAMS 0x0000000095600000, 0x0000000095500000| Complete 
| 268|0x0000000095600000, 0x0000000095700000, 0x0000000095700000|100%|HC|  |TAMS 0x0000000095700000, 0x0000000095600000| Complete 
| 269|0x0000000095700000, 0x0000000095800000, 0x0000000095800000|100%|HC|  |TAMS 0x0000000095800000, 0x0000000095700000| Complete 
| 270|0x0000000095800000, 0x0000000095900000, 0x0000000095900000|100%|HC|  |TAMS 0x0000000095900000, 0x0000000095800000| Complete 
| 271|0x0000000095900000, 0x0000000095a00000, 0x0000000095a00000|100%|HC|  |TAMS 0x0000000095a00000, 0x0000000095900000| Complete 
| 272|0x0000000095a00000, 0x0000000095b00000, 0x0000000095b00000|100%|HC|  |TAMS 0x0000000095b00000, 0x0000000095a00000| Complete 
| 273|0x0000000095b00000, 0x0000000095c00000, 0x0000000095c00000|100%|HC|  |TAMS 0x0000000095c00000, 0x0000000095b00000| Complete 
| 274|0x0000000095c00000, 0x0000000095d00000, 0x0000000095d00000|100%|HC|  |TAMS 0x0000000095d00000, 0x0000000095c00000| Complete 
| 275|0x0000000095d00000, 0x0000000095e00000, 0x0000000095e00000|100%|HC|  |TAMS 0x0000000095e00000, 0x0000000095d00000| Complete 
| 276|0x0000000095e00000, 0x0000000095f00000, 0x0000000095f00000|100%|HC|  |TAMS 0x0000000095f00000, 0x0000000095e00000| Complete 
| 277|0x0000000095f00000, 0x0000000096000000, 0x0000000096000000|100%|HC|  |TAMS 0x0000000096000000, 0x0000000095f00000| Complete 
| 278|0x0000000096000000, 0x0000000096100000, 0x0000000096100000|100%|HC|  |TAMS 0x0000000096100000, 0x0000000096000000| Complete 
| 279|0x0000000096100000, 0x0000000096200000, 0x0000000096200000|100%|HC|  |TAMS 0x0000000096200000, 0x0000000096100000| Complete 
| 280|0x0000000096200000, 0x0000000096300000, 0x0000000096300000|100%|HC|  |TAMS 0x0000000096300000, 0x0000000096200000| Complete 
| 281|0x0000000096300000, 0x0000000096400000, 0x0000000096400000|100%|HC|  |TAMS 0x0000000096400000, 0x0000000096300000| Complete 
| 282|0x0000000096400000, 0x0000000096500000, 0x0000000096500000|100%|HC|  |TAMS 0x0000000096500000, 0x0000000096400000| Complete 
| 283|0x0000000096500000, 0x0000000096600000, 0x0000000096600000|100%|HC|  |TAMS 0x0000000096600000, 0x0000000096500000| Complete 
| 284|0x0000000096600000, 0x0000000096700000, 0x0000000096700000|100%|HC|  |TAMS 0x0000000096700000, 0x0000000096600000| Complete 
| 285|0x0000000096700000, 0x0000000096800000, 0x0000000096800000|100%|HC|  |TAMS 0x0000000096800000, 0x0000000096700000| Complete 
| 286|0x0000000096800000, 0x0000000096900000, 0x0000000096900000|100%|HC|  |TAMS 0x0000000096900000, 0x0000000096800000| Complete 
| 287|0x0000000096900000, 0x0000000096a00000, 0x0000000096a00000|100%|HC|  |TAMS 0x0000000096a00000, 0x0000000096900000| Complete 
| 288|0x0000000096a00000, 0x0000000096b00000, 0x0000000096b00000|100%|HC|  |TAMS 0x0000000096b00000, 0x0000000096a00000| Complete 
| 289|0x0000000096b00000, 0x0000000096c00000, 0x0000000096c00000|100%|HC|  |TAMS 0x0000000096c00000, 0x0000000096b00000| Complete 
| 290|0x0000000096c00000, 0x0000000096d00000, 0x0000000096d00000|100%|HS|  |TAMS 0x0000000096c00000, 0x0000000096c00000| Complete 
| 291|0x0000000096d00000, 0x0000000096e00000, 0x0000000096e00000|100%|HC|  |TAMS 0x0000000096d00000, 0x0000000096d00000| Complete 
| 292|0x0000000096e00000, 0x0000000096f00000, 0x0000000096f00000|100%|HC|  |TAMS 0x0000000096e00000, 0x0000000096e00000| Complete 
| 293|0x0000000096f00000, 0x0000000097000000, 0x0000000097000000|100%|HC|  |TAMS 0x0000000096f00000, 0x0000000096f00000| Complete 
| 294|0x0000000097000000, 0x0000000097100000, 0x0000000097100000|100%|HC|  |TAMS 0x0000000097000000, 0x0000000097000000| Complete 
| 295|0x0000000097100000, 0x0000000097200000, 0x0000000097200000|100%|HC|  |TAMS 0x0000000097100000, 0x0000000097100000| Complete 
| 296|0x0000000097200000, 0x0000000097300000, 0x0000000097300000|100%|HC|  |TAMS 0x0000000097200000, 0x0000000097200000| Complete 
| 297|0x0000000097300000, 0x0000000097400000, 0x0000000097400000|100%|HC|  |TAMS 0x0000000097300000, 0x0000000097300000| Complete 
| 298|0x0000000097400000, 0x0000000097500000, 0x0000000097500000|100%|HS|  |TAMS 0x0000000097400000, 0x0000000097400000| Complete 
| 299|0x0000000097500000, 0x0000000097600000, 0x0000000097600000|100%|HC|  |TAMS 0x0000000097500000, 0x0000000097500000| Complete 
| 300|0x0000000097600000, 0x0000000097700000, 0x0000000097700000|100%|HC|  |TAMS 0x0000000097600000, 0x0000000097600000| Complete 
| 301|0x0000000097700000, 0x0000000097800000, 0x0000000097800000|100%|HC|  |TAMS 0x0000000097700000, 0x0000000097700000| Complete 
| 302|0x0000000097800000, 0x0000000097900000, 0x0000000097900000|100%|HC|  |TAMS 0x0000000097800000, 0x0000000097800000| Complete 
| 303|0x0000000097900000, 0x0000000097a00000, 0x0000000097a00000|100%|HC|  |TAMS 0x0000000097900000, 0x0000000097900000| Complete 
| 304|0x0000000097a00000, 0x0000000097b00000, 0x0000000097b00000|100%|HC|  |TAMS 0x0000000097a00000, 0x0000000097a00000| Complete 
| 305|0x0000000097b00000, 0x0000000097c00000, 0x0000000097c00000|100%|HC|  |TAMS 0x0000000097b00000, 0x0000000097b00000| Complete 
| 306|0x0000000097c00000, 0x0000000097d00000, 0x0000000097d00000|100%|HC|  |TAMS 0x0000000097c00000, 0x0000000097c00000| Complete 
| 307|0x0000000097d00000, 0x0000000097e00000, 0x0000000097e00000|100%|HC|  |TAMS 0x0000000097d00000, 0x0000000097d00000| Complete 
| 308|0x0000000097e00000, 0x0000000097f00000, 0x0000000097f00000|100%|HC|  |TAMS 0x0000000097e00000, 0x0000000097e00000| Complete 
| 309|0x0000000097f00000, 0x0000000098000000, 0x0000000098000000|100%|HC|  |TAMS 0x0000000097f00000, 0x0000000097f00000| Complete 
| 310|0x0000000098000000, 0x0000000098100000, 0x0000000098100000|100%|HC|  |TAMS 0x0000000098000000, 0x0000000098000000| Complete 
| 311|0x0000000098100000, 0x0000000098200000, 0x0000000098200000|100%|HC|  |TAMS 0x0000000098100000, 0x0000000098100000| Complete 
| 312|0x0000000098200000, 0x0000000098300000, 0x0000000098300000|100%|HC|  |TAMS 0x0000000098200000, 0x0000000098200000| Complete 
| 313|0x0000000098300000, 0x0000000098400000, 0x0000000098400000|100%|HC|  |TAMS 0x0000000098300000, 0x0000000098300000| Complete 
| 314|0x0000000098400000, 0x0000000098500000, 0x0000000098500000|100%|HC|  |TAMS 0x0000000098400000, 0x0000000098400000| Complete 
| 315|0x0000000098500000, 0x0000000098600000, 0x0000000098600000|100%|HC|  |TAMS 0x0000000098500000, 0x0000000098500000| Complete 
| 316|0x0000000098600000, 0x0000000098700000, 0x0000000098700000|100%|HC|  |TAMS 0x0000000098600000, 0x0000000098600000| Complete 
| 317|0x0000000098700000, 0x0000000098800000, 0x0000000098800000|100%|HC|  |TAMS 0x0000000098700000, 0x0000000098700000| Complete 
| 318|0x0000000098800000, 0x0000000098900000, 0x0000000098900000|100%|HC|  |TAMS 0x0000000098800000, 0x0000000098800000| Complete 
| 319|0x0000000098900000, 0x0000000098a00000, 0x0000000098a00000|100%|HC|  |TAMS 0x0000000098900000, 0x0000000098900000| Complete 
| 320|0x0000000098a00000, 0x0000000098b00000, 0x0000000098b00000|100%|HC|  |TAMS 0x0000000098a00000, 0x0000000098a00000| Complete 
| 321|0x0000000098b00000, 0x0000000098c00000, 0x0000000098c00000|100%|HC|  |TAMS 0x0000000098b00000, 0x0000000098b00000| Complete 
| 322|0x0000000098c00000, 0x0000000098d00000, 0x0000000098d00000|100%|HC|  |TAMS 0x0000000098c00000, 0x0000000098c00000| Complete 
| 323|0x0000000098d00000, 0x0000000098e00000, 0x0000000098e00000|100%|HC|  |TAMS 0x0000000098d00000, 0x0000000098d00000| Complete 
| 324|0x0000000098e00000, 0x0000000098f00000, 0x0000000098f00000|100%|HC|  |TAMS 0x0000000098e00000, 0x0000000098e00000| Complete 
| 325|0x0000000098f00000, 0x0000000099000000, 0x0000000099000000|100%|HC|  |TAMS 0x0000000098f00000, 0x0000000098f00000| Complete 
| 326|0x0000000099000000, 0x0000000099100000, 0x0000000099100000|100%|HC|  |TAMS 0x0000000099000000, 0x0000000099000000| Complete 
| 327|0x0000000099100000, 0x0000000099200000, 0x0000000099200000|100%|HC|  |TAMS 0x0000000099100000, 0x0000000099100000| Complete 
| 328|0x0000000099200000, 0x0000000099300000, 0x0000000099300000|100%|HC|  |TAMS 0x0000000099200000, 0x0000000099200000| Complete 
| 329|0x0000000099300000, 0x0000000099400000, 0x0000000099400000|100%|HS|  |TAMS 0x0000000099300000, 0x0000000099300000| Complete 
| 330|0x0000000099400000, 0x0000000099500000, 0x0000000099500000|100%|HC|  |TAMS 0x0000000099400000, 0x0000000099400000| Complete 
| 331|0x0000000099500000, 0x0000000099500000, 0x0000000099600000|  0%| F|  |TAMS 0x0000000099500000, 0x0000000099500000| Untracked 
| 332|0x0000000099600000, 0x0000000099600000, 0x0000000099700000|  0%| F|  |TAMS 0x0000000099600000, 0x0000000099600000| Untracked 
| 333|0x0000000099700000, 0x0000000099700000, 0x0000000099800000|  0%| F|  |TAMS 0x0000000099700000, 0x0000000099700000| Untracked 
| 334|0x0000000099800000, 0x0000000099800000, 0x0000000099900000|  0%| F|  |TAMS 0x0000000099800000, 0x0000000099800000| Untracked 
| 335|0x0000000099900000, 0x0000000099900000, 0x0000000099a00000|  0%| F|  |TAMS 0x0000000099900000, 0x0000000099900000| Untracked 
| 336|0x0000000099a00000, 0x0000000099a00000, 0x0000000099b00000|  0%| F|  |TAMS 0x0000000099a00000, 0x0000000099a00000| Untracked 
| 337|0x0000000099b00000, 0x0000000099b00000, 0x0000000099c00000|  0%| F|  |TAMS 0x0000000099b00000, 0x0000000099b00000| Untracked 
| 338|0x0000000099c00000, 0x0000000099c00000, 0x0000000099d00000|  0%| F|  |TAMS 0x0000000099c00000, 0x0000000099c00000| Untracked 
| 339|0x0000000099d00000, 0x0000000099d00000, 0x0000000099e00000|  0%| F|  |TAMS 0x0000000099d00000, 0x0000000099d00000| Untracked 
| 340|0x0000000099e00000, 0x0000000099e00000, 0x0000000099f00000|  0%| F|  |TAMS 0x0000000099e00000, 0x0000000099e00000| Untracked 
| 341|0x0000000099f00000, 0x0000000099f00000, 0x000000009a000000|  0%| F|  |TAMS 0x0000000099f00000, 0x0000000099f00000| Untracked 
| 342|0x000000009a000000, 0x000000009a000000, 0x000000009a100000|  0%| F|  |TAMS 0x000000009a000000, 0x000000009a000000| Untracked 
| 343|0x000000009a100000, 0x000000009a100000, 0x000000009a200000|  0%| F|  |TAMS 0x000000009a100000, 0x000000009a100000| Untracked 
| 344|0x000000009a200000, 0x000000009a200000, 0x000000009a300000|  0%| F|  |TAMS 0x000000009a200000, 0x000000009a200000| Untracked 
| 345|0x000000009a300000, 0x000000009a300000, 0x000000009a400000|  0%| F|  |TAMS 0x000000009a300000, 0x000000009a300000| Untracked 
| 346|0x000000009a400000, 0x000000009a400000, 0x000000009a500000|  0%| F|  |TAMS 0x000000009a400000, 0x000000009a400000| Untracked 
| 347|0x000000009a500000, 0x000000009a500000, 0x000000009a600000|  0%| F|  |TAMS 0x000000009a500000, 0x000000009a500000| Untracked 
| 348|0x000000009a600000, 0x000000009a600000, 0x000000009a700000|  0%| F|  |TAMS 0x000000009a600000, 0x000000009a600000| Untracked 
| 349|0x000000009a700000, 0x000000009a700000, 0x000000009a800000|  0%| F|  |TAMS 0x000000009a700000, 0x000000009a700000| Untracked 
| 350|0x000000009a800000, 0x000000009a800000, 0x000000009a900000|  0%| F|  |TAMS 0x000000009a800000, 0x000000009a800000| Untracked 
| 351|0x000000009a900000, 0x000000009a900000, 0x000000009aa00000|  0%| F|  |TAMS 0x000000009a900000, 0x000000009a900000| Untracked 
| 352|0x000000009aa00000, 0x000000009aa00000, 0x000000009ab00000|  0%| F|  |TAMS 0x000000009aa00000, 0x000000009aa00000| Untracked 
| 353|0x000000009ab00000, 0x000000009ab00000, 0x000000009ac00000|  0%| F|  |TAMS 0x000000009ab00000, 0x000000009ab00000| Untracked 
| 354|0x000000009ac00000, 0x000000009ac00000, 0x000000009ad00000|  0%| F|  |TAMS 0x000000009ac00000, 0x000000009ac00000| Untracked 
| 355|0x000000009ad00000, 0x000000009ad00000, 0x000000009ae00000|  0%| F|  |TAMS 0x000000009ad00000, 0x000000009ad00000| Untracked 
| 356|0x000000009ae00000, 0x000000009ae00000, 0x000000009af00000|  0%| F|  |TAMS 0x000000009ae00000, 0x000000009ae00000| Untracked 
| 357|0x000000009af00000, 0x000000009af00000, 0x000000009b000000|  0%| F|  |TAMS 0x000000009af00000, 0x000000009af00000| Untracked 
| 358|0x000000009b000000, 0x000000009b000000, 0x000000009b100000|  0%| F|  |TAMS 0x000000009b000000, 0x000000009b000000| Untracked 
| 359|0x000000009b100000, 0x000000009b100000, 0x000000009b200000|  0%| F|  |TAMS 0x000000009b100000, 0x000000009b100000| Untracked 
| 360|0x000000009b200000, 0x000000009b200000, 0x000000009b300000|  0%| F|  |TAMS 0x000000009b200000, 0x000000009b200000| Untracked 
| 361|0x000000009b300000, 0x000000009b300000, 0x000000009b400000|  0%| F|  |TAMS 0x000000009b300000, 0x000000009b300000| Untracked 
| 362|0x000000009b400000, 0x000000009b400000, 0x000000009b500000|  0%| F|  |TAMS 0x000000009b400000, 0x000000009b400000| Untracked 
| 363|0x000000009b500000, 0x000000009b500000, 0x000000009b600000|  0%| F|  |TAMS 0x000000009b500000, 0x000000009b500000| Untracked 
| 364|0x000000009b600000, 0x000000009b600000, 0x000000009b700000|  0%| F|  |TAMS 0x000000009b600000, 0x000000009b600000| Untracked 
| 365|0x000000009b700000, 0x000000009b700000, 0x000000009b800000|  0%| F|  |TAMS 0x000000009b700000, 0x000000009b700000| Untracked 
| 366|0x000000009b800000, 0x000000009b800000, 0x000000009b900000|  0%| F|  |TAMS 0x000000009b800000, 0x000000009b800000| Untracked 
| 367|0x000000009b900000, 0x000000009b900000, 0x000000009ba00000|  0%| F|  |TAMS 0x000000009b900000, 0x000000009b900000| Untracked 
| 368|0x000000009ba00000, 0x000000009ba00000, 0x000000009bb00000|  0%| F|  |TAMS 0x000000009ba00000, 0x000000009ba00000| Untracked 
| 369|0x000000009bb00000, 0x000000009bb00000, 0x000000009bc00000|  0%| F|  |TAMS 0x000000009bb00000, 0x000000009bb00000| Untracked 
| 370|0x000000009bc00000, 0x000000009bc00000, 0x000000009bd00000|  0%| F|  |TAMS 0x000000009bc00000, 0x000000009bc00000| Untracked 
| 371|0x000000009bd00000, 0x000000009bd00000, 0x000000009be00000|  0%| F|  |TAMS 0x000000009bd00000, 0x000000009bd00000| Untracked 
| 372|0x000000009be00000, 0x000000009be00000, 0x000000009bf00000|  0%| F|  |TAMS 0x000000009be00000, 0x000000009be00000| Untracked 
| 373|0x000000009bf00000, 0x000000009bf00000, 0x000000009c000000|  0%| F|  |TAMS 0x000000009bf00000, 0x000000009bf00000| Untracked 
| 374|0x000000009c000000, 0x000000009c000000, 0x000000009c100000|  0%| F|  |TAMS 0x000000009c000000, 0x000000009c000000| Untracked 
| 375|0x000000009c100000, 0x000000009c100000, 0x000000009c200000|  0%| F|  |TAMS 0x000000009c100000, 0x000000009c100000| Untracked 
| 376|0x000000009c200000, 0x000000009c200000, 0x000000009c300000|  0%| F|  |TAMS 0x000000009c200000, 0x000000009c200000| Untracked 
| 377|0x000000009c300000, 0x000000009c300000, 0x000000009c400000|  0%| F|  |TAMS 0x000000009c300000, 0x000000009c300000| Untracked 
| 378|0x000000009c400000, 0x000000009c400000, 0x000000009c500000|  0%| F|  |TAMS 0x000000009c400000, 0x000000009c400000| Untracked 
| 379|0x000000009c500000, 0x000000009c500000, 0x000000009c600000|  0%| F|  |TAMS 0x000000009c500000, 0x000000009c500000| Untracked 
| 380|0x000000009c600000, 0x000000009c600000, 0x000000009c700000|  0%| F|  |TAMS 0x000000009c600000, 0x000000009c600000| Untracked 
| 381|0x000000009c700000, 0x000000009c700000, 0x000000009c800000|  0%| F|  |TAMS 0x000000009c700000, 0x000000009c700000| Untracked 
| 382|0x000000009c800000, 0x000000009c800000, 0x000000009c900000|  0%| F|  |TAMS 0x000000009c800000, 0x000000009c800000| Untracked 
| 383|0x000000009c900000, 0x000000009c900000, 0x000000009ca00000|  0%| F|  |TAMS 0x000000009c900000, 0x000000009c900000| Untracked 
| 384|0x000000009ca00000, 0x000000009ca00000, 0x000000009cb00000|  0%| F|  |TAMS 0x000000009ca00000, 0x000000009ca00000| Untracked 
| 385|0x000000009cb00000, 0x000000009cb00000, 0x000000009cc00000|  0%| F|  |TAMS 0x000000009cb00000, 0x000000009cb00000| Untracked 
| 386|0x000000009cc00000, 0x000000009cc2a358, 0x000000009cd00000| 16%| E|  |TAMS 0x000000009cc00000, 0x000000009cc00000| Complete 
| 387|0x000000009cd00000, 0x000000009ce00000, 0x000000009ce00000|100%| E|CS|TAMS 0x000000009cd00000, 0x000000009cd00000| Complete 
| 388|0x000000009ce00000, 0x000000009cf00000, 0x000000009cf00000|100%| E|CS|TAMS 0x000000009ce00000, 0x000000009ce00000| Complete 
| 389|0x000000009cf00000, 0x000000009d000000, 0x000000009d000000|100%| E|CS|TAMS 0x000000009cf00000, 0x000000009cf00000| Complete 
| 390|0x000000009d000000, 0x000000009d100000, 0x000000009d100000|100%| E|CS|TAMS 0x000000009d000000, 0x000000009d000000| Complete 
| 391|0x000000009d100000, 0x000000009d200000, 0x000000009d200000|100%| E|CS|TAMS 0x000000009d100000, 0x000000009d100000| Complete 
| 392|0x000000009d200000, 0x000000009d300000, 0x000000009d300000|100%| E|CS|TAMS 0x000000009d200000, 0x000000009d200000| Complete 
| 393|0x000000009d300000, 0x000000009d400000, 0x000000009d400000|100%| E|CS|TAMS 0x000000009d300000, 0x000000009d300000| Complete 
| 394|0x000000009d400000, 0x000000009d500000, 0x000000009d500000|100%| E|CS|TAMS 0x000000009d400000, 0x000000009d400000| Complete 
| 395|0x000000009d500000, 0x000000009d600000, 0x000000009d600000|100%| E|CS|TAMS 0x000000009d500000, 0x000000009d500000| Complete 
| 396|0x000000009d600000, 0x000000009d700000, 0x000000009d700000|100%| E|CS|TAMS 0x000000009d600000, 0x000000009d600000| Complete 
| 397|0x000000009d700000, 0x000000009d800000, 0x000000009d800000|100%| E|CS|TAMS 0x000000009d700000, 0x000000009d700000| Complete 
| 398|0x000000009d800000, 0x000000009d900000, 0x000000009d900000|100%| E|CS|TAMS 0x000000009d800000, 0x000000009d800000| Complete 
| 399|0x000000009d900000, 0x000000009da00000, 0x000000009da00000|100%| E|CS|TAMS 0x000000009d900000, 0x000000009d900000| Complete 
| 400|0x000000009da00000, 0x000000009db00000, 0x000000009db00000|100%| E|CS|TAMS 0x000000009da00000, 0x000000009da00000| Complete 
| 401|0x000000009db00000, 0x000000009dc00000, 0x000000009dc00000|100%| E|CS|TAMS 0x000000009db00000, 0x000000009db00000| Complete 
| 402|0x000000009dc00000, 0x000000009dd00000, 0x000000009dd00000|100%|HS|  |TAMS 0x000000009dc00000, 0x000000009dc00000| Complete 
| 403|0x000000009dd00000, 0x000000009de00000, 0x000000009de00000|100%|HC|  |TAMS 0x000000009dd00000, 0x000000009dd00000| Complete 
| 404|0x000000009de00000, 0x000000009df00000, 0x000000009df00000|100%|HC|  |TAMS 0x000000009de00000, 0x000000009de00000| Complete 
| 405|0x000000009df00000, 0x000000009e000000, 0x000000009e000000|100%|HC|  |TAMS 0x000000009df00000, 0x000000009df00000| Complete 
| 406|0x000000009e000000, 0x000000009e100000, 0x000000009e100000|100%|HC|  |TAMS 0x000000009e000000, 0x000000009e000000| Complete 
| 407|0x000000009e100000, 0x000000009e200000, 0x000000009e200000|100%|HC|  |TAMS 0x000000009e100000, 0x000000009e100000| Complete 
| 408|0x000000009e200000, 0x000000009e300000, 0x000000009e300000|100%|HC|  |TAMS 0x000000009e200000, 0x000000009e200000| Complete 
| 409|0x000000009e300000, 0x000000009e400000, 0x000000009e400000|100%|HC|  |TAMS 0x000000009e300000, 0x000000009e300000| Complete 
| 410|0x000000009e400000, 0x000000009e500000, 0x000000009e500000|100%|HC|  |TAMS 0x000000009e400000, 0x000000009e400000| Complete 
| 411|0x000000009e500000, 0x000000009e600000, 0x000000009e600000|100%|HC|  |TAMS 0x000000009e500000, 0x000000009e500000| Complete 
| 412|0x000000009e600000, 0x000000009e700000, 0x000000009e700000|100%|HC|  |TAMS 0x000000009e600000, 0x000000009e600000| Complete 
| 413|0x000000009e700000, 0x000000009e800000, 0x000000009e800000|100%|HC|  |TAMS 0x000000009e700000, 0x000000009e700000| Complete 
| 414|0x000000009e800000, 0x000000009e900000, 0x000000009e900000|100%|HC|  |TAMS 0x000000009e800000, 0x000000009e800000| Complete 
| 415|0x000000009e900000, 0x000000009ea00000, 0x000000009ea00000|100%|HC|  |TAMS 0x000000009e900000, 0x000000009e900000| Complete 
| 416|0x000000009ea00000, 0x000000009eb00000, 0x000000009eb00000|100%|HC|  |TAMS 0x000000009ea00000, 0x000000009ea00000| Complete 
| 417|0x000000009eb00000, 0x000000009ec00000, 0x000000009ec00000|100%|HC|  |TAMS 0x000000009eb00000, 0x000000009eb00000| Complete 
| 418|0x000000009ec00000, 0x000000009ed00000, 0x000000009ed00000|100%|HC|  |TAMS 0x000000009ec00000, 0x000000009ec00000| Complete 
| 419|0x000000009ed00000, 0x000000009ee00000, 0x000000009ee00000|100%|HC|  |TAMS 0x000000009ed00000, 0x000000009ed00000| Complete 
| 420|0x000000009ee00000, 0x000000009ef00000, 0x000000009ef00000|100%|HC|  |TAMS 0x000000009ee00000, 0x000000009ee00000| Complete 
| 421|0x000000009ef00000, 0x000000009f000000, 0x000000009f000000|100%|HC|  |TAMS 0x000000009ef00000, 0x000000009ef00000| Complete 
| 422|0x000000009f000000, 0x000000009f100000, 0x000000009f100000|100%|HC|  |TAMS 0x000000009f000000, 0x000000009f000000| Complete 
| 423|0x000000009f100000, 0x000000009f200000, 0x000000009f200000|100%|HC|  |TAMS 0x000000009f100000, 0x000000009f100000| Complete 
| 424|0x000000009f200000, 0x000000009f300000, 0x000000009f300000|100%|HC|  |TAMS 0x000000009f200000, 0x000000009f200000| Complete 
| 425|0x000000009f300000, 0x000000009f400000, 0x000000009f400000|100%|HC|  |TAMS 0x000000009f300000, 0x000000009f300000| Complete 
| 426|0x000000009f400000, 0x000000009f500000, 0x000000009f500000|100%|HC|  |TAMS 0x000000009f400000, 0x000000009f400000| Complete 
| 427|0x000000009f500000, 0x000000009f600000, 0x000000009f600000|100%|HC|  |TAMS 0x000000009f500000, 0x000000009f500000| Complete 
| 428|0x000000009f600000, 0x000000009f700000, 0x000000009f700000|100%|HC|  |TAMS 0x000000009f600000, 0x000000009f600000| Complete 
| 429|0x000000009f700000, 0x000000009f800000, 0x000000009f800000|100%|HC|  |TAMS 0x000000009f700000, 0x000000009f700000| Complete 
| 430|0x000000009f800000, 0x000000009f900000, 0x000000009f900000|100%|HC|  |TAMS 0x000000009f800000, 0x000000009f800000| Complete 
| 431|0x000000009f900000, 0x000000009fa00000, 0x000000009fa00000|100%|HC|  |TAMS 0x000000009f900000, 0x000000009f900000| Complete 
| 432|0x000000009fa00000, 0x000000009fb00000, 0x000000009fb00000|100%|HC|  |TAMS 0x000000009fa00000, 0x000000009fa00000| Complete 
| 433|0x000000009fb00000, 0x000000009fc00000, 0x000000009fc00000|100%|HC|  |TAMS 0x000000009fb00000, 0x000000009fb00000| Complete 
| 434|0x000000009fc00000, 0x000000009fd00000, 0x000000009fd00000|100%|HC|  |TAMS 0x000000009fc00000, 0x000000009fc00000| Complete 
| 435|0x000000009fd00000, 0x000000009fe00000, 0x000000009fe00000|100%|HC|  |TAMS 0x000000009fd00000, 0x000000009fd00000| Complete 
| 436|0x000000009fe00000, 0x000000009ff00000, 0x000000009ff00000|100%|HC|  |TAMS 0x000000009fe00000, 0x000000009fe00000| Complete 
| 437|0x000000009ff00000, 0x00000000a0000000, 0x00000000a0000000|100%|HC|  |TAMS 0x000000009ff00000, 0x000000009ff00000| Complete 
| 438|0x00000000a0000000, 0x00000000a0100000, 0x00000000a0100000|100%|HC|  |TAMS 0x00000000a0000000, 0x00000000a0000000| Complete 
| 439|0x00000000a0100000, 0x00000000a0200000, 0x00000000a0200000|100%|HC|  |TAMS 0x00000000a0100000, 0x00000000a0100000| Complete 
| 440|0x00000000a0200000, 0x00000000a0300000, 0x00000000a0300000|100%|HC|  |TAMS 0x00000000a0200000, 0x00000000a0200000| Complete 
| 441|0x00000000a0300000, 0x00000000a0400000, 0x00000000a0400000|100%|HC|  |TAMS 0x00000000a0300000, 0x00000000a0300000| Complete 
| 442|0x00000000a0400000, 0x00000000a0500000, 0x00000000a0500000|100%|HC|  |TAMS 0x00000000a0400000, 0x00000000a0400000| Complete 
| 443|0x00000000a0500000, 0x00000000a0600000, 0x00000000a0600000|100%|HC|  |TAMS 0x00000000a0500000, 0x00000000a0500000| Complete 
| 444|0x00000000a0600000, 0x00000000a0700000, 0x00000000a0700000|100%|HC|  |TAMS 0x00000000a0600000, 0x00000000a0600000| Complete 
| 445|0x00000000a0700000, 0x00000000a0800000, 0x00000000a0800000|100%|HC|  |TAMS 0x00000000a0700000, 0x00000000a0700000| Complete 
| 446|0x00000000a0800000, 0x00000000a0900000, 0x00000000a0900000|100%|HC|  |TAMS 0x00000000a0800000, 0x00000000a0800000| Complete 
| 447|0x00000000a0900000, 0x00000000a0a00000, 0x00000000a0a00000|100%|HC|  |TAMS 0x00000000a0900000, 0x00000000a0900000| Complete 
| 448|0x00000000a0a00000, 0x00000000a0b00000, 0x00000000a0b00000|100%|HC|  |TAMS 0x00000000a0a00000, 0x00000000a0a00000| Complete 
| 449|0x00000000a0b00000, 0x00000000a0c00000, 0x00000000a0c00000|100%|HC|  |TAMS 0x00000000a0b00000, 0x00000000a0b00000| Complete 
| 450|0x00000000a0c00000, 0x00000000a0d00000, 0x00000000a0d00000|100%|HC|  |TAMS 0x00000000a0c00000, 0x00000000a0c00000| Complete 
| 451|0x00000000a0d00000, 0x00000000a0e00000, 0x00000000a0e00000|100%|HC|  |TAMS 0x00000000a0d00000, 0x00000000a0d00000| Complete 
| 452|0x00000000a0e00000, 0x00000000a0f00000, 0x00000000a0f00000|100%|HC|  |TAMS 0x00000000a0e00000, 0x00000000a0e00000| Complete 
| 453|0x00000000a0f00000, 0x00000000a1000000, 0x00000000a1000000|100%|HC|  |TAMS 0x00000000a0f00000, 0x00000000a0f00000| Complete 
| 454|0x00000000a1000000, 0x00000000a1100000, 0x00000000a1100000|100%|HC|  |TAMS 0x00000000a1000000, 0x00000000a1000000| Complete 
| 455|0x00000000a1100000, 0x00000000a1200000, 0x00000000a1200000|100%|HC|  |TAMS 0x00000000a1100000, 0x00000000a1100000| Complete 
| 456|0x00000000a1200000, 0x00000000a1300000, 0x00000000a1300000|100%|HC|  |TAMS 0x00000000a1200000, 0x00000000a1200000| Complete 
| 457|0x00000000a1300000, 0x00000000a1400000, 0x00000000a1400000|100%|HC|  |TAMS 0x00000000a1300000, 0x00000000a1300000| Complete 
| 458|0x00000000a1400000, 0x00000000a1500000, 0x00000000a1500000|100%|HC|  |TAMS 0x00000000a1400000, 0x00000000a1400000| Complete 
| 459|0x00000000a1500000, 0x00000000a1600000, 0x00000000a1600000|100%|HC|  |TAMS 0x00000000a1500000, 0x00000000a1500000| Complete 
| 460|0x00000000a1600000, 0x00000000a1700000, 0x00000000a1700000|100%|HC|  |TAMS 0x00000000a1600000, 0x00000000a1600000| Complete 
| 461|0x00000000a1700000, 0x00000000a1800000, 0x00000000a1800000|100%|HC|  |TAMS 0x00000000a1700000, 0x00000000a1700000| Complete 
| 462|0x00000000a1800000, 0x00000000a1900000, 0x00000000a1900000|100%|HC|  |TAMS 0x00000000a1800000, 0x00000000a1800000| Complete 
| 463|0x00000000a1900000, 0x00000000a1a00000, 0x00000000a1a00000|100%|HC|  |TAMS 0x00000000a1900000, 0x00000000a1900000| Complete 
| 464|0x00000000a1a00000, 0x00000000a1b00000, 0x00000000a1b00000|100%|HC|  |TAMS 0x00000000a1a00000, 0x00000000a1a00000| Complete 
| 465|0x00000000a1b00000, 0x00000000a1c00000, 0x00000000a1c00000|100%|HC|  |TAMS 0x00000000a1b00000, 0x00000000a1b00000| Complete 
| 466|0x00000000a1c00000, 0x00000000a1d00000, 0x00000000a1d00000|100%|HC|  |TAMS 0x00000000a1c00000, 0x00000000a1c00000| Complete 
| 467|0x00000000a1d00000, 0x00000000a1e00000, 0x00000000a1e00000|100%|HC|  |TAMS 0x00000000a1d00000, 0x00000000a1d00000| Complete 
| 468|0x00000000a1e00000, 0x00000000a1f00000, 0x00000000a1f00000|100%|HC|  |TAMS 0x00000000a1e00000, 0x00000000a1e00000| Complete 
| 469|0x00000000a1f00000, 0x00000000a2000000, 0x00000000a2000000|100%|HC|  |TAMS 0x00000000a1f00000, 0x00000000a1f00000| Complete 
| 470|0x00000000a2000000, 0x00000000a2100000, 0x00000000a2100000|100%|HC|  |TAMS 0x00000000a2000000, 0x00000000a2000000| Complete 
| 471|0x00000000a2100000, 0x00000000a2200000, 0x00000000a2200000|100%|HC|  |TAMS 0x00000000a2100000, 0x00000000a2100000| Complete 
| 472|0x00000000a2200000, 0x00000000a2300000, 0x00000000a2300000|100%|HC|  |TAMS 0x00000000a2200000, 0x00000000a2200000| Complete 
| 473|0x00000000a2300000, 0x00000000a2400000, 0x00000000a2400000|100%|HC|  |TAMS 0x00000000a2300000, 0x00000000a2300000| Complete 
| 474|0x00000000a2400000, 0x00000000a2500000, 0x00000000a2500000|100%|HC|  |TAMS 0x00000000a2400000, 0x00000000a2400000| Complete 
| 475|0x00000000a2500000, 0x00000000a2600000, 0x00000000a2600000|100%|HC|  |TAMS 0x00000000a2500000, 0x00000000a2500000| Complete 
| 476|0x00000000a2600000, 0x00000000a2700000, 0x00000000a2700000|100%|HC|  |TAMS 0x00000000a2600000, 0x00000000a2600000| Complete 
| 477|0x00000000a2700000, 0x00000000a2800000, 0x00000000a2800000|100%|HC|  |TAMS 0x00000000a2700000, 0x00000000a2700000| Complete 
| 478|0x00000000a2800000, 0x00000000a2900000, 0x00000000a2900000|100%|HC|  |TAMS 0x00000000a2800000, 0x00000000a2800000| Complete 
| 479|0x00000000a2900000, 0x00000000a2a00000, 0x00000000a2a00000|100%|HC|  |TAMS 0x00000000a2900000, 0x00000000a2900000| Complete 
| 480|0x00000000a2a00000, 0x00000000a2b00000, 0x00000000a2b00000|100%|HC|  |TAMS 0x00000000a2a00000, 0x00000000a2a00000| Complete 
| 481|0x00000000a2b00000, 0x00000000a2c00000, 0x00000000a2c00000|100%|HC|  |TAMS 0x00000000a2b00000, 0x00000000a2b00000| Complete 
| 482|0x00000000a2c00000, 0x00000000a2d00000, 0x00000000a2d00000|100%|HC|  |TAMS 0x00000000a2c00000, 0x00000000a2c00000| Complete 
| 483|0x00000000a2d00000, 0x00000000a2e00000, 0x00000000a2e00000|100%|HC|  |TAMS 0x00000000a2d00000, 0x00000000a2d00000| Complete 
| 484|0x00000000a2e00000, 0x00000000a2f00000, 0x00000000a2f00000|100%|HC|  |TAMS 0x00000000a2e00000, 0x00000000a2e00000| Complete 
| 485|0x00000000a2f00000, 0x00000000a3000000, 0x00000000a3000000|100%|HC|  |TAMS 0x00000000a2f00000, 0x00000000a2f00000| Complete 
| 486|0x00000000a3000000, 0x00000000a3100000, 0x00000000a3100000|100%|HC|  |TAMS 0x00000000a3000000, 0x00000000a3000000| Complete 
| 487|0x00000000a3100000, 0x00000000a3200000, 0x00000000a3200000|100%|HC|  |TAMS 0x00000000a3100000, 0x00000000a3100000| Complete 
| 488|0x00000000a3200000, 0x00000000a3300000, 0x00000000a3300000|100%|HC|  |TAMS 0x00000000a3200000, 0x00000000a3200000| Complete 
| 489|0x00000000a3300000, 0x00000000a3400000, 0x00000000a3400000|100%|HC|  |TAMS 0x00000000a3300000, 0x00000000a3300000| Complete 
| 490|0x00000000a3400000, 0x00000000a3500000, 0x00000000a3500000|100%|HC|  |TAMS 0x00000000a3400000, 0x00000000a3400000| Complete 
| 491|0x00000000a3500000, 0x00000000a3600000, 0x00000000a3600000|100%|HC|  |TAMS 0x00000000a3500000, 0x00000000a3500000| Complete 
| 492|0x00000000a3600000, 0x00000000a3700000, 0x00000000a3700000|100%|HC|  |TAMS 0x00000000a3600000, 0x00000000a3600000| Complete 
| 493|0x00000000a3700000, 0x00000000a3800000, 0x00000000a3800000|100%|HC|  |TAMS 0x00000000a3700000, 0x00000000a3700000| Complete 
| 494|0x00000000a3800000, 0x00000000a3900000, 0x00000000a3900000|100%|HC|  |TAMS 0x00000000a3800000, 0x00000000a3800000| Complete 
| 495|0x00000000a3900000, 0x00000000a3a00000, 0x00000000a3a00000|100%|HC|  |TAMS 0x00000000a3900000, 0x00000000a3900000| Complete 
| 496|0x00000000a3a00000, 0x00000000a3b00000, 0x00000000a3b00000|100%|HC|  |TAMS 0x00000000a3a00000, 0x00000000a3a00000| Complete 
| 497|0x00000000a3b00000, 0x00000000a3c00000, 0x00000000a3c00000|100%|HC|  |TAMS 0x00000000a3b00000, 0x00000000a3b00000| Complete 
| 498|0x00000000a3c00000, 0x00000000a3d00000, 0x00000000a3d00000|100%|HC|  |TAMS 0x00000000a3c00000, 0x00000000a3c00000| Complete 
| 499|0x00000000a3d00000, 0x00000000a3e00000, 0x00000000a3e00000|100%|HC|  |TAMS 0x00000000a3d00000, 0x00000000a3d00000| Complete 
| 500|0x00000000a3e00000, 0x00000000a3f00000, 0x00000000a3f00000|100%|HC|  |TAMS 0x00000000a3e00000, 0x00000000a3e00000| Complete 
| 501|0x00000000a3f00000, 0x00000000a4000000, 0x00000000a4000000|100%|HC|  |TAMS 0x00000000a3f00000, 0x00000000a3f00000| Complete 
| 502|0x00000000a4000000, 0x00000000a4100000, 0x00000000a4100000|100%|HC|  |TAMS 0x00000000a4000000, 0x00000000a4000000| Complete 
| 503|0x00000000a4100000, 0x00000000a4200000, 0x00000000a4200000|100%|HC|  |TAMS 0x00000000a4100000, 0x00000000a4100000| Complete 
| 504|0x00000000a4200000, 0x00000000a4300000, 0x00000000a4300000|100%|HC|  |TAMS 0x00000000a4200000, 0x00000000a4200000| Complete 
| 505|0x00000000a4300000, 0x00000000a4400000, 0x00000000a4400000|100%|HC|  |TAMS 0x00000000a4300000, 0x00000000a4300000| Complete 
| 506|0x00000000a4400000, 0x00000000a4500000, 0x00000000a4500000|100%|HC|  |TAMS 0x00000000a4400000, 0x00000000a4400000| Complete 
| 507|0x00000000a4500000, 0x00000000a4600000, 0x00000000a4600000|100%|HC|  |TAMS 0x00000000a4500000, 0x00000000a4500000| Complete 
| 508|0x00000000a4600000, 0x00000000a4700000, 0x00000000a4700000|100%|HC|  |TAMS 0x00000000a4600000, 0x00000000a4600000| Complete 
| 509|0x00000000a4700000, 0x00000000a4800000, 0x00000000a4800000|100%|HC|  |TAMS 0x00000000a4700000, 0x00000000a4700000| Complete 
| 510|0x00000000a4800000, 0x00000000a4900000, 0x00000000a4900000|100%|HC|  |TAMS 0x00000000a4800000, 0x00000000a4800000| Complete 
| 511|0x00000000a4900000, 0x00000000a4a00000, 0x00000000a4a00000|100%|HC|  |TAMS 0x00000000a4900000, 0x00000000a4900000| Complete 
| 512|0x00000000a4a00000, 0x00000000a4b00000, 0x00000000a4b00000|100%|HC|  |TAMS 0x00000000a4a00000, 0x00000000a4a00000| Complete 
| 513|0x00000000a4b00000, 0x00000000a4c00000, 0x00000000a4c00000|100%|HC|  |TAMS 0x00000000a4b00000, 0x00000000a4b00000| Complete 
| 514|0x00000000a4c00000, 0x00000000a4d00000, 0x00000000a4d00000|100%|HC|  |TAMS 0x00000000a4c00000, 0x00000000a4c00000| Complete 
| 515|0x00000000a4d00000, 0x00000000a4e00000, 0x00000000a4e00000|100%|HC|  |TAMS 0x00000000a4d00000, 0x00000000a4d00000| Complete 
| 516|0x00000000a4e00000, 0x00000000a4f00000, 0x00000000a4f00000|100%|HC|  |TAMS 0x00000000a4e00000, 0x00000000a4e00000| Complete 
| 517|0x00000000a4f00000, 0x00000000a5000000, 0x00000000a5000000|100%|HC|  |TAMS 0x00000000a4f00000, 0x00000000a4f00000| Complete 
| 518|0x00000000a5000000, 0x00000000a5100000, 0x00000000a5100000|100%|HC|  |TAMS 0x00000000a5000000, 0x00000000a5000000| Complete 
| 519|0x00000000a5100000, 0x00000000a5200000, 0x00000000a5200000|100%|HC|  |TAMS 0x00000000a5100000, 0x00000000a5100000| Complete 
| 520|0x00000000a5200000, 0x00000000a5300000, 0x00000000a5300000|100%|HC|  |TAMS 0x00000000a5200000, 0x00000000a5200000| Complete 
| 521|0x00000000a5300000, 0x00000000a5400000, 0x00000000a5400000|100%|HC|  |TAMS 0x00000000a5300000, 0x00000000a5300000| Complete 
| 522|0x00000000a5400000, 0x00000000a5500000, 0x00000000a5500000|100%|HC|  |TAMS 0x00000000a5400000, 0x00000000a5400000| Complete 
| 523|0x00000000a5500000, 0x00000000a5600000, 0x00000000a5600000|100%|HC|  |TAMS 0x00000000a5500000, 0x00000000a5500000| Complete 
| 524|0x00000000a5600000, 0x00000000a5700000, 0x00000000a5700000|100%|HC|  |TAMS 0x00000000a5600000, 0x00000000a5600000| Complete 
| 525|0x00000000a5700000, 0x00000000a5800000, 0x00000000a5800000|100%|HC|  |TAMS 0x00000000a5700000, 0x00000000a5700000| Complete 
| 526|0x00000000a5800000, 0x00000000a5900000, 0x00000000a5900000|100%|HC|  |TAMS 0x00000000a5800000, 0x00000000a5800000| Complete 
| 527|0x00000000a5900000, 0x00000000a5a00000, 0x00000000a5a00000|100%|HC|  |TAMS 0x00000000a5900000, 0x00000000a5900000| Complete 
| 528|0x00000000a5a00000, 0x00000000a5b00000, 0x00000000a5b00000|100%|HC|  |TAMS 0x00000000a5a00000, 0x00000000a5a00000| Complete 
| 529|0x00000000a5b00000, 0x00000000a5c00000, 0x00000000a5c00000|100%|HC|  |TAMS 0x00000000a5b00000, 0x00000000a5b00000| Complete 
| 530|0x00000000a5c00000, 0x00000000a5d00000, 0x00000000a5d00000|100%|HC|  |TAMS 0x00000000a5c00000, 0x00000000a5c00000| Complete 
| 531|0x00000000a5d00000, 0x00000000a5e00000, 0x00000000a5e00000|100%|HC|  |TAMS 0x00000000a5d00000, 0x00000000a5d00000| Complete 
| 532|0x00000000a5e00000, 0x00000000a5f00000, 0x00000000a5f00000|100%|HC|  |TAMS 0x00000000a5e00000, 0x00000000a5e00000| Complete 

Card table byte_map: [0x000001e0e1090000,0x000001e0e1470000] _byte_map_base: 0x000001e0e0c6b000

Marking Bits (Prev, Next): (CMBitMap*) 0x000001e0c9c277d0, (CMBitMap*) 0x000001e0c9c27810
 Prev Bits: [0x000001e0e1850000, 0x000001e0e3728000)
 Next Bits: [0x000001e0e3730000, 0x000001e0e5608000)

Polling page: 0x000001e0c7b20000

Metaspace:

Usage:
  Non-class:     24.23 MB used.
      Class:      3.76 MB used.
       Both:     27.99 MB used.

Virtual space:
  Non-class space:       32.00 MB reserved,      24.38 MB ( 76%) committed,  4 nodes.
      Class space:        1.00 GB reserved,       3.88 MB ( <1%) committed,  1 nodes.
             Both:        1.03 GB reserved,      28.25 MB (  3%) committed. 

Chunk freelists:
   Non-Class:  3.08 MB
       Class:  3.95 MB
        Both:  7.02 MB

MaxMetaspaceSize: unlimited
CompressedClassSpaceSize: 1.00 GB
Initial GC threshold: 21.00 MB
Current GC threshold: 46.19 MB
CDS: on
MetaspaceReclaimPolicy: balanced
 - commit_granule_bytes: 65536.
 - commit_granule_words: 8192.
 - virtual_space_node_default_size: 1048576.
 - enlarge_chunks_in_place: 1.
 - new_chunks_are_fully_committed: 0.
 - uncommit_free_chunks: 1.
 - use_allocation_guard: 0.
 - handle_deallocations: 1.


Internal statistics:

num_allocs_failed_limit: 3.
num_arena_births: 280.
num_arena_deaths: 0.
num_vsnodes_births: 5.
num_vsnodes_deaths: 0.
num_space_committed: 452.
num_space_uncommitted: 0.
num_chunks_returned_to_freelist: 3.
num_chunks_taken_from_freelist: 1095.
num_chunk_merges: 3.
num_chunk_splits: 729.
num_chunks_enlarged: 538.
num_purges: 0.
num_inconsistent_stats: 0.

CodeHeap 'non-profiled nmethods': size=119168Kb used=2497Kb max_used=2497Kb free=116670Kb
 bounds [0x000001e0d8fd0000, 0x000001e0d9250000, 0x000001e0e0430000]
CodeHeap 'profiled nmethods': size=119104Kb used=12436Kb max_used=12436Kb free=106667Kb
 bounds [0x000001e0d1b80000, 0x000001e0d27b0000, 0x000001e0d8fd0000]
CodeHeap 'non-nmethods': size=7488Kb used=3219Kb max_used=3271Kb free=4268Kb
 bounds [0x000001e0d1430000, 0x000001e0d1770000, 0x000001e0d1b80000]
 total_blobs=6696 nmethods=5793 adapters=810
 compilation: enabled
              stopped_count=0, restarted_count=0
 full_count=0

Compilation events (20 events):
Event: 10.493 Thread 0x000001e0e7c31f60 nmethod 5790 0x000001e0d2798290 code [0x000001e0d2798580, 0x000001e0d27999a8]
Event: 10.493 Thread 0x000001e0f137f060 nmethod 5789 0x000001e0d279a310 code [0x000001e0d279a5a0, 0x000001e0d279b318]
Event: 10.494 Thread 0x000001e0e9195430 nmethod 5784 0x000001e0d279b790 code [0x000001e0d279bd40, 0x000001e0d279f238]
Event: 10.494 Thread 0x000001e0f3a73870 nmethod 5786 0x000001e0d923eb90 code [0x000001e0d923ed20, 0x000001e0d923efd8]
Event: 10.494 Thread 0x000001e0f3a73870 5787       4       com.sun.javafx.text.TextRun::getWrapIndex (163 bytes)
Event: 10.503 Thread 0x000001e0f3a73870 nmethod 5787 0x000001e0d923f210 code [0x000001e0d923f3a0, 0x000001e0d923f638]
Event: 10.503 Thread 0x000001e0f3a73870 5785       4       java.util.Arrays::equals (43 bytes)
Event: 10.505 Thread 0x000001e0f13a3140 5793   !   3       java.io.BufferedWriter::flushBuffer (53 bytes)
Event: 10.505 Thread 0x000001e0f137f060 5794       3       sun.nio.cs.SingleByte$Encoder::encodeArrayLoop (280 bytes)
Event: 10.505 Thread 0x000001e0e9195430 5795       3       java.lang.System::lineSeparator (4 bytes)
Event: 10.505 Thread 0x000001e0f3a73870 nmethod 5785 0x000001e0d923f810 code [0x000001e0d923f9a0, 0x000001e0d923fc98]
Event: 10.505 Thread 0x000001e0e7c31f60 5796       3       java.io.FileDescriptor$1::getAppend (5 bytes)
Event: 10.505 Thread 0x000001e0f3a73870 5792       4       java.nio.ByteBuffer::arrayOffset (35 bytes)
Event: 10.505 Thread 0x000001e0e9195430 nmethod 5795 0x000001e0d27a0490 code [0x000001e0d27a0620, 0x000001e0d27a0718]
Event: 10.505 Thread 0x000001e0e7c31f60 nmethod 5796 0x000001e0d27a0790 code [0x000001e0d27a0920, 0x000001e0d27a0a38]
Event: 10.505 Thread 0x000001e0f13a3140 nmethod 5793 0x000001e0d27a0b10 code [0x000001e0d27a0d00, 0x000001e0d27a11f8]
Event: 10.505 Thread 0x000001e0f3a73870 nmethod 5792 0x000001e0d923ff10 code [0x000001e0d9240080, 0x000001e0d9240138]
Event: 10.505 Thread 0x000001e0f3a73870 5791       4       com.sun.javafx.geom.transform.AffineBase::updateState2D (210 bytes)
Event: 10.506 Thread 0x000001e0f3a73870 nmethod 5791 0x000001e0d9240210 code [0x000001e0d92403c0, 0x000001e0d9240558]
Event: 10.507 Thread 0x000001e0f137f060 nmethod 5794 0x000001e0d27a1410 code [0x000001e0d27a1940, 0x000001e0d27a4348]

GC Heap History (12 events):
Event: 0.483 GC heap before
{Heap before GC invocations=0 (full 0):
 garbage-first heap   total 126976K, used 22528K [0x0000000084a00000, 0x0000000100000000)
  region size 1024K, 23 young (23552K), 0 survivors (0K)
 Metaspace       used 5218K, committed 5440K, reserved 1056768K
  class space    used 585K, committed 704K, reserved 1048576K
}
Event: 0.486 GC heap after
{Heap after GC invocations=1 (full 0):
 garbage-first heap   total 126976K, used 3533K [0x0000000084a00000, 0x0000000100000000)
  region size 1024K, 3 young (3072K), 3 survivors (3072K)
 Metaspace       used 5218K, committed 5440K, reserved 1056768K
  class space    used 585K, committed 704K, reserved 1048576K
}
Event: 0.999 GC heap before
{Heap before GC invocations=1 (full 0):
 garbage-first heap   total 126976K, used 35277K [0x0000000084a00000, 0x0000000100000000)
  region size 1024K, 34 young (34816K), 3 survivors (3072K)
 Metaspace       used 14187K, committed 14400K, reserved 1064960K
  class space    used 1840K, committed 1920K, reserved 1048576K
}
Event: 1.003 GC heap after
{Heap after GC invocations=2 (full 0):
 garbage-first heap   total 126976K, used 7945K [0x0000000084a00000, 0x0000000100000000)
  region size 1024K, 5 young (5120K), 5 survivors (5120K)
 Metaspace       used 14187K, committed 14400K, reserved 1064960K
  class space    used 1840K, committed 1920K, reserved 1048576K
}
Event: 1.583 GC heap before
{Heap before GC invocations=2 (full 0):
 garbage-first heap   total 126976K, used 40713K [0x0000000084a00000, 0x0000000100000000)
  region size 1024K, 38 young (38912K), 5 survivors (5120K)
 Metaspace       used 21284K, committed 21504K, reserved 1073152K
  class space    used 3002K, committed 3136K, reserved 1048576K
}
Event: 1.590 GC heap after
{Heap after GC invocations=3 (full 0):
 garbage-first heap   total 126976K, used 13494K [0x0000000084a00000, 0x0000000100000000)
  region size 1024K, 10 young (10240K), 10 survivors (10240K)
 Metaspace       used 21284K, committed 21504K, reserved 1073152K
  class space    used 3002K, committed 3136K, reserved 1048576K
}
Event: 2.096 GC heap before
{Heap before GC invocations=4 (full 0):
 garbage-first heap   total 122880K, used 105654K [0x0000000084a00000, 0x0000000100000000)
  region size 1024K, 27 young (27648K), 10 survivors (10240K)
 Metaspace       used 26144K, committed 26368K, reserved 1073152K
  class space    used 3571K, committed 3712K, reserved 1048576K
}
Event: 2.101 GC heap after
{Heap after GC invocations=5 (full 0):
 garbage-first heap   total 122880K, used 92010K [0x0000000084a00000, 0x0000000100000000)
  region size 1024K, 4 young (4096K), 4 survivors (4096K)
 Metaspace       used 26144K, committed 26368K, reserved 1073152K
  class space    used 3571K, committed 3712K, reserved 1048576K
}
Event: 2.875 GC heap before
{Heap before GC invocations=5 (full 0):
 garbage-first heap   total 257024K, used 242538K [0x0000000084a00000, 0x0000000100000000)
  region size 1024K, 6 young (6144K), 4 survivors (4096K)
 Metaspace       used 26445K, committed 26688K, reserved 1073152K
  class space    used 3574K, committed 3712K, reserved 1048576K
}
Event: 2.877 GC heap after
{Heap after GC invocations=6 (full 0):
 garbage-first heap   total 257024K, used 241846K [0x0000000084a00000, 0x0000000100000000)
  region size 1024K, 1 young (1024K), 1 survivors (1024K)
 Metaspace       used 26445K, committed 26688K, reserved 1073152K
  class space    used 3574K, committed 3712K, reserved 1048576K
}
Event: 3.797 GC heap before
{Heap before GC invocations=6 (full 0):
 garbage-first heap   total 257024K, used 252086K [0x0000000084a00000, 0x0000000100000000)
  region size 1024K, 12 young (12288K), 1 survivors (1024K)
 Metaspace       used 28092K, committed 28352K, reserved 1081344K
  class space    used 3840K, committed 3968K, reserved 1048576K
}
Event: 3.800 GC heap after
{Heap after GC invocations=7 (full 0):
 garbage-first heap   total 257024K, used 243001K [0x0000000084a00000, 0x0000000100000000)
  region size 1024K, 2 young (2048K), 2 survivors (2048K)
 Metaspace       used 28092K, committed 28352K, reserved 1081344K
  class space    used 3840K, committed 3968K, reserved 1048576K
}

Deoptimization events (20 events):
Event: 8.813 Thread 0x000001e0e9a5d950 Uncommon trap: trap_request=0xffffffd6 fr.pc=0x000001e0d91f217c relative=0x000000000000033c
Event: 8.813 Thread 0x000001e0e9a5d950 Uncommon trap: reason=array_check action=maybe_recompile pc=0x000001e0d91f217c method=javafx.css.CompoundSelector.applies(Ljavafx/css/Styleable;[Ljava/util/Set;I)Z @ 133 c2
Event: 8.813 Thread 0x000001e0e9a5d950 DEOPT PACKING pc=0x000001e0d91f217c sp=0x000000b43e3fcc20
Event: 8.813 Thread 0x000001e0e9a5d950 DEOPT UNPACKING pc=0x000001e0d1485ba3 sp=0x000000b43e3fcba8 mode 2
Event: 8.813 Thread 0x000001e0e9a5d950 Uncommon trap: trap_request=0xffffffd6 fr.pc=0x000001e0d91f217c relative=0x000000000000033c
Event: 8.813 Thread 0x000001e0e9a5d950 Uncommon trap: reason=array_check action=maybe_recompile pc=0x000001e0d91f217c method=javafx.css.CompoundSelector.applies(Ljavafx/css/Styleable;[Ljava/util/Set;I)Z @ 133 c2
Event: 8.813 Thread 0x000001e0e9a5d950 DEOPT PACKING pc=0x000001e0d91f217c sp=0x000000b43e3fcc20
Event: 8.813 Thread 0x000001e0e9a5d950 DEOPT UNPACKING pc=0x000001e0d1485ba3 sp=0x000000b43e3fcba8 mode 2
Event: 8.813 Thread 0x000001e0e9a5d950 Uncommon trap: trap_request=0xffffffd6 fr.pc=0x000001e0d91f217c relative=0x000000000000033c
Event: 8.813 Thread 0x000001e0e9a5d950 Uncommon trap: reason=array_check action=maybe_recompile pc=0x000001e0d91f217c method=javafx.css.CompoundSelector.applies(Ljavafx/css/Styleable;[Ljava/util/Set;I)Z @ 133 c2
Event: 8.813 Thread 0x000001e0e9a5d950 DEOPT PACKING pc=0x000001e0d91f217c sp=0x000000b43e3fcc20
Event: 8.813 Thread 0x000001e0e9a5d950 DEOPT UNPACKING pc=0x000001e0d1485ba3 sp=0x000000b43e3fcba8 mode 2
Event: 8.813 Thread 0x000001e0e9a5d950 Uncommon trap: trap_request=0xffffffd6 fr.pc=0x000001e0d91f217c relative=0x000000000000033c
Event: 8.813 Thread 0x000001e0e9a5d950 Uncommon trap: reason=array_check action=maybe_recompile pc=0x000001e0d91f217c method=javafx.css.CompoundSelector.applies(Ljavafx/css/Styleable;[Ljava/util/Set;I)Z @ 133 c2
Event: 8.813 Thread 0x000001e0e9a5d950 DEOPT PACKING pc=0x000001e0d91f217c sp=0x000000b43e3fcc20
Event: 8.813 Thread 0x000001e0e9a5d950 DEOPT UNPACKING pc=0x000001e0d1485ba3 sp=0x000000b43e3fcba8 mode 2
Event: 9.140 Thread 0x000001e0f08333c0 Uncommon trap: trap_request=0xffffffc6 fr.pc=0x000001e0d9053af0 relative=0x0000000000000ed0
Event: 9.140 Thread 0x000001e0f08333c0 Uncommon trap: reason=bimorphic_or_optimized_type_check action=maybe_recompile pc=0x000001e0d9053af0 method=java.io.DataInputStream.readFully([BII)V @ 30 c2
Event: 9.140 Thread 0x000001e0f08333c0 DEOPT PACKING pc=0x000001e0d9053af0 sp=0x000000b4401febe0
Event: 9.140 Thread 0x000001e0f08333c0 DEOPT UNPACKING pc=0x000001e0d1485ba3 sp=0x000000b4401febd8 mode 2

Classes unloaded (0 events):
No events

Classes redefined (0 events):
No events

Internal exceptions (20 events):
Event: 1.348 Thread 0x000001e0e9a5d950 Exception <a 'java/io/FileNotFoundException'{0x000000008b21f7e8}> (0x000000008b21f7e8) 
thrown [s\open\src\hotspot\share\prims\jni.cpp, line 516]
Event: 1.401 Thread 0x000001e0e9a5d950 Exception <a 'java/lang/NoSuchMethodError'{0x000000008b2b15b8}: 'java.lang.Object java.lang.invoke.DirectMethodHandle$Holder.newInvokeSpecial(java.lang.Object, java.lang.Object, int)'> (0x000000008b2b15b8) 
thrown [s\open\src\hotspot\share\interpreter\linkResolver.cpp, line 759]
Event: 1.473 Thread 0x000001e0f0833d60 Exception <a 'sun/nio/fs/WindowsException'{0x000000008acfa498}> (0x000000008acfa498) 
thrown [s\open\src\hotspot\share\prims\jni.cpp, line 516]
Event: 1.500 Thread 0x000001e0f0833d60 Exception <a 'java/lang/NoSuchMethodError'{0x000000008aba57d0}: 'int java.lang.invoke.DirectMethodHandle$Holder.invokeStaticInit(java.lang.Object, java.lang.Object, java.lang.Object, java.lang.Object)'> (0x000000008aba57d0) 
thrown [s\open\src\hotspot\share\interpreter\linkResolver.cpp, line 759]
Event: 1.502 Thread 0x000001e0f0833d60 Exception <a 'java/lang/IncompatibleClassChangeError'{0x000000008abae930}: Found class java.lang.Object, but interface was expected> (0x000000008abae930) 
thrown [s\open\src\hotspot\share\interpreter\linkResolver.cpp, line 826]
Event: 1.502 Thread 0x000001e0f0833d60 Exception <a 'java/lang/NoSuchMethodError'{0x000000008abb3df8}: 'int java.lang.invoke.DirectMethodHandle$Holder.invokeStaticInit(java.lang.Object, java.lang.Object)'> (0x000000008abb3df8) 
thrown [s\open\src\hotspot\share\interpreter\linkResolver.cpp, line 759]
Event: 1.614 Thread 0x000001e0f0834bd0 Exception <a 'java/lang/NoSuchMethodError'{0x00000000871648e0}: 'java.lang.Object java.lang.invoke.DirectMethodHandle$Holder.invokeStaticInit(java.lang.Object, int, int, int, int)'> (0x00000000871648e0) 
thrown [s\open\src\hotspot\share\interpreter\linkResolver.cpp, line 759]
Event: 1.673 Thread 0x000001e0e97d1b70 Exception <a 'java/lang/NoSuchMethodError'{0x0000000086f10db0}: 'java.lang.Object java.lang.invoke.DirectMethodHandle$Holder.invokeStaticInit(java.lang.Object, int)'> (0x0000000086f10db0) 
thrown [s\open\src\hotspot\share\interpreter\linkResolver.cpp, line 759]
Event: 1.682 Thread 0x000001e0f0832a20 Exception <a 'java/lang/NoSuchMethodError'{0x0000000086f86448}: 'java.lang.Object java.lang.invoke.DirectMethodHandle$Holder.invokeStaticInit(java.lang.Object, java.lang.Object, int, int, int, int)'> (0x0000000086f86448) 
thrown [s\open\src\hotspot\share\interpreter\linkResolver.cpp, line 759]
Event: 1.902 Thread 0x000001e0f0833890 Implicit null exception at 0x000001e0d9100b91 to 0x000001e0d9100e23
Event: 3.035 Thread 0x000001e0e9a5d950 Exception <a 'java/lang/NoSuchMethodError'{0x000000008c5bed08}: 'long java.lang.invoke.DirectMethodHandle$Holder.invokeStatic(java.lang.Object, java.lang.Object, java.lang.Object)'> (0x000000008c5bed08) 
thrown [s\open\src\hotspot\share\interpreter\linkResolver.cpp, line 759]
Event: 3.035 Thread 0x000001e0e9a5d950 Exception <a 'java/lang/NoSuchMethodError'{0x000000008c5c24b0}: 'long java.lang.invoke.DirectMethodHandle$Holder.invokeStaticInit(java.lang.Object, java.lang.Object, java.lang.Object)'> (0x000000008c5c24b0) 
thrown [s\open\src\hotspot\share\interpreter\linkResolver.cpp, line 759]
Event: 3.036 Thread 0x000001e0e9a5d950 Exception <a 'java/lang/NoSuchMethodError'{0x000000008c5da300}: 'java.lang.Object java.lang.invoke.DirectMethodHandle$Holder.newInvokeSpecial(java.lang.Object, java.lang.Object, long)'> (0x000000008c5da300) 
thrown [s\open\src\hotspot\share\interpreter\linkResolver.cpp, line 759]
Event: 3.036 Thread 0x000001e0e9a5d950 Exception <a 'java/lang/NoSuchMethodError'{0x000000008c5dde70}: 'java.lang.Object java.lang.invoke.Invokers$Holder.linkToTargetMethod(java.lang.Object, long, java.lang.Object)'> (0x000000008c5dde70) 
thrown [s\open\src\hotspot\share\interpreter\linkResolver.cpp, line 759]
Event: 3.264 Thread 0x000001e0e9a5d950 Exception <a 'java/lang/NoSuchMethodError'{0x0000000089e57310}: 'void java.lang.invoke.DirectMethodHandle$Holder.invokeSpecial(java.lang.Object, java.lang.Object, int)'> (0x0000000089e57310) 
thrown [s\open\src\hotspot\share\interpreter\linkResolver.cpp, line 759]
Event: 3.326 Thread 0x000001e0e9a5d950 Exception <a 'java/lang/NoSuchMethodError'{0x0000000089a57960}: 'int java.lang.invoke.DirectMethodHandle$Holder.invokeSpecial(java.lang.Object, java.lang.Object, int)'> (0x0000000089a57960) 
thrown [s\open\src\hotspot\share\interpreter\linkResolver.cpp, line 759]
Event: 3.409 Thread 0x000001e0e9a5d950 Exception <a 'java/io/FileNotFoundException'{0x000000008642f638}> (0x000000008642f638) 
thrown [s\open\src\hotspot\share\prims\jni.cpp, line 516]
Event: 3.409 Thread 0x000001e0e9a5d950 Exception <a 'java/io/FileNotFoundException'{0x00000000864306c8}> (0x00000000864306c8) 
thrown [s\open\src\hotspot\share\prims\jni.cpp, line 516]
Event: 3.409 Thread 0x000001e0e9a5d950 Exception <a 'java/io/FileNotFoundException'{0x00000000864319b0}> (0x00000000864319b0) 
thrown [s\open\src\hotspot\share\prims\jni.cpp, line 516]
Event: 3.409 Thread 0x000001e0e9a5d950 Exception <a 'java/io/FileNotFoundException'{0x0000000086432a38}> (0x0000000086432a38) 
thrown [s\open\src\hotspot\share\prims\jni.cpp, line 516]

VM Operations (20 events):
Event: 3.436 Executing VM operation: ICBufferFull
Event: 3.436 Executing VM operation: ICBufferFull done
Event: 3.481 Executing VM operation: HandshakeAllThreads
Event: 3.481 Executing VM operation: HandshakeAllThreads done
Event: 3.797 Executing VM operation: G1TryInitiateConcMark
Event: 3.800 Executing VM operation: G1TryInitiateConcMark done
Event: 3.806 Executing VM operation: G1Concurrent
Event: 3.829 Executing VM operation: G1Concurrent done
Event: 3.833 Executing VM operation: G1Concurrent
Event: 3.833 Executing VM operation: G1Concurrent done
Event: 4.834 Executing VM operation: Cleanup
Event: 4.834 Executing VM operation: Cleanup done
Event: 5.834 Executing VM operation: Cleanup
Event: 5.834 Executing VM operation: Cleanup done
Event: 7.835 Executing VM operation: Cleanup
Event: 7.836 Executing VM operation: Cleanup done
Event: 8.836 Executing VM operation: Cleanup
Event: 8.836 Executing VM operation: Cleanup done
Event: 9.836 Executing VM operation: Cleanup
Event: 9.836 Executing VM operation: Cleanup done

Events (20 events):
Event: 8.967 Thread 0x000001e0eef31680 Thread added: 0x000001e0eef31680
Event: 8.967 Thread 0x000001e0eef311b0 Thread exited: 0x000001e0eef311b0
Event: 8.968 Thread 0x000001e0eef31680 Thread exited: 0x000001e0eef31680
Event: 8.970 Thread 0x000001e0f0834700 Thread exited: 0x000001e0f0834700
Event: 8.975 Thread 0x000001e0eef30340 Thread added: 0x000001e0eef30340
Event: 8.976 Thread 0x000001e0eef30340 Thread exited: 0x000001e0eef30340
Event: 9.141 Thread 0x000001e0ee80f540 Thread exited: 0x000001e0ee80f540
Event: 9.573 Thread 0x000001e0f3a73870 Thread exited: 0x000001e0f3a73870
Event: 9.934 Thread 0x000001e0eef329c0 Thread added: 0x000001e0eef329c0
Event: 9.935 Thread 0x000001e0eef329c0 Thread exited: 0x000001e0eef329c0
Event: 10.081 Thread 0x000001e0f0833890 Thread exited: 0x000001e0f0833890
Event: 10.092 Thread 0x000001e0f3a73870 Thread added: 0x000001e0f3a73870
Event: 10.095 loading class java/lang/Throwable$WrappedPrintStream
Event: 10.095 loading class java/lang/Throwable$PrintStreamOrWriter
Event: 10.095 loading class java/lang/Throwable$PrintStreamOrWriter done
Event: 10.095 loading class java/lang/Throwable$WrappedPrintStream done
Event: 10.171 Thread 0x000001e0eef32e90 Thread exited: 0x000001e0eef32e90
Event: 10.306 Thread 0x000001e0f0835a40 Thread exited: 0x000001e0f0835a40
Event: 10.311 Thread 0x000001e0f0834bd0 Thread exited: 0x000001e0f0834bd0
Event: 10.478 Thread 0x000001e0f0835570 Thread exited: 0x000001e0f0835570


Dynamic libraries:
0x00007ff7b30d0000 - 0x00007ff7b30e0000 	C:\Program Files\Java\jdk-17.0.5\bin\java.exe
0x00007ffa3aa20000 - 0x00007ffa3ac87000 	C:\WINDOWS\SYSTEM32\ntdll.dll
0x00007ffa03ee0000 - 0x00007ffa03f01000 	C:\Program Files\Avast Software\Avast\aswhook.dll
0x00007ffa39660000 - 0x00007ffa39729000 	C:\WINDOWS\System32\KERNEL32.DLL
0x00007ffa37850000 - 0x00007ffa37c44000 	C:\WINDOWS\System32\KERNELBASE.dll
0x00007ffa372f0000 - 0x00007ffa3743b000 	C:\WINDOWS\System32\ucrtbase.dll
0x00007ff9a3770000 - 0x00007ff9a3788000 	C:\Program Files\Java\jdk-17.0.5\bin\jli.dll
0x00007ff9a3300000 - 0x00007ff9a331a000 	C:\Program Files\Java\jdk-17.0.5\bin\VCRUNTIME140.dll
0x00007ffa3a920000 - 0x00007ffa3a9d6000 	C:\WINDOWS\System32\ADVAPI32.dll
0x00007ffa39040000 - 0x00007ffa390e9000 	C:\WINDOWS\System32\msvcrt.dll
0x00007ffa387b0000 - 0x00007ffa38857000 	C:\WINDOWS\System32\sechost.dll
0x00007ffa398c0000 - 0x00007ffa399d8000 	C:\WINDOWS\System32\RPCRT4.dll
0x00007ffa3a2a0000 - 0x00007ffa3a465000 	C:\WINDOWS\System32\USER32.dll
0x00007ffa38780000 - 0x00007ffa387a7000 	C:\WINDOWS\System32\win32u.dll
0x00007ffa1fc10000 - 0x00007ffa1fea3000 	C:\WINDOWS\WinSxS\amd64_microsoft.windows.common-controls_6595b64144ccf1df_6.0.26100.8115_none_3e075c82e3354f9c\COMCTL32.dll
0x00007ffa39890000 - 0x00007ffa398bb000 	C:\WINDOWS\System32\GDI32.dll
0x00007ffa37670000 - 0x00007ffa3779b000 	C:\WINDOWS\System32\gdi32full.dll
0x00007ffa375c0000 - 0x00007ffa37663000 	C:\WINDOWS\System32\msvcp_win.dll
0x00007ffa27cb0000 - 0x00007ffa27cbb000 	C:\WINDOWS\SYSTEM32\VERSION.dll
0x00007ffa399e0000 - 0x00007ffa39a12000 	C:\WINDOWS\System32\IMM32.DLL
0x00007ffa22250000 - 0x00007ffa2225c000 	C:\Program Files\Java\jdk-17.0.5\bin\vcruntime140_1.dll
0x00007ff9a0b00000 - 0x00007ff9a0b8d000 	C:\Program Files\Java\jdk-17.0.5\bin\msvcp140.dll
0x00007ff9881d0000 - 0x00007ff988d92000 	C:\Program Files\Java\jdk-17.0.5\bin\server\jvm.dll
0x00007ffa3a050000 - 0x00007ffa3a058000 	C:\WINDOWS\System32\PSAPI.DLL
0x00007ffa1d510000 - 0x00007ffa1d51a000 	C:\WINDOWS\SYSTEM32\WSOCK32.dll
0x00007ffa25070000 - 0x00007ffa250a6000 	C:\WINDOWS\SYSTEM32\WINMM.dll
0x00007ffa390f0000 - 0x00007ffa39170000 	C:\WINDOWS\System32\WS2_32.dll
0x00007ffa36040000 - 0x00007ffa3605b000 	C:\WINDOWS\SYSTEM32\kernel.appcore.dll
0x00007ff9a7aa0000 - 0x00007ff9a7aaa000 	C:\Program Files\Java\jdk-17.0.5\bin\jimage.dll
0x00007ffa35220000 - 0x00007ffa35462000 	C:\WINDOWS\SYSTEM32\DBGHELP.DLL
0x00007ffa3a470000 - 0x00007ffa3a7f2000 	C:\WINDOWS\System32\combase.dll
0x00007ffa39ca0000 - 0x00007ffa39d78000 	C:\WINDOWS\System32\OLEAUT32.dll
0x00007ffa271e0000 - 0x00007ffa2721b000 	C:\WINDOWS\SYSTEM32\dbgcore.DLL
0x00007ffa377a0000 - 0x00007ffa37845000 	C:\WINDOWS\System32\bcryptPrimitives.dll
0x00007ff9a1ba0000 - 0x00007ff9a1bc5000 	C:\Program Files\Java\jdk-17.0.5\bin\java.dll
0x00007ff9a0650000 - 0x00007ff9a0726000 	C:\Program Files\Java\jdk-17.0.5\bin\jsvml.dll
0x00007ffa38860000 - 0x00007ffa38fc7000 	C:\WINDOWS\System32\SHELL32.dll
0x00007ffa37c50000 - 0x00007ffa37dba000 	C:\WINDOWS\System32\wintypes.dll
0x00007ffa37dc0000 - 0x00007ffa38628000 	C:\WINDOWS\System32\windows.storage.dll
0x00007ffa39d80000 - 0x00007ffa39e78000 	C:\WINDOWS\System32\SHCORE.dll
0x00007ffa38fd0000 - 0x00007ffa39036000 	C:\WINDOWS\System32\shlwapi.dll
0x00007ffa37210000 - 0x00007ffa37239000 	C:\WINDOWS\SYSTEM32\profapi.dll
0x00007ff9a2ba0000 - 0x00007ff9a2bb9000 	C:\Program Files\Java\jdk-17.0.5\bin\net.dll
0x00007ffa29640000 - 0x00007ffa2976d000 	C:\WINDOWS\SYSTEM32\WINHTTP.dll
0x00007ffa36590000 - 0x00007ffa365fc000 	C:\WINDOWS\system32\mswsock.dll
0x00007ff9a10c0000 - 0x00007ff9a10d6000 	C:\Program Files\Java\jdk-17.0.5\bin\nio.dll
0x00007ff9a10a0000 - 0x00007ff9a10b8000 	C:\Program Files\Java\jdk-17.0.5\bin\zip.dll
0x000001e0c7b60000 - 0x000001e0c7b63000 	C:\Users\Yassine\.openjfx\cache\21.0.2+5\amd64\api-ms-win-core-console-l1-1-0.dll
0x000001e0c7b70000 - 0x000001e0c7b73000 	C:\Users\Yassine\.openjfx\cache\21.0.2+5\amd64\api-ms-win-core-console-l1-2-0.dll
0x000001e0c7b80000 - 0x000001e0c7b83000 	C:\Users\Yassine\.openjfx\cache\21.0.2+5\amd64\api-ms-win-core-datetime-l1-1-0.dll
0x000001e0c7b90000 - 0x000001e0c7b93000 	C:\Users\Yassine\.openjfx\cache\21.0.2+5\amd64\api-ms-win-core-debug-l1-1-0.dll
0x000001e0c7ba0000 - 0x000001e0c7ba3000 	C:\Users\Yassine\.openjfx\cache\21.0.2+5\amd64\api-ms-win-core-errorhandling-l1-1-0.dll
0x000001e0c7f50000 - 0x000001e0c7f54000 	C:\Users\Yassine\.openjfx\cache\21.0.2+5\amd64\api-ms-win-core-file-l1-1-0.dll
0x000001e0c7f60000 - 0x000001e0c7f63000 	C:\Users\Yassine\.openjfx\cache\21.0.2+5\amd64\api-ms-win-core-file-l1-2-0.dll
0x000001e0c9b80000 - 0x000001e0c9b83000 	C:\Users\Yassine\.openjfx\cache\21.0.2+5\amd64\api-ms-win-core-file-l2-1-0.dll
0x000001e0e8730000 - 0x000001e0e8733000 	C:\Users\Yassine\.openjfx\cache\21.0.2+5\amd64\api-ms-win-core-handle-l1-1-0.dll
0x000001e0e8740000 - 0x000001e0e8743000 	C:\Users\Yassine\.openjfx\cache\21.0.2+5\amd64\api-ms-win-core-heap-l1-1-0.dll
0x000001e0e8750000 - 0x000001e0e8753000 	C:\Users\Yassine\.openjfx\cache\21.0.2+5\amd64\api-ms-win-core-interlocked-l1-1-0.dll
0x000001e0e8760000 - 0x000001e0e8763000 	C:\Users\Yassine\.openjfx\cache\21.0.2+5\amd64\api-ms-win-core-libraryloader-l1-1-0.dll
0x000001e0e8770000 - 0x000001e0e8773000 	C:\Users\Yassine\.openjfx\cache\21.0.2+5\amd64\api-ms-win-core-localization-l1-2-0.dll
0x000001e0e8780000 - 0x000001e0e8783000 	C:\Users\Yassine\.openjfx\cache\21.0.2+5\amd64\api-ms-win-core-memory-l1-1-0.dll
0x000001e0e8790000 - 0x000001e0e8793000 	C:\Users\Yassine\.openjfx\cache\21.0.2+5\amd64\api-ms-win-core-namedpipe-l1-1-0.dll
0x000001e0e87a0000 - 0x000001e0e87a3000 	C:\Users\Yassine\.openjfx\cache\21.0.2+5\amd64\api-ms-win-core-processenvironment-l1-1-0.dll
0x000001e0e87b0000 - 0x000001e0e87b3000 	C:\Users\Yassine\.openjfx\cache\21.0.2+5\amd64\api-ms-win-core-processthreads-l1-1-0.dll
0x000001e0e87c0000 - 0x000001e0e87c3000 	C:\Users\Yassine\.openjfx\cache\21.0.2+5\amd64\api-ms-win-core-processthreads-l1-1-1.dll
0x000001e0e87d0000 - 0x000001e0e87d3000 	C:\Users\Yassine\.openjfx\cache\21.0.2+5\amd64\api-ms-win-core-profile-l1-1-0.dll
0x000001e0e87e0000 - 0x000001e0e87e3000 	C:\Users\Yassine\.openjfx\cache\21.0.2+5\amd64\api-ms-win-core-rtlsupport-l1-1-0.dll
0x000001e0e87f0000 - 0x000001e0e87f3000 	C:\Users\Yassine\.openjfx\cache\21.0.2+5\amd64\api-ms-win-core-string-l1-1-0.dll
0x000001e0e9c00000 - 0x000001e0e9c03000 	C:\Users\Yassine\.openjfx\cache\21.0.2+5\amd64\api-ms-win-core-synch-l1-1-0.dll
0x000001e0e9c10000 - 0x000001e0e9c13000 	C:\Users\Yassine\.openjfx\cache\21.0.2+5\amd64\api-ms-win-core-synch-l1-2-0.dll
0x000001e0e9c20000 - 0x000001e0e9c23000 	C:\Users\Yassine\.openjfx\cache\21.0.2+5\amd64\api-ms-win-core-sysinfo-l1-1-0.dll
0x000001e0e9c30000 - 0x000001e0e9c33000 	C:\Users\Yassine\.openjfx\cache\21.0.2+5\amd64\api-ms-win-core-timezone-l1-1-0.dll
0x000001e0e9c40000 - 0x000001e0e9c43000 	C:\Users\Yassine\.openjfx\cache\21.0.2+5\amd64\api-ms-win-core-util-l1-1-0.dll
0x000001e0e9c50000 - 0x000001e0e9c53000 	C:\Users\Yassine\.openjfx\cache\21.0.2+5\amd64\api-ms-win-crt-conio-l1-1-0.dll
0x000001e0e9c60000 - 0x000001e0e9c64000 	C:\Users\Yassine\.openjfx\cache\21.0.2+5\amd64\api-ms-win-crt-convert-l1-1-0.dll
0x000001e0e9c70000 - 0x000001e0e9c73000 	C:\Users\Yassine\.openjfx\cache\21.0.2+5\amd64\api-ms-win-crt-environment-l1-1-0.dll
0x000001e0e9c80000 - 0x000001e0e9c83000 	C:\Users\Yassine\.openjfx\cache\21.0.2+5\amd64\api-ms-win-crt-filesystem-l1-1-0.dll
0x000001e0e9c90000 - 0x000001e0e9c93000 	C:\Users\Yassine\.openjfx\cache\21.0.2+5\amd64\api-ms-win-crt-heap-l1-1-0.dll
0x000001e0e9ca0000 - 0x000001e0e9ca3000 	C:\Users\Yassine\.openjfx\cache\21.0.2+5\amd64\api-ms-win-crt-locale-l1-1-0.dll
0x000001e0e9cb0000 - 0x000001e0e9cb5000 	C:\Users\Yassine\.openjfx\cache\21.0.2+5\amd64\api-ms-win-crt-math-l1-1-0.dll
0x000001e0e9cc0000 - 0x000001e0e9cc5000 	C:\Users\Yassine\.openjfx\cache\21.0.2+5\amd64\api-ms-win-crt-multibyte-l1-1-0.dll
0x000001e0e9cd0000 - 0x000001e0e9ce0000 	C:\Users\Yassine\.openjfx\cache\21.0.2+5\amd64\api-ms-win-crt-private-l1-1-0.dll
0x000001e0e9ce0000 - 0x000001e0e9ce3000 	C:\Users\Yassine\.openjfx\cache\21.0.2+5\amd64\api-ms-win-crt-process-l1-1-0.dll
0x000001e0e9cf0000 - 0x000001e0e9cf4000 	C:\Users\Yassine\.openjfx\cache\21.0.2+5\amd64\api-ms-win-crt-runtime-l1-1-0.dll
0x000001e0e9d00000 - 0x000001e0e9d04000 	C:\Users\Yassine\.openjfx\cache\21.0.2+5\amd64\api-ms-win-crt-stdio-l1-1-0.dll
0x000001e0e9d10000 - 0x000001e0e9d14000 	C:\Users\Yassine\.openjfx\cache\21.0.2+5\amd64\api-ms-win-crt-string-l1-1-0.dll
0x000001e0e9d20000 - 0x000001e0e9d23000 	C:\Users\Yassine\.openjfx\cache\21.0.2+5\amd64\api-ms-win-crt-time-l1-1-0.dll
0x000001e0e9d30000 - 0x000001e0e9d33000 	C:\Users\Yassine\.openjfx\cache\21.0.2+5\amd64\api-ms-win-crt-utility-l1-1-0.dll
0x00007ff9edbc0000 - 0x00007ff9edcbc000 	C:\Users\Yassine\.openjfx\cache\21.0.2+5\amd64\ucrtbase.dll
0x00007ffa22270000 - 0x00007ffa2228b000 	C:\Users\Yassine\.openjfx\cache\21.0.2+5\amd64\vcruntime140.dll
0x00007ffa23040000 - 0x00007ffa2304c000 	C:\Users\Yassine\.openjfx\cache\21.0.2+5\amd64\vcruntime140_1.dll
0x00007ff9edb00000 - 0x00007ff9edb8e000 	C:\Users\Yassine\.openjfx\cache\21.0.2+5\amd64\msvcp140.dll
0x00007ffa22ee0000 - 0x00007ffa22ee9000 	C:\Users\Yassine\.openjfx\cache\21.0.2+5\amd64\msvcp140_1.dll
0x00007ffa1c090000 - 0x00007ffa1c0d1000 	C:\Users\Yassine\.openjfx\cache\21.0.2+5\amd64\msvcp140_2.dll
0x00007ffa1f310000 - 0x00007ffa1f340000 	C:\Users\Yassine\.openjfx\cache\21.0.2+5\amd64\prism_d3d.dll
0x00007ffa1dd90000 - 0x00007ffa1df42000 	C:\WINDOWS\system32\d3d9.dll
0x00007ffa34b30000 - 0x00007ffa34b5f000 	C:\WINDOWS\SYSTEM32\dwmapi.dll
0x00007ffa34890000 - 0x00007ffa348d3000 	C:\WINDOWS\SYSTEM32\dxcore.dll
0x00007ffa347b0000 - 0x00007ffa34859000 	C:\WINDOWS\system32\uxtheme.dll
0x00007ffa1dc20000 - 0x00007ffa1dd85000 	C:\WINDOWS\System32\DriverStore\FileRepository\iigd_dch.inf_amd64_4992c421bdec6194\igdumdim64.dll
0x00007ffa39eb0000 - 0x00007ffa3a047000 	C:\WINDOWS\System32\ole32.dll
0x00007ff9c1bc0000 - 0x00007ff9c5816000 	C:\WINDOWS\System32\DriverStore\FileRepository\iigd_dch.inf_amd64_4992c421bdec6194\igd9dxva64.dll
0x00007ffa39180000 - 0x00007ffa39607000 	C:\WINDOWS\System32\SETUPAPI.dll
0x00007ffa36e60000 - 0x00007ffa36eb1000 	C:\WINDOWS\SYSTEM32\cfgmgr32.dll
0x00007ffa2f2a0000 - 0x00007ffa2f661000 	C:\WINDOWS\System32\DriverStore\FileRepository\iigd_dch.inf_amd64_4992c421bdec6194\igdgmm64.dll
0x00007ffa32300000 - 0x00007ffa32361000 	C:\WINDOWS\SYSTEM32\directxdatabasehelper.dll
0x00007ffa007a0000 - 0x00007ffa007e2000 	C:\Users\Yassine\.openjfx\cache\21.0.2+5\amd64\glass.dll
0x00007ffa3a060000 - 0x00007ffa3a14f000 	C:\WINDOWS\System32\COMDLG32.dll
0x00007ffa39730000 - 0x00007ffa3988c000 	C:\WINDOWS\System32\MSCTF.dll
0x00007ff9e23f0000 - 0x00007ff9e2417000 	C:\WINDOWS\System32\DriverStore\FileRepository\iigd_dch.inf_amd64_4992c421bdec6194\igdinfo64.dll
0x00007ffa29770000 - 0x00007ffa2c976000 	C:\WINDOWS\System32\DriverStore\FileRepository\iigd_dch.inf_amd64_4992c421bdec6194\igc64.dll
0x00007ffa22160000 - 0x00007ffa22174000 	C:\Users\Yassine\.openjfx\cache\21.0.2+5\amd64\javafx_font.dll
0x00007ffa32ff0000 - 0x00007ffa33257000 	C:\WINDOWS\SYSTEM32\dwrite.dll
0x00007ffa3a160000 - 0x00007ffa3a20e000 	C:\WINDOWS\System32\clbcatq.dll
0x00007ffa32920000 - 0x00007ffa32b4e000 	C:\WINDOWS\SYSTEM32\WindowsCodecs.dll
0x00007ffa109a0000 - 0x00007ffa109fa000 	C:\WINDOWS\system32\dataexchange.dll
0x00007ffa28fc0000 - 0x00007ffa2920d000 	C:\WINDOWS\system32\twinapi.appcore.dll
0x00007ffa00c40000 - 0x00007ffa00c6c000 	C:\Program Files\Common Files\Microsoft Shared\Ink\rtscom.dll
0x00007ff9ffb00000 - 0x00007ff9ffc48000 	C:\WINDOWS\SYSTEM32\textinputframework.dll
0x00007ffa34180000 - 0x00007ffa342a7000 	C:\WINDOWS\SYSTEM32\CoreMessaging.dll
0x00007ffa31bf0000 - 0x00007ffa31ed2000 	C:\WINDOWS\SYSTEM32\CoreUIComponents.dll
0x00007ffa367f0000 - 0x00007ffa367fc000 	C:\WINDOWS\SYSTEM32\CRYPTBASE.DLL
0x00007ffa36990000 - 0x00007ffa369ab000 	C:\WINDOWS\SYSTEM32\CRYPTSP.dll
0x00007ffa35fa0000 - 0x00007ffa35fd9000 	C:\WINDOWS\system32\rsaenh.dll
0x00007ffa36640000 - 0x00007ffa36673000 	C:\WINDOWS\SYSTEM32\USERENV.dll
0x00007ffa371e0000 - 0x00007ffa3720a000 	C:\WINDOWS\SYSTEM32\bcrypt.dll
0x00007ffa35a20000 - 0x00007ffa35a52000 	C:\WINDOWS\SYSTEM32\IPHLPAPI.DLL
0x00007ffa39e80000 - 0x00007ffa39e8a000 	C:\WINDOWS\System32\NSI.dll

dbghelp: loaded successfully - version: 4.0.5 - missing functions: none
symbol engine: initialized successfully - sym options: 0x614 - pdb path: .;C:\Program Files\Java\jdk-17.0.5\bin;C:\WINDOWS\SYSTEM32;C:\Program Files\Avast Software\Avast;C:\WINDOWS\WinSxS\amd64_microsoft.windows.common-controls_6595b64144ccf1df_6.0.26100.8115_none_3e075c82e3354f9c;C:\Program Files\Java\jdk-17.0.5\bin\server;C:\Users\Yassine\.openjfx\cache\21.0.2+5\amd64;C:\WINDOWS\System32\DriverStore\FileRepository\iigd_dch.inf_amd64_4992c421bdec6194;C:\Program Files\Common Files\Microsoft Shared\Ink

VM Arguments:
jvm_args: --module-path=C:\Users\Yassine\.m2\repository\org\openjfx\javafx-base\21.0.2\javafx-base-21.0.2-win.jar;C:\Users\Yassine\.m2\repository\org\openjfx\javafx-base\21.0.2\javafx-base-21.0.2.jar;C:\Users\Yassine\.m2\repository\org\openjfx\javafx-controls\21.0.2\javafx-controls-21.0.2-win.jar;C:\Users\Yassine\.m2\repository\org\openjfx\javafx-controls\21.0.2\javafx-controls-21.0.2.jar;C:\Users\Yassine\.m2\repository\org\openjfx\javafx-fxml\21.0.2\javafx-fxml-21.0.2-win.jar;C:\Users\Yassine\.m2\repository\org\openjfx\javafx-fxml\21.0.2\javafx-fxml-21.0.2.jar;C:\Users\Yassine\.m2\repository\org\openjfx\javafx-graphics\21.0.2\javafx-graphics-21.0.2-win.jar;C:\Users\Yassine\.m2\repository\org\openjfx\javafx-graphics\21.0.2\javafx-graphics-21.0.2.jar;C:\Users\Yassine\.m2\repository\org\openjfx\javafx-swing\21.0.2\javafx-swing-21.0.2-win.jar;C:\Users\Yassine\.m2\repository\org\openjfx\javafx-swing\21.0.2\javafx-swing-21.0.2.jar --add-modules=javafx.base,javafx.controls,javafx.fxml,javafx.graphics,javafx.swing 
java_command: otemps.main.Main
java_class_path (initial): C:\Users\Yassine\IdeaProjects\Otemps\target\classes;C:\Users\Yassine\.m2\repository\com\github\librepdf\openpdf\1.3.30\openpdf-1.3.30.jar;C:\Users\Yassine\.m2\repository\com\google\code\findbugs\jsr305\3.0.2\jsr305-3.0.2.jar;C:\Users\Yassine\.m2\repository\com\google\code\gson\gson\2.10.1\gson-2.10.1.jar;C:\Users\Yassine\.m2\repository\com\google\protobuf\protobuf-java\3.19.4\protobuf-java-3.19.4.jar;C:\Users\Yassine\.m2\repository\com\itextpdf\itextpdf\5.5.13.3\itextpdf-5.5.13.3.jar;C:\Users\Yassine\.m2\repository\com\squareup\okhttp3\okhttp\4.11.0\okhttp-4.11.0.jar;C:\Users\Yassine\.m2\repository\com\squareup\okio\okio\3.2.0\okio-3.2.0.jar;C:\Users\Yassine\.m2\repository\com\squareup\okio\okio-jvm\3.2.0\okio-jvm-3.2.0.jar;C:\Users\Yassine\.m2\repository\mysql\mysql-connector-java\8.0.29\mysql-connector-java-8.0.29.jar;C:\Users\Yassine\.m2\repository\org\jetbrains\annotations\13.0\annotations-13.0.jar;C:\Users\Yassine\.m2\repository\org\jetbrains\kotlin\kotlin-stdlib\1.6.20\kotlin-stdlib-1.6.20.jar;C:\Users\Yassine\.m2\repository\org\jetbrains\kotlin\kotlin-stdlib-common\1.6.20\kotlin-stdlib-common-1.6.20.jar;C:\Users\Yassine\.m2\repository\org\jetbrains\kotlin\kotlin-stdlib-jdk7\1.6.20\kotlin-stdlib-jdk7-1.6.20.jar;C:\Users\Yassine\.m2\repository\org\jetbrains\kotlin\kotlin-stdlib-jdk8\1.6.20\kotlin-stdlib-jdk8-1.6.20.jar;C:\Users\Yassine\.m2\repository\org\json\json\20231013\json-20231013.jar
Launcher Type: SUN_STANDARD

[Global flags]
     intx CICompilerCount                          = 12                                        {product} {ergonomic}
     uint ConcGCThreads                            = 3                                         {product} {ergonomic}
     uint G1ConcRefinementThreads                  = 13                                        {product} {ergonomic}
   size_t G1HeapRegionSize                         = 1048576                                   {product} {ergonomic}
    uintx GCDrainStackTargetSize                   = 64                                        {product} {ergonomic}
   size_t InitialHeapSize                          = 130023424                                 {product} {ergonomic}
   size_t MarkStackSize                            = 4194304                                   {product} {ergonomic}
   size_t MaxHeapSize                              = 2069889024                                {product} {ergonomic}
   size_t MaxNewSize                               = 1241513984                                {product} {ergonomic}
   size_t MinHeapDeltaBytes                        = 1048576                                   {product} {ergonomic}
   size_t MinHeapSize                              = 8388608                                   {product} {ergonomic}
    uintx NonNMethodCodeHeapSize                   = 7602480                                {pd product} {ergonomic}
    uintx NonProfiledCodeHeapSize                  = 122027880                              {pd product} {ergonomic}
    uintx ProfiledCodeHeapSize                     = 122027880                              {pd product} {ergonomic}
    uintx ReservedCodeCacheSize                    = 251658240                              {pd product} {ergonomic}
     bool SegmentedCodeCache                       = true                                      {product} {ergonomic}
   size_t SoftMaxHeapSize                          = 2069889024                             {manageable} {ergonomic}
     bool UseCompressedClassPointers               = true                           {product lp64_product} {ergonomic}
     bool UseCompressedOops                        = true                           {product lp64_product} {ergonomic}
     bool UseG1GC                                  = true                                      {product} {ergonomic}
     bool UseLargePagesIndividualAllocation        = false                                  {pd product} {ergonomic}

Logging:
Log output configuration:
 #0: stdout all=warning uptime,level,tags
 #1: stderr all=off uptime,level,tags

Environment Variables:
PATH=C:\Python312\Scripts\;C:\Python312\;C:\oraclexe\app\oracle\product\11.2.0\server\bin;C:\Program Files\Common Files\Oracle\Java\javapath;C:\Windows\system32;C:\Windows;C:\Windows\System32\Wbem;C:\Windows\System32\WindowsPowerShell\v1.0\;C:\Windows\System32\OpenSSH\;C:\Program Files (x86)\NVIDIA Corporation\PhysX\Common;C:\Program Files\NVIDIA Corporation\NVIDIA NvDLISR;C:\WINDOWS\system32;C:\WINDOWS;C:\WINDOWS\System32\Wbem;C:\WINDOWS\System32\WindowsPowerShell\v1.0\;C:\WINDOWS\System32\OpenSSH\;C:\src\dart-sdk\bin;C:\src\flutter\bin;C:\xampp\php;C:\instantclient12_2;C:\oraclexe\app\oracle\admin\XE;C:\oraclexe;C:\ProgramData\chocolatey\bin;C:\Program Files (x86)\QuickTime\QTSystem\;C:\Program Files\Vagrant\bin;C:\ProgramData\chocolatey\lib\maven\apache-maven-3.9.9\bin;C:\Program Files\Docker\Docker\resources\bin;C:\Program Files\nodejs\;C:\ProgramData\ComposerSetup\bin;C:\Program Files\dotnet\;C:\Program Files (x86)\ZeroTier\One\;C:\Program Files\Git\cmd;C:\Users\Yassine\scoop\shims;C:\Users\Yassine\AppData\Local\Microsoft\WindowsApps;C:\src\dart-sdk\bin;C:\src\flutter\bin;C:\Users\Yassine\AppData\Local\Programs\Microsoft VS Code\bin;C:\xampp\php;C:\Users\Yassine\composer;C:\Users\Yassine\AppData\Local\GitHubDesktop\bin;C:\Users\Yassine\AppData\Local\Microsoft\WinGet\Packages\Schniz.fnm_Microsoft.Winget.Source_8wekyb3d8bbwe;C:\Users\Yassine\AppData\Roaming\npm;C:\Users\Yassine\AppData\Roaming\Composer\vendor\bin;C:\Python312\pythonw.exe;C:\Users\Yassine\AppData\Local\Programs\cursor\resources\app\bin;C:\Users\Yassine\AppData\Local\Programs\Windsurf\bin
USERNAME=Yassine
OS=Windows_NT
PROCESSOR_IDENTIFIER=Intel64 Family 6 Model 141 Stepping 1, GenuineIntel



---------------  S Y S T E M  ---------------

OS:
 Windows 11 , 64 bit Build 26100 (10.0.26100.8246)
OS uptime: 6 days 11:10 hours
Hyper-V role detected

CPU: total 16 (initial active 16) (8 cores per cpu, 2 threads per core) family 6 model 141 stepping 1 microcode 0x26, cx8, cmov, fxsr, ht, mmx, 3dnowpref, sse, sse2, sse3, ssse3, sse4.1, sse4.2, popcnt, lzcnt, tsc, tscinvbit, avx, avx2, aes, erms, clmul, bmi1, bmi2, adx, avx512f, avx512dq, avx512cd, avx512bw, avx512vl, sha, fma, vzeroupper, avx512_vpopcntdq, avx512_vpclmulqdq, avx512_vaes, avx512_vnni, clflush, clflushopt, clwb, avx512_vbmi2, avx512_vbmi, hv

Memory: 4k page, system-wide physical 7893M (432M free)
TotalPageFile size 21561M (AvailPageFile size 1M)
current process WorkingSet (physical memory assigned to process): 827M, peak: 832M
current process commit charge ("private bytes"): 938M, peak: 949M

vm_info: Java HotSpot(TM) 64-Bit Server VM (17.0.5+9-LTS-191) for windows-amd64 JRE (17.0.5+9-LTS-191), built on Sep 13 2022 17:31:43 by "mach5one" with MS VC++ 16.8 / 16.9 (VS2019)

END.
