JvmtiExport can_access_local_variables 0
JvmtiExport can_hotswap_or_post_breakpoint 0
JvmtiExport can_post_on_exceptions 0
# 281 ciObject found
ciInstanceKlass java/lang/Cloneable 1 0 7 100 1 100 1 1 1
instanceKlass java/lang/Throwable$PrintStreamOrWriter
instanceKlass sun/security/ssl/Alert$AlertConsumer
instanceKlass sun/security/ssl/PreSharedKeyExtension$SHPreSharedKeySpec
instanceKlass sun/security/ssl/SSLEngineOutputRecord$RecordMemo
instanceKlass sun/security/ssl/SSLEngineOutputRecord$HandshakeFragment
instanceKlass sun/security/ssl/PreSharedKeyExtension$CHPreSharedKeySpec
instanceKlass sun/security/ssl/PreSharedKeyExtension$PskIdentity
instanceKlass com/sun/prism/shader/DrawPgram_Color_Loader
instanceKlass javafx/scene/control/skin/CellSkinBase$StyleableProperties
instanceKlass com/sun/javafx/scene/control/behavior/ListViewBehavior$2
instanceKlass com/sun/javafx/scene/control/behavior/ListViewBehavior$1
instanceKlass javafx/scene/control/skin/ListViewSkin$1
instanceKlass javafx/collections/WeakMapChangeListener
instanceKlass javafx/scene/control/skin/VirtualFlow$3
instanceKlass javafx/scene/control/skin/VirtualFlow$2
instanceKlass javafx/scene/control/skin/VirtualFlow$1
instanceKlass javafx/scene/control/skin/ComboBoxPopupControl$1
instanceKlass com/sun/javafx/scene/control/ReadOnlyUnbackedObservableList$SelectionListIterator
instanceKlass javafx/scene/control/ListCell$3
instanceKlass javafx/scene/control/ListCell$2
instanceKlass javafx/scene/control/ListCell$1
instanceKlass javafx/scene/control/Cell$1
instanceKlass javafx/scene/control/skin/ComboBoxListViewSkin$2
instanceKlass javafx/scene/control/ListView$StyleableProperties
instanceKlass javafx/scene/control/ListView$ListViewFocusModel$1
instanceKlass java/util/BitSet$1BitSetSpliterator
instanceKlass javafx/scene/control/ListView$ListViewBitSetSelectionModel$1
instanceKlass javafx/scene/control/ListView$ListViewBitSetSelectionModel$2
instanceKlass javafx/scene/control/FocusModel
instanceKlass sun/reflect/misc/ReflectUtil
instanceKlass java/util/concurrent/atomic/AtomicReferenceFieldUpdater$AtomicReferenceFieldUpdaterImpl$1
instanceKlass java/util/concurrent/atomic/AtomicReferenceFieldUpdater
instanceKlass javafx/scene/control/skin/ComboBoxListViewSkin$1
instanceKlass com/mysql/cj/exceptions/DeadlockTimeoutRollbackMarker
instanceKlass com/mysql/cj/jdbc/exceptions/SQLError
instanceKlass com/mysql/cj/exceptions/StreamingNotifiable
instanceKlass com/mysql/cj/jdbc/exceptions/SQLExceptionsMapping
instanceKlass com/mysql/cj/exceptions/ExceptionFactory
instanceKlass com/mysql/cj/protocol/a/NumberValueEncoder$1
instanceKlass com/mysql/cj/NativeQueryBindValue
instanceKlass com/mysql/cj/BindValue
instanceKlass com/mysql/cj/NativeQueryBindings
instanceKlass com/mysql/cj/PreparedQuery
instanceKlass com/mysql/cj/QueryBindings
instanceKlass com/mysql/cj/jdbc/ParameterBindings
instanceKlass java/sql/ParameterMetaData
instanceKlass javafx/scene/control/ComboBox$ComboBoxSelectionModel$1
instanceKlass javafx/scene/control/ComboBox$ComboBoxSelectionModel$2
instanceKlass javafx/scene/control/ComboBox$3
instanceKlass javafx/util/StringConverter
instanceKlass javafx/scene/control/SelectionModel
instanceKlass otemps/entites/Categorie
instanceKlass javafx/scene/paint/Material
instanceKlass otemps/controllers/ObjetDetailsController
instanceKlass com/sun/scenario/animation/AnimationPulse$PulseData
instanceKlass com/sun/scenario/animation/AnimationPulse$PulseData$Accessor
instanceKlass com/sun/scenario/animation/AnimationPulse$AnimationPulseHolder
instanceKlass com/sun/scenario/animation/AnimationPulse
instanceKlass com/sun/scenario/animation/AnimationPulseMBean
instanceKlass javafx/animation/Animation$7
instanceKlass com/sun/javafx/tk/TKDragSourceListener
instanceKlass javafx/scene/Scene$DnDGesture
instanceKlass com/sun/glass/ui/win/WinClipboardDelegate
instanceKlass com/sun/glass/ui/Clipboard
instanceKlass jdk/internal/access/foreign/MemorySegmentProxy
instanceKlass com/sun/javafx/geom/transform/TransformHelper
instanceKlass com/sun/prism/Image$1
instanceKlass com/sun/javafx/iio/ImageFrame
instanceKlass sun/net/www/http/KeepAliveEntry
instanceKlass sun/net/www/http/KeepAliveCache$1
instanceKlass com/sun/javafx/iio/ImageMetadata
instanceKlass com/sun/javafx/iio/jpeg/JPEGImageLoader$Lock
instanceKlass com/sun/javafx/iio/common/ImageLoaderImpl
instanceKlass com/sun/javafx/iio/common/ImageTools
instanceKlass com/sun/javafx/iio/ImageFormatDescription$Signature
instanceKlass com/sun/javafx/iio/common/ImageDescriptor
instanceKlass com/sun/javafx/iio/bmp/BMPImageLoaderFactory
instanceKlass com/sun/javafx/iio/png/PNGImageLoaderFactory
instanceKlass com/sun/javafx/iio/jpeg/JPEGImageLoaderFactory
instanceKlass com/sun/javafx/iio/ImageLoader
instanceKlass com/sun/javafx/iio/ImageFormatDescription
instanceKlass com/sun/javafx/iio/gif/GIFImageLoaderFactory
instanceKlass com/sun/javafx/iio/ImageLoaderFactory
instanceKlass com/sun/javafx/iio/ImageStorage$InstanceHolder
instanceKlass com/sun/javafx/iio/ImageStorage
instanceKlass com/sun/javafx/tk/quantum/PrismImageLoader2$PrismLoadListener
instanceKlass com/sun/javafx/iio/ImageLoadListener
instanceKlass com/sun/javafx/tk/quantum/PrismImageLoader2
instanceKlass sun/net/www/http/KeepAliveStreamCleaner$2
instanceKlass sun/net/www/http/KeepAliveStreamCleaner$1
instanceKlass sun/net/www/http/Hurryable
instanceKlass sun/net/www/HeaderParser
instanceKlass javafx/util/Pair
instanceKlass java/util/EnumMap$EnumMapIterator
instanceKlass sun/net/www/protocol/http/AuthCacheImpl
instanceKlass sun/net/www/protocol/http/AuthCache
instanceKlass com/sun/javafx/scene/input/InputEventUtils
instanceKlass sun/net/www/protocol/http/AuthCacheValue
instanceKlass javafx/scene/input/PickResult
instanceKlass sun/security/ssl/TransportContext$NotifyHandshake$1
instanceKlass javafx/scene/input/MouseEvent$Flags
instanceKlass sun/security/ssl/TransportContext$NotifyHandshake
instanceKlass com/sun/crypto/provider/GaloisCounterMode$GCTRGHASH
instanceKlass sun/security/ssl/SSLBasicKeyDerivation$SecretSizeSpec
instanceKlass sun/security/ssl/SSLBasicKeyDerivation
instanceKlass sun/security/ssl/Finished$1
instanceKlass sun/security/ssl/Finished$T13VerifyDataGenerator
instanceKlass sun/security/ssl/Finished$T12VerifyDataGenerator
instanceKlass sun/security/ssl/Finished$T10VerifyDataGenerator
instanceKlass sun/security/ssl/Finished$S30VerifyDataGenerator
instanceKlass sun/security/ssl/Finished$VerifyDataGenerator
instanceKlass sun/security/rsa/MGF1
instanceKlass sun/security/ssl/X509Authentication$X509Credentials
instanceKlass sun/security/util/HostnameChecker
instanceKlass sun/security/ec/ECDSAOperations
instanceKlass sun/security/util/AnchorCertificates$1
instanceKlass sun/security/util/AnchorCertificates
instanceKlass sun/security/validator/SymantecTLSPolicy
instanceKlass java/util/RegularEnumSet$EnumSetIterator
instanceKlass sun/security/validator/CADistrustPolicy$2
instanceKlass java/util/Vector$Itr
instanceKlass java/security/cert/PKIXCertPathValidatorResult
instanceKlass java/security/cert/CertPathValidatorResult
instanceKlass sun/security/rsa/RSAPadding
instanceKlass sun/security/rsa/RSACore
instanceKlass java/security/interfaces/RSAPrivateCrtKey
instanceKlass java/security/interfaces/RSAPrivateKey
instanceKlass sun/security/util/SignatureUtil
instanceKlass java/security/interfaces/DSAPublicKey
instanceKlass java/security/interfaces/DSAKey
instanceKlass sun/security/util/Length
instanceKlass sun/security/provider/certpath/CertPathConstraintsParameters
instanceKlass sun/security/util/ConstraintsParameters
instanceKlass sun/security/provider/certpath/PKIXMasterCertPathValidator
instanceKlass sun/security/provider/certpath/PolicyNodeImpl
instanceKlass java/security/cert/PolicyNode
instanceKlass sun/security/util/UntrustedCertificates$1
instanceKlass sun/security/util/UntrustedCertificates
instanceKlass java/security/cert/X509CertSelector
instanceKlass java/security/cert/CertSelector
instanceKlass sun/security/provider/certpath/PKIX$ValidatorParams
instanceKlass sun/security/provider/certpath/PKIX
instanceKlass java/security/cert/CertPath
instanceKlass java/security/cert/CertPathValidatorSpi
instanceKlass java/security/cert/CertPathValidator
instanceKlass sun/security/util/DisabledAlgorithmConstraints$CertPathHolder
instanceKlass java/security/cert/PKIXCertPathChecker
instanceKlass java/security/cert/CertPathChecker
instanceKlass java/security/Timestamp
instanceKlass sun/security/ssl/SSLAlgorithmConstraints$SupportedSignatureAlgorithmConstraints
instanceKlass jdk/internal/icu/util/CodePointTrie$Data
instanceKlass jdk/internal/icu/util/CodePointTrie$1
instanceKlass jdk/internal/icu/util/CodePointMap
instanceKlass jdk/internal/icu/impl/NormalizerImpl$IsAcceptable
instanceKlass jdk/internal/icu/impl/NormalizerImpl
instanceKlass jdk/internal/icu/impl/Norm2AllModes$Norm2AllModesSingleton
instanceKlass jdk/internal/icu/impl/Norm2AllModes$NFKCSingleton
instanceKlass jdk/internal/icu/impl/Norm2AllModes
instanceKlass jdk/internal/icu/text/Normalizer2
instanceKlass jdk/internal/icu/text/NormalizerBase$ModeImpl
instanceKlass jdk/internal/icu/text/NormalizerBase$NFKDModeImpl
instanceKlass jdk/internal/icu/text/NormalizerBase$1
instanceKlass jdk/internal/icu/text/NormalizerBase$Mode
instanceKlass jdk/internal/icu/text/NormalizerBase
instanceKlass java/text/Normalizer
instanceKlass sun/security/pkcs/SignerInfo
instanceKlass sun/security/pkcs/PKCS9Attribute
instanceKlass sun/security/x509/AVAKeyword
instanceKlass java/security/cert/PKIXParameters
instanceKlass java/security/cert/CertPathParameters
instanceKlass sun/security/provider/certpath/CertId
instanceKlass sun/security/provider/certpath/OCSPResponse$SingleResponse
instanceKlass sun/security/provider/certpath/OCSP$RevocationStatus
instanceKlass sun/security/provider/certpath/CertPathHelper
instanceKlass sun/security/provider/certpath/ResponderId
instanceKlass java/security/cert/TrustAnchor
instanceKlass sun/security/provider/certpath/OCSPResponse
instanceKlass sun/security/validator/EndEntityChecker
instanceKlass sun/security/ssl/CertStatusExtension$CertStatusResponse
instanceKlass sun/security/ssl/CertStatusExtension$CertStatusResponseSpec
instanceKlass sun/security/validator/Validator
instanceKlass javax/net/ssl/SSLEngine
instanceKlass sun/security/ssl/CertificateMessage$CertificateEntry
instanceKlass sun/security/ssl/ServerNameExtension$SHServerNamesSpec
instanceKlass com/sun/crypto/provider/GHASH
instanceKlass com/sun/crypto/provider/GCM
instanceKlass com/sun/crypto/provider/GaloisCounterMode$GCMEngine
instanceKlass javax/crypto/spec/GCMParameterSpec
instanceKlass sun/security/ssl/ChangeCipherSpec$T13ChangeCipherSpecConsumer
instanceKlass sun/security/ssl/ChangeCipherSpec$T10ChangeCipherSpecProducer
instanceKlass sun/security/ssl/ChangeCipherSpec$T10ChangeCipherSpecConsumer
instanceKlass sun/security/ssl/ChangeCipherSpec
instanceKlass javax/crypto/spec/IvParameterSpec
instanceKlass sun/security/ssl/SSLTrafficKeyDerivation$T13TrafficKeyDerivation
instanceKlass sun/security/ssl/SSLTrafficKeyDerivation$1
instanceKlass sun/security/ssl/SSLTrafficKeyDerivation$T13TrafficKeyDerivationGenerator
instanceKlass sun/security/ssl/SSLTrafficKeyDerivation$T12TrafficKeyDerivationGenerator
instanceKlass sun/security/ssl/SSLTrafficKeyDerivation$T10TrafficKeyDerivationGenerator
instanceKlass sun/security/ssl/SSLTrafficKeyDerivation$S30TrafficKeyDerivationGenerator
instanceKlass sun/security/ssl/SSLKeyDerivationGenerator
instanceKlass sun/security/ssl/SSLSecretDerivation
instanceKlass javax/crypto/MacSpi
instanceKlass javax/crypto/Mac
instanceKlass sun/security/ssl/HKDF
instanceKlass javax/crypto/spec/SecretKeySpec$1
instanceKlass jdk/internal/access/JavaxCryptoSpecAccess
instanceKlass javax/crypto/spec/SecretKeySpec
instanceKlass javax/crypto/SecretKey
instanceKlass javax/crypto/KeyAgreementSpi
instanceKlass sun/security/ssl/KAKeyDerivation
instanceKlass sun/security/ssl/XDHKeyExchange$XDHEKAGenerator
instanceKlass sun/security/ssl/XDHKeyExchange
instanceKlass java/security/spec/XECPublicKeySpec
instanceKlass sun/security/ssl/XDHKeyExchange$XDHECredentials
instanceKlass sun/security/ssl/NamedGroupCredentials
instanceKlass sun/security/ssl/KeyShareExtension$SHKeyShareSpec
instanceKlass sun/security/ssl/HandshakeHash$CloneableHash
instanceKlass sun/security/ssl/HandshakeHash$T13HandshakeHash
instanceKlass sun/security/ssl/SupportedVersionsExtension$SHSupportedVersionsSpec
instanceKlass sun/security/ssl/TransportContext$1
instanceKlass sun/security/ssl/Plaintext
instanceKlass sun/security/ssl/OutputRecord$T13PaddingHolder
instanceKlass sun/security/ssl/KeyShareExtension$CHKeyShareSpec
instanceKlass sun/security/util/ArrayUtil
instanceKlass java/security/interfaces/ECPrivateKey
instanceKlass sun/security/ec/ECOperations
instanceKlass sun/security/ssl/ECDHKeyExchange$ECDHEPossession
instanceKlass sun/security/ssl/KeyShareExtension$KeyShareEntry
instanceKlass sun/security/ssl/XDHKeyExchange$1
instanceKlass sun/security/pkcs/PKCS8Key
instanceKlass java/security/interfaces/XECPrivateKey
instanceKlass java/security/interfaces/XECPublicKey
instanceKlass java/security/interfaces/XECKey
instanceKlass java/security/KeyPair
instanceKlass sun/security/util/math/MutableIntegerModuloP
instanceKlass sun/security/jca/JCAUtil$CachedSecureRandomHolder
instanceKlass sun/security/jca/JCAUtil
instanceKlass sun/security/ec/XECOperations
instanceKlass sun/security/ec/XECParameters
instanceKlass sun/security/ssl/XDHKeyExchange$XDHEPossession
instanceKlass sun/security/ssl/ECDHKeyExchange$ECDHEXDHKAGenerator
instanceKlass sun/security/ssl/ECDHKeyExchange$ECDHEKAGenerator
instanceKlass sun/security/ssl/ECDHKeyExchange$ECDHKAGenerator
instanceKlass sun/security/ssl/ECDHKeyExchange$ECDHEPossessionGenerator
instanceKlass sun/security/ssl/ECDHKeyExchange
instanceKlass sun/security/ssl/DHKeyExchange$DHEKAGenerator
instanceKlass sun/security/ssl/DHKeyExchange$DHEPossessionGenerator
instanceKlass sun/security/ssl/DHKeyExchange
instanceKlass sun/security/ssl/RSAKeyExchange$RSAKAGenerator
instanceKlass sun/security/ssl/RSAKeyExchange$EphemeralRSAPossessionGenerator
instanceKlass sun/security/ssl/RSAKeyExchange
instanceKlass sun/security/ssl/SSLKeyExchange$T13KeyAgreement
instanceKlass sun/security/ssl/SSLKeyAgreement
instanceKlass sun/security/ssl/SSLPossessionGenerator
instanceKlass sun/security/ssl/SSLKeyExchange
instanceKlass sun/security/ssl/SSLHandshakeBinding
instanceKlass sun/security/ssl/SSLKeyAgreementGenerator
instanceKlass sun/security/ssl/PskKeyExchangeModesExtension$PskKeyExchangeModesSpec
instanceKlass sun/security/ssl/SupportedVersionsExtension$CHSupportedVersionsSpec
instanceKlass sun/security/ssl/SignatureAlgorithmsExtension$SignatureSchemesSpec
instanceKlass sun/security/ssl/SessionTicketExtension$SessionTicketSpec
instanceKlass sun/security/ssl/ExtendedMasterSecretExtension$ExtendedMasterSecretSpec
instanceKlass sun/security/ssl/CertStatusExtension$CertStatusRequestV2Spec
instanceKlass sun/security/ssl/ECPointFormatsExtension$ECPointFormatsSpec
instanceKlass sun/security/ssl/SupportedGroupsExtension$SupportedGroupsSpec
instanceKlass sun/security/ssl/CertStatusExtension$CertStatusRequest
instanceKlass sun/security/ssl/CertStatusExtension$CertStatusRequestSpec
instanceKlass sun/security/ssl/ServerNameExtension$CHServerNamesSpec
instanceKlass sun/security/ssl/SSLExtension$SSLExtensionSpec
instanceKlass sun/security/ssl/SSLExtension$ClientExtensions
instanceKlass sun/security/ssl/PreSharedKeyExtension$SHPreSharedKeyStringizer
instanceKlass sun/security/ssl/PreSharedKeyExtension$SHPreSharedKeyAbsence
instanceKlass sun/security/ssl/PreSharedKeyExtension$SHPreSharedKeyConsumer
instanceKlass sun/security/ssl/PreSharedKeyExtension$SHPreSharedKeyProducer
instanceKlass sun/security/ssl/PreSharedKeyExtension$CHPreSharedKeyStringizer
instanceKlass sun/security/ssl/PreSharedKeyExtension$CHPreSharedKeyOnTradeAbsence
instanceKlass sun/security/ssl/PreSharedKeyExtension$CHPreSharedKeyUpdate
instanceKlass sun/security/ssl/PreSharedKeyExtension$CHPreSharedKeyOnLoadAbsence
instanceKlass sun/security/ssl/PreSharedKeyExtension$CHPreSharedKeyConsumer
instanceKlass sun/security/ssl/PreSharedKeyExtension$CHPreSharedKeyProducer
instanceKlass sun/security/ssl/PreSharedKeyExtension
instanceKlass sun/security/ssl/RenegoInfoExtension$RenegotiationInfoStringizer
instanceKlass sun/security/ssl/RenegoInfoExtension$SHRenegotiationInfoAbsence
instanceKlass sun/security/ssl/RenegoInfoExtension$SHRenegotiationInfoConsumer
instanceKlass sun/security/ssl/RenegoInfoExtension$SHRenegotiationInfoProducer
instanceKlass sun/security/ssl/RenegoInfoExtension$CHRenegotiationInfoAbsence
instanceKlass sun/security/ssl/RenegoInfoExtension$CHRenegotiationInfoConsumer
instanceKlass sun/security/ssl/RenegoInfoExtension$CHRenegotiationInfoProducer
instanceKlass sun/security/ssl/RenegoInfoExtension
instanceKlass sun/security/ssl/KeyShareExtension$HRRKeyShareStringizer
instanceKlass sun/security/ssl/KeyShareExtension$HRRKeyShareReproducer
instanceKlass sun/security/ssl/KeyShareExtension$HRRKeyShareConsumer
instanceKlass sun/security/ssl/KeyShareExtension$HRRKeyShareProducer
instanceKlass sun/security/ssl/KeyShareExtension$SHKeyShareStringizer
instanceKlass sun/security/ssl/KeyShareExtension$SHKeyShareAbsence
instanceKlass sun/security/ssl/KeyShareExtension$SHKeyShareConsumer
instanceKlass sun/security/ssl/KeyShareExtension$SHKeyShareProducer
instanceKlass sun/security/ssl/KeyShareExtension$CHKeyShareStringizer
instanceKlass sun/security/ssl/KeyShareExtension$CHKeyShareOnTradeAbsence
instanceKlass sun/security/ssl/KeyShareExtension$CHKeyShareConsumer
instanceKlass sun/security/ssl/KeyShareExtension$CHKeyShareProducer
instanceKlass sun/security/ssl/KeyShareExtension
instanceKlass sun/security/ssl/CertSignAlgsExtension$CertSignatureSchemesStringizer
instanceKlass sun/security/ssl/CertSignAlgsExtension$CRCertSignatureSchemesUpdate
instanceKlass sun/security/ssl/CertSignAlgsExtension$CRCertSignatureSchemesConsumer
instanceKlass sun/security/ssl/CertSignAlgsExtension$CRCertSignatureSchemesProducer
instanceKlass sun/security/ssl/CertSignAlgsExtension$CHCertSignatureSchemesUpdate
instanceKlass sun/security/ssl/CertSignAlgsExtension$CHCertSignatureSchemesConsumer
instanceKlass sun/security/ssl/CertSignAlgsExtension$CHCertSignatureSchemesProducer
instanceKlass sun/security/ssl/CertSignAlgsExtension
instanceKlass sun/security/ssl/CertificateAuthoritiesExtension$CertificateAuthoritiesStringizer
instanceKlass sun/security/ssl/CertificateAuthoritiesExtension$CRCertificateAuthoritiesConsumer
instanceKlass sun/security/ssl/CertificateAuthoritiesExtension$CRCertificateAuthoritiesProducer
instanceKlass sun/security/ssl/CertificateAuthoritiesExtension$CHCertificateAuthoritiesConsumer
instanceKlass sun/security/ssl/CertificateAuthoritiesExtension$CHCertificateAuthoritiesProducer
instanceKlass sun/security/ssl/CertificateAuthoritiesExtension
instanceKlass sun/security/ssl/PskKeyExchangeModesExtension$PskKeyExchangeModesStringizer
instanceKlass sun/security/ssl/PskKeyExchangeModesExtension$PskKeyExchangeModesOnTradeAbsence
instanceKlass sun/security/ssl/PskKeyExchangeModesExtension$PskKeyExchangeModesOnLoadAbsence
instanceKlass sun/security/ssl/PskKeyExchangeModesExtension$PskKeyExchangeModesConsumer
instanceKlass sun/security/ssl/PskKeyExchangeModesExtension$PskKeyExchangeModesProducer
instanceKlass sun/security/ssl/PskKeyExchangeModesExtension
instanceKlass sun/security/ssl/CookieExtension$CookieStringizer
instanceKlass sun/security/ssl/CookieExtension$HRRCookieReproducer
instanceKlass sun/security/ssl/CookieExtension$HRRCookieConsumer
instanceKlass sun/security/ssl/CookieExtension$HRRCookieProducer
instanceKlass sun/security/ssl/CookieExtension$CHCookieUpdate
instanceKlass sun/security/ssl/CookieExtension$CHCookieConsumer
instanceKlass sun/security/ssl/CookieExtension$CHCookieProducer
instanceKlass sun/security/ssl/CookieExtension
instanceKlass sun/security/ssl/SupportedVersionsExtension$HRRSupportedVersionsReproducer
instanceKlass sun/security/ssl/SupportedVersionsExtension$HRRSupportedVersionsConsumer
instanceKlass sun/security/ssl/SupportedVersionsExtension$HRRSupportedVersionsProducer
instanceKlass sun/security/ssl/SupportedVersionsExtension$SHSupportedVersionsStringizer
instanceKlass sun/security/ssl/SupportedVersionsExtension$SHSupportedVersionsConsumer
instanceKlass sun/security/ssl/SupportedVersionsExtension$SHSupportedVersionsProducer
instanceKlass sun/security/ssl/SupportedVersionsExtension$CHSupportedVersionsStringizer
instanceKlass sun/security/ssl/SupportedVersionsExtension$CHSupportedVersionsConsumer
instanceKlass sun/security/ssl/SupportedVersionsExtension$CHSupportedVersionsProducer
instanceKlass sun/security/ssl/SupportedVersionsExtension
instanceKlass sun/security/ssl/SignatureAlgorithmsExtension$SignatureSchemesStringizer
instanceKlass sun/security/ssl/SignatureAlgorithmsExtension$CRSignatureSchemesUpdate
instanceKlass sun/security/ssl/SignatureAlgorithmsExtension$CRSignatureSchemesAbsence
instanceKlass sun/security/ssl/SignatureAlgorithmsExtension$CRSignatureSchemesConsumer
instanceKlass sun/security/ssl/SignatureAlgorithmsExtension$CRSignatureSchemesProducer
instanceKlass sun/security/ssl/SignatureAlgorithmsExtension$CHSignatureSchemesOnTradeAbsence
instanceKlass sun/security/ssl/SignatureAlgorithmsExtension$CHSignatureSchemesUpdate
instanceKlass sun/security/ssl/SignatureAlgorithmsExtension$CHSignatureSchemesOnLoadAbsence
instanceKlass sun/security/ssl/SignatureAlgorithmsExtension$CHSignatureSchemesConsumer
instanceKlass sun/security/ssl/SignatureAlgorithmsExtension$CHSignatureSchemesProducer
instanceKlass sun/security/ssl/SignatureAlgorithmsExtension
instanceKlass sun/security/ssl/SessionTicketExtension$SessionTicketStringizer
instanceKlass sun/security/ssl/SessionTicketExtension$T12SHSessionTicketConsumer
instanceKlass sun/security/ssl/SessionTicketExtension$T12CHSessionTicketConsumer
instanceKlass sun/security/ssl/SessionTicketExtension
instanceKlass sun/security/ssl/ExtendedMasterSecretExtension$ExtendedMasterSecretStringizer
instanceKlass sun/security/ssl/ExtendedMasterSecretExtension$SHExtendedMasterSecretAbsence
instanceKlass sun/security/ssl/ExtendedMasterSecretExtension$SHExtendedMasterSecretConsumer
instanceKlass sun/security/ssl/ExtendedMasterSecretExtension$SHExtendedMasterSecretProducer
instanceKlass sun/security/ssl/ExtendedMasterSecretExtension$CHExtendedMasterSecretAbsence
instanceKlass sun/security/ssl/ExtendedMasterSecretExtension$CHExtendedMasterSecretConsumer
instanceKlass sun/security/ssl/ExtendedMasterSecretExtension$CHExtendedMasterSecretProducer
instanceKlass sun/security/ssl/ExtendedMasterSecretExtension
instanceKlass sun/security/ssl/AlpnExtension$AlpnStringizer
instanceKlass sun/security/ssl/AlpnExtension$SHAlpnAbsence
instanceKlass sun/security/ssl/AlpnExtension$SHAlpnConsumer
instanceKlass sun/security/ssl/AlpnExtension$SHAlpnProducer
instanceKlass sun/security/ssl/AlpnExtension$CHAlpnAbsence
instanceKlass sun/security/ssl/AlpnExtension$CHAlpnConsumer
instanceKlass sun/security/ssl/AlpnExtension$CHAlpnProducer
instanceKlass sun/security/ssl/AlpnExtension
instanceKlass sun/security/ssl/ECPointFormatsExtension$ECPointFormatsStringizer
instanceKlass sun/security/ssl/ECPointFormatsExtension$SHECPointFormatsConsumer
instanceKlass sun/security/ssl/ECPointFormatsExtension$CHECPointFormatsConsumer
instanceKlass sun/security/ssl/ECPointFormatsExtension$CHECPointFormatsProducer
instanceKlass sun/security/ssl/ECPointFormatsExtension
instanceKlass sun/security/ssl/SupportedGroupsExtension$EESupportedGroupsConsumer
instanceKlass sun/security/ssl/SupportedGroupsExtension$SupportedGroupsStringizer
instanceKlass sun/security/ssl/SupportedGroupsExtension$CHSupportedGroupsOnTradeAbsence
instanceKlass sun/security/ssl/SupportedGroupsExtension$CHSupportedGroupsConsumer
instanceKlass sun/security/ssl/SupportedGroupsExtension
instanceKlass sun/security/ssl/CertStatusExtension$CertStatusRespStringizer
instanceKlass sun/security/ssl/CertStatusExtension$CertStatusRequestsStringizer
instanceKlass sun/security/ssl/CertStatusExtension$SHCertStatusReqV2Consumer
instanceKlass sun/security/ssl/CertStatusExtension$SHCertStatusReqV2Producer
instanceKlass sun/security/ssl/CertStatusExtension$CHCertStatusReqV2Consumer
instanceKlass sun/security/ssl/CertStatusExtension$CHCertStatusReqV2Producer
instanceKlass sun/security/ssl/CertStatusExtension$CertStatusRequestStringizer
instanceKlass sun/security/ssl/CertStatusExtension$CTCertStatusResponseConsumer
instanceKlass sun/security/ssl/CertStatusExtension$CTCertStatusResponseProducer
instanceKlass sun/security/ssl/CertStatusExtension$SHCertStatusReqConsumer
instanceKlass sun/security/ssl/CertStatusExtension$SHCertStatusReqProducer
instanceKlass sun/security/ssl/CertStatusExtension$CHCertStatusReqConsumer
instanceKlass sun/security/ssl/CertStatusExtension$CHCertStatusReqProducer
instanceKlass sun/security/ssl/CertStatusExtension
instanceKlass sun/security/ssl/MaxFragExtension$MaxFragLenStringizer
instanceKlass sun/security/ssl/MaxFragExtension$EEMaxFragmentLengthUpdate
instanceKlass sun/security/ssl/MaxFragExtension$EEMaxFragmentLengthConsumer
instanceKlass sun/security/ssl/MaxFragExtension$EEMaxFragmentLengthProducer
instanceKlass sun/security/ssl/MaxFragExtension$SHMaxFragmentLengthUpdate
instanceKlass sun/security/ssl/MaxFragExtension$SHMaxFragmentLengthConsumer
instanceKlass sun/security/ssl/MaxFragExtension$SHMaxFragmentLengthProducer
instanceKlass sun/security/ssl/MaxFragExtension$CHMaxFragmentLengthConsumer
instanceKlass sun/security/ssl/MaxFragExtension$CHMaxFragmentLengthProducer
instanceKlass sun/security/ssl/MaxFragExtension
instanceKlass sun/security/ssl/ServerNameExtension$EEServerNameConsumer
instanceKlass sun/security/ssl/ServerNameExtension$EEServerNameProducer
instanceKlass sun/security/ssl/ServerNameExtension$SHServerNamesStringizer
instanceKlass sun/security/ssl/ServerNameExtension$SHServerNameConsumer
instanceKlass sun/security/ssl/ServerNameExtension$SHServerNameProducer
instanceKlass sun/security/ssl/ServerNameExtension$CHServerNamesStringizer
instanceKlass sun/security/ssl/ServerNameExtension$CHServerNameConsumer
instanceKlass sun/security/ssl/SSLExtension$ExtensionConsumer
instanceKlass sun/security/ssl/ServerNameExtension$CHServerNameProducer
instanceKlass sun/security/ssl/ServerNameExtension
instanceKlass sun/security/ssl/SSLStringizer
instanceKlass sun/security/ssl/SSLExtensions
instanceKlass sun/security/ssl/SSLHandshake$HandshakeMessage
instanceKlass sun/security/ssl/RandomCookie
instanceKlass java/lang/Byte$ByteCache
instanceKlass java/util/ComparableTimSort
instanceKlass sun/security/util/KeyUtil
instanceKlass sun/security/ssl/SupportedGroupsExtension$SupportedGroups
instanceKlass sun/security/ssl/SSLKeyDerivation
instanceKlass sun/security/ssl/SSLCredentials
instanceKlass sun/security/ssl/NamedGroupPossession
instanceKlass sun/security/ssl/SSLPossession
instanceKlass sun/security/ssl/HandshakeContext
instanceKlass sun/security/ssl/SSLConfiguration$1
instanceKlass javax/net/ssl/SSLParameters
instanceKlass sun/net/www/protocol/http/AuthenticatorKeys
instanceKlass jdk/internal/icu/lang/UCharacter
instanceKlass jdk/internal/icu/impl/Trie
instanceKlass jdk/internal/icu/text/StringPrep$StringPrepTrieImpl
instanceKlass jdk/internal/icu/impl/Trie$DataManipulate
instanceKlass jdk/internal/icu/impl/StringPrepDataReader
instanceKlass jdk/internal/icu/text/StringPrep
instanceKlass java/net/IDN
instanceKlass javax/net/ssl/SNIServerName
instanceKlass java/util/concurrent/atomic/Striped64$Cell
instanceKlass java/util/concurrent/atomic/Striped64$1
instanceKlass jdk/internal/util/random/RandomSupport
instanceKlass java/net/InetAddress$CachedAddresses
instanceKlass sun/net/InetAddressCachePolicy$2
instanceKlass sun/net/InetAddressCachePolicy$1
instanceKlass sun/net/InetAddressCachePolicy
instanceKlass java/net/InetAddress$NameServiceAddresses
instanceKlass java/net/InetAddress$Addresses
instanceKlass java/util/concurrent/ConcurrentSkipListMap$Iter
instanceKlass sun/security/ssl/SessionId
instanceKlass java/security/spec/MGF1ParameterSpec
instanceKlass sun/security/ec/ParametersMap$1
instanceKlass sun/security/ec/ed/EdDSAParameters$SHAKE256DigesterFactory
instanceKlass sun/security/ec/point/ProjectivePoint
instanceKlass sun/security/ec/ed/EdDSAParameters$Digester
instanceKlass sun/security/ec/ed/EdDSAParameters$SHA512DigesterFactory
instanceKlass sun/security/ec/point/ExtendedHomogeneousPoint
instanceKlass sun/security/ec/point/AffinePoint
instanceKlass sun/security/util/math/intpoly/IntegerPolynomial$Limb
instanceKlass sun/security/util/math/SmallValue
instanceKlass sun/security/ec/point/MutablePoint
instanceKlass sun/security/ec/point/ImmutablePoint
instanceKlass sun/security/util/math/intpoly/IntegerPolynomial$Element
instanceKlass sun/security/util/math/ImmutableIntegerModuloP
instanceKlass sun/security/util/math/IntegerModuloP
instanceKlass java/math/MutableBigInteger
instanceKlass sun/security/util/math/intpoly/IntegerPolynomial
instanceKlass sun/security/ec/ParametersMap
instanceKlass sun/security/ec/ed/EdECOperations
instanceKlass sun/security/ec/ed/EdDSAParameters$DigesterFactory
instanceKlass sun/security/util/math/IntegerFieldModuloP
instanceKlass sun/security/ec/ed/EdDSAParameters
instanceKlass java/security/spec/EdDSAParameterSpec
instanceKlass sun/security/ec/ed/EdDSASignature$MessageAccumulator
instanceKlass javax/crypto/spec/DHParameterSpec
instanceKlass sun/security/ssl/PredefinedDHParameterSpecs$1
instanceKlass sun/security/ssl/PredefinedDHParameterSpecs
instanceKlass com/sun/security/sasl/Provider$1
instanceKlass sun/security/mscapi/SunMSCAPI$2
instanceKlass sun/security/mscapi/SunMSCAPI$1
instanceKlass sun/security/smartcardio/SunPCSC$1
instanceKlass sun/security/pkcs11/SunPKCS11$Descriptor
instanceKlass javax/security/auth/Subject
instanceKlass org/jcp/xml/dsig/internal/dom/XMLDSigRI$2
instanceKlass org/jcp/xml/dsig/internal/dom/XMLDSigRI$1
instanceKlass com/sun/security/sasl/gsskerb/JdkSASL$1
instanceKlass sun/security/jgss/SunProvider$1
instanceKlass javax/net/ssl/ExtendedSSLSession
instanceKlass javax/net/ssl/SSLSession
instanceKlass sun/security/ssl/SSLConfiguration$CustomizedClientSignatureSchemes
instanceKlass javax/crypto/KeyGeneratorSpi
instanceKlass javax/crypto/KeyGenerator
instanceKlass sun/security/ssl/SSLConfiguration
instanceKlass sun/security/ssl/SSLCipher$SSLWriteCipher
instanceKlass sun/security/ssl/KeyUpdate$KeyUpdateProducer
instanceKlass sun/security/ssl/KeyUpdate$KeyUpdateConsumer
instanceKlass sun/security/ssl/KeyUpdate$KeyUpdateKickstartProducer
instanceKlass sun/security/ssl/KeyUpdate
instanceKlass sun/security/ssl/CertificateStatus$CertificateStatusAbsence
instanceKlass sun/security/ssl/HandshakeAbsence
instanceKlass sun/security/ssl/CertificateStatus$CertificateStatusProducer
instanceKlass sun/security/ssl/CertificateStatus$CertificateStatusConsumer
instanceKlass sun/security/ssl/CertificateStatus
instanceKlass sun/security/ssl/Finished$T13FinishedProducer
instanceKlass sun/security/ssl/Finished$T13FinishedConsumer
instanceKlass sun/security/ssl/Finished$T12FinishedProducer
instanceKlass sun/security/ssl/Finished$T12FinishedConsumer
instanceKlass sun/security/ssl/Finished
instanceKlass sun/security/ssl/ClientKeyExchange$ClientKeyExchangeProducer
instanceKlass sun/security/ssl/ClientKeyExchange$ClientKeyExchangeConsumer
instanceKlass sun/security/ssl/ClientKeyExchange
instanceKlass sun/security/ssl/CertificateVerify$T13CertificateVerifyProducer
instanceKlass sun/security/ssl/CertificateVerify$T13CertificateVerifyConsumer
instanceKlass sun/security/ssl/CertificateVerify$T12CertificateVerifyProducer
instanceKlass sun/security/ssl/CertificateVerify$T12CertificateVerifyConsumer
instanceKlass sun/security/ssl/CertificateVerify$T10CertificateVerifyProducer
instanceKlass sun/security/ssl/CertificateVerify$T10CertificateVerifyConsumer
instanceKlass sun/security/ssl/CertificateVerify$S30CertificateVerifyProducer
instanceKlass sun/security/ssl/CertificateVerify$S30CertificateVerifyConsumer
instanceKlass sun/security/ssl/CertificateVerify
instanceKlass sun/security/ssl/ServerHelloDone$ServerHelloDoneProducer
instanceKlass sun/security/ssl/ServerHelloDone$ServerHelloDoneConsumer
instanceKlass sun/security/ssl/ServerHelloDone
instanceKlass sun/security/ssl/CertificateRequest$T13CertificateRequestProducer
instanceKlass sun/security/ssl/CertificateRequest$T13CertificateRequestConsumer
instanceKlass sun/security/ssl/CertificateRequest$T12CertificateRequestProducer
instanceKlass sun/security/ssl/CertificateRequest$T12CertificateRequestConsumer
instanceKlass sun/security/ssl/CertificateRequest$T10CertificateRequestProducer
instanceKlass sun/security/ssl/CertificateRequest$T10CertificateRequestConsumer
instanceKlass sun/security/ssl/CertificateRequest
instanceKlass sun/security/ssl/ServerKeyExchange$ServerKeyExchangeProducer
instanceKlass sun/security/ssl/ServerKeyExchange$ServerKeyExchangeConsumer
instanceKlass sun/security/ssl/ServerKeyExchange
instanceKlass sun/security/ssl/CertificateMessage$T13CertificateProducer
instanceKlass sun/security/ssl/CertificateMessage$T13CertificateConsumer
instanceKlass sun/security/ssl/CertificateMessage$T12CertificateProducer
instanceKlass sun/security/ssl/CertificateMessage$T12CertificateConsumer
instanceKlass sun/security/ssl/CertificateMessage
instanceKlass sun/security/ssl/EncryptedExtensions$EncryptedExtensionsConsumer
instanceKlass sun/security/ssl/EncryptedExtensions$EncryptedExtensionsProducer
instanceKlass sun/security/ssl/EncryptedExtensions
instanceKlass sun/security/ssl/NewSessionTicket$T12NewSessionTicketProducer
instanceKlass sun/security/ssl/NewSessionTicket$T13NewSessionTicketProducer
instanceKlass sun/security/ssl/NewSessionTicket$T12NewSessionTicketConsumer
instanceKlass sun/security/ssl/NewSessionTicket$T13NewSessionTicketConsumer
instanceKlass sun/security/ssl/NewSessionTicket
instanceKlass sun/security/ssl/HelloVerifyRequest$HelloVerifyRequestProducer
instanceKlass sun/security/ssl/HelloVerifyRequest$HelloVerifyRequestConsumer
instanceKlass sun/security/ssl/HelloVerifyRequest
instanceKlass sun/security/ssl/ServerHello$T13HelloRetryRequestConsumer
instanceKlass sun/security/ssl/ServerHello$T13ServerHelloConsumer
instanceKlass sun/security/ssl/ServerHello$T12ServerHelloConsumer
instanceKlass sun/security/ssl/ServerHello$T13HelloRetryRequestReproducer
instanceKlass sun/security/ssl/ServerHello$T13HelloRetryRequestProducer
instanceKlass sun/security/ssl/ServerHello$T13ServerHelloProducer
instanceKlass sun/security/ssl/ServerHello$T12ServerHelloProducer
instanceKlass sun/security/ssl/ServerHello$ServerHelloConsumer
instanceKlass sun/security/ssl/ServerHello
instanceKlass sun/security/ssl/ClientHello$D13ClientHelloConsumer
instanceKlass sun/security/ssl/ClientHello$D12ClientHelloConsumer
instanceKlass sun/security/ssl/ClientHello$T13ClientHelloConsumer
instanceKlass sun/security/ssl/ClientHello$T12ClientHelloConsumer
instanceKlass sun/security/ssl/HandshakeConsumer
instanceKlass sun/security/ssl/ClientHello$ClientHelloProducer
instanceKlass sun/security/ssl/ClientHello$ClientHelloConsumer
instanceKlass sun/security/ssl/ClientHello$ClientHelloKickstartProducer
instanceKlass sun/security/ssl/ClientHello
instanceKlass sun/security/ssl/HelloRequest$HelloRequestProducer
instanceKlass sun/security/ssl/HelloRequest$HelloRequestConsumer
instanceKlass sun/security/ssl/HelloRequest$HelloRequestKickstartProducer
instanceKlass sun/security/ssl/SSLProducer
instanceKlass sun/security/ssl/HelloRequest
instanceKlass sun/security/ssl/HandshakeProducer
instanceKlass sun/security/ssl/SSLConsumer
instanceKlass sun/security/ssl/Authenticator$MacImpl
instanceKlass sun/security/ssl/Authenticator$MAC
instanceKlass sun/security/ssl/Authenticator
instanceKlass sun/security/ssl/SSLCipher$SSLReadCipher
instanceKlass sun/security/ssl/InputRecord
instanceKlass sun/security/ssl/SSLRecord
instanceKlass sun/security/ssl/Record
instanceKlass sun/security/ssl/TransportContext
instanceKlass sun/security/ssl/ConnectionContext
instanceKlass sun/security/ssl/HandshakeHash$CacheOnlyHash
instanceKlass sun/security/ssl/HandshakeHash$TranscriptHash
instanceKlass sun/security/ssl/HandshakeHash
instanceKlass sun/security/ssl/SSLTransport
instanceKlass sun/net/www/http/KeepAliveKey
instanceKlass sun/net/NetworkClient$1
instanceKlass sun/net/NetworkClient
instanceKlass javax/net/ssl/HandshakeCompletedListener
instanceKlass sun/net/www/protocol/http/HttpURLConnection$7
instanceKlass java/net/ResponseCache
instanceKlass sun/net/www/protocol/http/HttpURLConnection$3
instanceKlass java/net/CookieHandler
instanceKlass sun/net/www/protocol/http/HttpURLConnection$2
instanceKlass com/sun/prism/shader/Texture_LinearGradient_PAD_Loader
instanceKlass sun/security/provider/AbstractDrbg$NonceProvider
instanceKlass java/nio/file/Files$AcceptAllFilter
instanceKlass com/sun/scenario/effect/impl/BufferUtil
instanceKlass com/sun/scenario/effect/impl/state/BoxRenderState$1
instanceKlass com/sun/javafx/sg/prism/NodeEffectInput$1
instanceKlass com/sun/scenario/effect/impl/prism/PrRenderInfo
instanceKlass com/sun/scenario/effect/ImageDataRenderer
instanceKlass com/sun/prism/shader/FillPgram_LinearGradient_PAD_Loader
instanceKlass com/sun/prism/Image$Serial
instanceKlass javafx/scene/image/PixelFormat
instanceKlass com/sun/prism/Image$Accessor
instanceKlass com/sun/prism/Image
instanceKlass com/sun/prism/impl/ps/PaintHelper
instanceKlass com/sun/prism/paint/Stop
instanceKlass com/sun/javafx/sg/prism/RegionImageCache$CachedImage
instanceKlass com/sun/prism/impl/BaseResourceFactory$1
instanceKlass com/sun/javafx/sg/prism/RegionImageCache
instanceKlass com/sun/prism/shader/Solid_TextureRGB_Loader
instanceKlass com/sun/prism/impl/ps/BaseShaderContext$1
instanceKlass com/sun/prism/MultiTexture
instanceKlass java/net/NetworkInterface$1
instanceKlass com/sun/prism/shader/DrawRoundRect_Color_Loader
instanceKlass com/sun/javafx/geom/transform/AffineBase$1
instanceKlass com/sun/scenario/effect/impl/prism/ps/PPSRenderer$2
instanceKlass com/sun/scenario/effect/impl/prism/ps/PPSRenderer$1
instanceKlass com/sun/scenario/effect/impl/ImagePool
instanceKlass com/sun/scenario/effect/impl/hw/d3d/D3DShaderSource
instanceKlass com/sun/scenario/effect/impl/hw/ShaderSource
instanceKlass com/sun/scenario/effect/FloatMap
instanceKlass com/sun/scenario/effect/ImageData
instanceKlass com/sun/scenario/effect/impl/EffectPeer
instanceKlass com/sun/prism/ResourceFactoryListener
instanceKlass com/sun/prism/d3d/D3DPipeline$1
instanceKlass com/sun/scenario/effect/impl/prism/PrTexture
instanceKlass com/sun/scenario/effect/impl/PoolFilterable
instanceKlass com/sun/scenario/effect/impl/RendererFactory
instanceKlass com/sun/scenario/effect/impl/Renderer
instanceKlass com/sun/javafx/geom/transform/Affine2D$1
instanceKlass com/sun/scenario/effect/impl/prism/PrEffectHelper
instanceKlass java/net/DefaultInterface
instanceKlass java/net/InterfaceAddress
instanceKlass sun/security/provider/ByteArrayAccess$BE
instanceKlass sun/security/provider/SeedGenerator$1
instanceKlass com/sun/prism/shader/FillRoundRect_Color_Loader
instanceKlass sun/security/provider/SeedGenerator
instanceKlass sun/security/provider/AbstractDrbg$SeederHolder
instanceKlass java/security/DrbgParameters$NextBytes
instanceKlass com/sun/javafx/image/impl/BaseByteToByteConverter
instanceKlass com/sun/javafx/image/impl/ByteGray$Accessor
instanceKlass sun/security/provider/EntropySource
instanceKlass com/sun/javafx/image/BytePixelAccessor
instanceKlass sun/security/provider/AbstractDrbg
instanceKlass com/sun/javafx/image/ByteToBytePixelConverter
instanceKlass com/sun/javafx/image/PixelConverter
instanceKlass java/security/DrbgParameters$Instantiation
instanceKlass com/sun/javafx/image/BytePixelSetter
instanceKlass java/security/DrbgParameters
instanceKlass com/sun/javafx/image/PixelSetter
instanceKlass sun/security/provider/MoreDrbgParameters
instanceKlass com/sun/javafx/image/BytePixelGetter
instanceKlass com/sun/javafx/image/PixelGetter
instanceKlass java/security/SecureRandomSpi
instanceKlass com/sun/javafx/image/impl/ByteGray
instanceKlass java/security/SecureRandomParameters
instanceKlass javax/net/ssl/X509ExtendedKeyManager
instanceKlass javax/net/ssl/X509KeyManager
instanceKlass javax/net/ssl/KeyManager
instanceKlass com/sun/prism/shader/Texture_Color_Loader
instanceKlass javax/net/ssl/KeyManagerFactorySpi
instanceKlass javax/net/ssl/KeyManagerFactory$1
instanceKlass javax/net/ssl/KeyManagerFactory
instanceKlass com/sun/marlin/ArrayCacheConst
instanceKlass sun/security/ssl/SSLContextImpl$DefaultManagersHolder$1
instanceKlass javax/net/ssl/X509ExtendedTrustManager
instanceKlass javax/net/ssl/X509TrustManager
instanceKlass com/sun/marlin/MaskMarlinAlphaConsumer
instanceKlass sun/security/validator/TrustStoreUtil
instanceKlass com/sun/marlin/Helpers
instanceKlass com/sun/prism/impl/shape/DMarlinPrismUtils
instanceKlass com/sun/marlin/DPQSSorterContext
instanceKlass com/sun/marlin/Dasher$LengthIterator
instanceKlass com/sun/marlin/Dasher
instanceKlass com/sun/marlin/Stroker
instanceKlass com/sun/marlin/ArrayCacheIntClean$Reference
instanceKlass com/sun/marlin/RendererContext$RendererSharedMemory
instanceKlass com/sun/marlin/ArrayCacheInt$Reference
instanceKlass sun/security/x509/AccessDescription
instanceKlass com/sun/marlin/Helpers$IndexStack
instanceKlass com/sun/marlin/TransformingPathConsumer2D$PathClipFilter
instanceKlass com/sun/marlin/TransformingPathConsumer2D$StartFlagPathConsumer2D
instanceKlass com/sun/marlin/ArrayCacheByte$Reference
instanceKlass com/sun/marlin/ArrayCacheDouble$Reference
instanceKlass com/sun/marlin/Helpers$PolyStack
instanceKlass com/sun/marlin/TransformingPathConsumer2D$ClosedPathDetector
instanceKlass com/sun/marlin/TransformingPathConsumer2D$PathTracer
instanceKlass com/sun/marlin/TransformingPathConsumer2D$DeltaTransformFilter
instanceKlass com/sun/marlin/TransformingPathConsumer2D$DeltaScaleFilter
instanceKlass com/sun/marlin/TransformingPathConsumer2D$Path2DWrapper
instanceKlass com/sun/marlin/TransformingPathConsumer2D
instanceKlass com/sun/marlin/TransformingPathConsumer2D$CurveClipSplitter
instanceKlass com/sun/marlin/TransformingPathConsumer2D$CurveBasicMonotonizer
instanceKlass com/sun/marlin/ArrayCacheByte
instanceKlass com/sun/marlin/ArrayCacheDouble
instanceKlass com/sun/marlin/ArrayCacheInt
instanceKlass com/sun/marlin/ArrayCacheIntClean
instanceKlass com/sun/marlin/PathSimplifier
instanceKlass com/sun/marlin/CollinearSimplifier
instanceKlass com/sun/marlin/Curve
instanceKlass sun/security/x509/RFC822Name
instanceKlass sun/security/x509/NetscapeCertTypeExtension$MapEntry
instanceKlass sun/security/x509/DNSName
instanceKlass sun/security/x509/URIName
instanceKlass sun/security/x509/DistributionPoint
instanceKlass sun/misc/Unsafe
instanceKlass com/sun/marlin/OffHeapArray$1
instanceKlass java/security/cert/PolicyQualifierInfo
instanceKlass com/sun/marlin/OffHeapArray
instanceKlass sun/security/x509/CertificatePolicyId
instanceKlass sun/security/x509/PolicyInformation
instanceKlass com/sun/marlin/MergeSort
instanceKlass java/security/interfaces/ECPublicKey
instanceKlass sun/security/x509/GeneralName
instanceKlass jdk/internal/event/EventHelper
instanceKlass com/sun/marlin/Version
instanceKlass jdk/internal/event/Event
instanceKlass sun/security/util/MemoryCache$CacheEntry
instanceKlass sun/security/x509/X509AttributeName
instanceKlass jdk/internal/ref/CleanerImpl$InnocuousThreadFactory
instanceKlass sun/security/x509/GeneralNames
instanceKlass com/sun/marlin/FloatMath
instanceKlass sun/security/x509/KeyIdentifier
instanceKlass sun/security/x509/OIDMap$OIDInfo
instanceKlass sun/security/x509/PKIXExtensions
instanceKlass com/sun/marlin/MarlinUtils
instanceKlass sun/security/x509/OIDMap
instanceKlass com/sun/marlin/Renderer
instanceKlass sun/security/x509/Extension
instanceKlass java/security/cert/Extension
instanceKlass com/sun/marlin/MarlinRenderer
instanceKlass com/sun/marlin/DPathConsumer2D
instanceKlass sun/security/x509/CertificateExtensions
instanceKlass sun/security/rsa/RSAUtil
instanceKlass java/security/interfaces/RSAPublicKey
instanceKlass java/security/interfaces/RSAKey
instanceKlass java/util/concurrent/ConcurrentLinkedQueue$Node
instanceKlass java/security/spec/PSSParameterSpec
instanceKlass java/security/spec/RSAPrivateKeySpec
instanceKlass java/security/spec/RSAPublicKeySpec
instanceKlass com/sun/util/reentrant/ReentrantContext
instanceKlass java/security/spec/EncodedKeySpec$1
instanceKlass jdk/internal/access/JavaSecuritySpecAccess
instanceKlass java/security/spec/EncodedKeySpec
instanceKlass com/sun/util/reentrant/ReentrantContextProvider
instanceKlass com/sun/marlin/DMarlinRenderingEngine
instanceKlass sun/security/util/BitArray
instanceKlass com/sun/marlin/MarlinConst
instanceKlass sun/security/x509/X509Key
instanceKlass sun/security/x509/CertificateX509Key
instanceKlass sun/security/x509/CertificateValidity
instanceKlass sun/security/x509/AVA
instanceKlass sun/security/x509/RDN
instanceKlass com/sun/marlin/MarlinProperties
instanceKlass javax/security/auth/x500/X500Principal
instanceKlass sun/security/x509/X500Name$1
instanceKlass com/sun/marlin/MarlinAlphaConsumer
instanceKlass com/sun/openpisces/AlphaConsumer
instanceKlass sun/security/x509/X500Name
instanceKlass sun/security/x509/GeneralNameInterface
instanceKlass sun/security/x509/CertificateAlgorithmId
instanceKlass sun/security/x509/SerialNumber
instanceKlass sun/security/x509/CertificateSerialNumber
instanceKlass sun/security/x509/CertificateVersion
instanceKlass com/sun/prism/impl/shape/DMarlinRasterizer
instanceKlass sun/security/x509/X509CertInfo
instanceKlass sun/security/x509/CertAttrSet
instanceKlass com/sun/prism/impl/shape/ShapeUtil$1
instanceKlass com/sun/prism/impl/shape/ShapeRasterizer
instanceKlass sun/security/x509/AlgorithmId
instanceKlass com/sun/prism/impl/shape/ShapeUtil
instanceKlass java/security/cert/X509Extension
instanceKlass sun/security/util/Cache$EqualByteArray
instanceKlass sun/security/util/IOUtils
instanceKlass java/security/cert/CertificateFactorySpi
instanceKlass java/security/cert/CertificateFactory
instanceKlass sun/security/provider/JavaKeyStore$TrustedCertEntry
instanceKlass sun/security/util/DerInputStream
instanceKlass sun/security/util/DerValue
instanceKlass sun/security/action/OpenFileInputStreamAction
instanceKlass java/security/KeyStoreSpi
instanceKlass java/security/KeyStore$1
instanceKlass java/security/KeyStore
instanceKlass sun/security/ssl/TrustStoreManager$TrustStoreDescriptor$1
instanceKlass sun/security/util/FilePaths
instanceKlass sun/security/ssl/TrustStoreManager$TrustStoreDescriptor
instanceKlass com/sun/prism/d3d/D3DTexture$1
instanceKlass sun/security/ssl/TrustStoreManager$TrustAnchorManager
instanceKlass sun/security/ssl/TrustStoreManager
instanceKlass com/sun/prism/impl/packrect/Level
instanceKlass javax/net/ssl/TrustManagerFactorySpi
instanceKlass javax/net/ssl/TrustManagerFactory$1
instanceKlass com/sun/prism/impl/shape/MaskData
instanceKlass javax/net/ssl/TrustManagerFactory
instanceKlass sun/security/ssl/SSLContextImpl$DefaultManagersHolder
instanceKlass com/sun/prism/impl/GlyphCache$GlyphData
instanceKlass sun/security/util/Cache
instanceKlass sun/security/action/GetIntegerAction
instanceKlass sun/security/ssl/SSLSessionContextImpl
instanceKlass javax/net/ssl/SSLSessionContext
instanceKlass sun/security/ssl/EphemeralKeyManager$EphemeralKeyPair
instanceKlass sun/security/ssl/EphemeralKeyManager
instanceKlass sun/security/ssl/SSLContextImpl$CustomizedSSLProtocols
instanceKlass com/sun/prism/impl/BufferUtil
instanceKlass com/sun/prism/shader/Solid_TextureSecondPassLCD_Loader
instanceKlass java/security/spec/NamedParameterSpec
instanceKlass sun/security/util/ECKeySizeParameterSpec
instanceKlass java/security/AlgorithmParametersSpi
instanceKlass java/security/AlgorithmParameters
instanceKlass sun/security/util/ECUtil
instanceKlass sun/security/ec/point/Point
instanceKlass java/security/KeyPairGeneratorSpi
instanceKlass java/security/PublicKey
instanceKlass com/sun/prism/shader/Solid_TextureFirstPassLCD_Loader
instanceKlass java/security/KeyFactorySpi
instanceKlass java/security/KeyFactory
instanceKlass javax/crypto/KeyAgreement
instanceKlass com/sun/prism/impl/packrect/RectanglePacker
instanceKlass com/sun/prism/impl/GlyphCache
instanceKlass com/sun/prism/PrinterGraphics
instanceKlass java/security/interfaces/ECKey
instanceKlass com/sun/prism/d3d/D3DContext$1
instanceKlass com/sun/prism/shader/FillPgram_Color_Loader
instanceKlass java/security/Signature$1
instanceKlass jdk/internal/access/JavaSecuritySignatureAccess
instanceKlass java/security/SignatureSpi
instanceKlass sun/security/ssl/JsseJce$EcAvailability
instanceKlass sun/security/ssl/SSLAlgorithmDecomposer$1
instanceKlass com/sun/javafx/geom/transform/Affine3D$1
instanceKlass com/sun/prism/impl/BaseGraphicsResource
instanceKlass sun/security/ssl/Utilities
instanceKlass sun/security/ssl/JsseJce
instanceKlass sun/security/ssl/NamedGroup$XDHScheme
instanceKlass sun/security/ssl/NamedGroup$FFDHEScheme
instanceKlass sun/security/ssl/NamedGroup$ECDHEScheme
instanceKlass sun/security/ssl/NamedGroup$NamedGroupScheme
instanceKlass sun/security/ssl/SSLCipher$1
instanceKlass sun/security/ssl/SSLCipher$T13CC20P1305WriteCipherGenerator
instanceKlass sun/security/ssl/SSLCipher$T12CC20P1305WriteCipherGenerator
instanceKlass sun/security/ssl/SSLCipher$T13CC20P1305ReadCipherGenerator
instanceKlass com/sun/prism/impl/Disposer$Target
instanceKlass sun/security/ssl/SSLCipher$T12CC20P1305ReadCipherGenerator
instanceKlass com/sun/prism/impl/Disposer
instanceKlass sun/security/ssl/SSLCipher$T13GcmWriteCipherGenerator
instanceKlass sun/security/ssl/SSLCipher$T13GcmReadCipherGenerator
instanceKlass com/sun/prism/impl/PrismTrace
instanceKlass sun/security/ssl/SSLCipher$T12GcmWriteCipherGenerator
instanceKlass com/sun/prism/d3d/D3DResource$D3DRecord
instanceKlass sun/security/ssl/SSLCipher$T12GcmReadCipherGenerator
instanceKlass com/sun/prism/impl/Disposer$Record
instanceKlass com/sun/prism/impl/BaseTexture
instanceKlass com/sun/prism/d3d/D3DContextSource
instanceKlass com/sun/prism/ReadbackRenderTarget
instanceKlass com/sun/prism/d3d/D3DRenderTarget
instanceKlass com/sun/crypto/provider/AESConstants
instanceKlass com/sun/prism/impl/BaseResourcePool$WeakLinkedList
instanceKlass javax/crypto/JceSecurityManager$1
instanceKlass com/sun/prism/impl/ManagedResource
instanceKlass com/sun/prism/impl/BaseResourcePool$Predicate
instanceKlass com/sun/glass/ui/Size
instanceKlass com/sun/prism/impl/BaseResourcePool
instanceKlass com/sun/javafx/tk/quantum/CursorUtils$1
instanceKlass com/sun/javafx/tk/quantum/CursorUtils
instanceKlass sun/security/ssl/SSLCipher$T11BlockWriteCipherGenerator
instanceKlass sun/security/ssl/SSLCipher$T11BlockReadCipherGenerator
instanceKlass com/sun/crypto/provider/PKCS5Padding
instanceKlass com/sun/crypto/provider/Padding
instanceKlass com/sun/crypto/provider/FeedbackCipher
instanceKlass com/sun/prism/image/CompoundImage
instanceKlass com/sun/crypto/provider/SymmetricCipher
instanceKlass com/sun/crypto/provider/DESConstants
instanceKlass com/sun/javafx/geom/Path2D$SVGParser
instanceKlass com/sun/crypto/provider/CipherCore
instanceKlass com/sun/javafx/sg/prism/EffectFilter
instanceKlass sun/security/ssl/SSLCipher$T10BlockWriteCipherGenerator
instanceKlass sun/security/ssl/SSLCipher$T10BlockReadCipherGenerator
instanceKlass com/sun/scenario/effect/GaussianShadow$1
instanceKlass javax/crypto/CipherSpi
instanceKlass com/sun/javafx/tk/Toolkit$1
instanceKlass javax/crypto/ProviderVerifier$1
instanceKlass com/sun/scenario/effect/impl/state/LinearConvolveRenderState
instanceKlass javax/crypto/ProviderVerifier
instanceKlass com/sun/scenario/effect/Color4f
instanceKlass javax/crypto/JceSecurity$2
instanceKlass javax/crypto/JceSecurity$IdentityWrapper
instanceKlass com/sun/scenario/effect/impl/state/LinearConvolveKernel
instanceKlass com/sun/scenario/effect/impl/state/RenderState
instanceKlass java/util/Vector$1
instanceKlass javax/crypto/CryptoPolicyParser$CryptoPermissionEntry
instanceKlass javax/crypto/CryptoPolicyParser$GrantEntry
instanceKlass java/io/StreamTokenizer
instanceKlass com/sun/javafx/sg/prism/CacheFilter
instanceKlass javax/crypto/CryptoPolicyParser
instanceKlass java/nio/channels/Channels
instanceKlass sun/nio/ch/FileChannelImpl$Closer
instanceKlass sun/nio/ch/NativeThreadSet
instanceKlass java/nio/channels/spi/AbstractInterruptibleChannel
instanceKlass java/nio/channels/InterruptibleChannel
instanceKlass java/nio/channels/ScatteringByteChannel
instanceKlass java/nio/channels/GatheringByteChannel
instanceKlass java/nio/channels/SeekableByteChannel
instanceKlass java/nio/channels/ByteChannel
instanceKlass java/nio/channels/WritableByteChannel
instanceKlass java/nio/channels/ReadableByteChannel
instanceKlass java/nio/channels/Channel
instanceKlass javafx/scene/effect/Effect$2
instanceKlass sun/nio/fs/WindowsSecurityDescriptor
instanceKlass java/nio/file/attribute/FileAttribute
instanceKlass sun/nio/fs/BasicFileAttributesHolder
instanceKlass sun/nio/fs/WindowsDirectoryStream$WindowsDirectoryIterator
instanceKlass java/nio/file/Files$1
instanceKlass java/nio/file/DirectoryStream$Filter
instanceKlass sun/nio/fs/WindowsFileSystem$2
instanceKlass java/nio/file/PathMatcher
instanceKlass sun/nio/fs/Globs
instanceKlass sun/nio/fs/WindowsDirectoryStream
instanceKlass java/nio/file/DirectoryStream
instanceKlass sun/nio/fs/WindowsChannelFactory$Flags
instanceKlass sun/nio/fs/WindowsChannelFactory$1
instanceKlass sun/nio/fs/WindowsChannelFactory
instanceKlass sun/nio/fs/WindowsFileSystemProvider$1
instanceKlass sun/nio/fs/ExtendedFileSystemProvider
instanceKlass javax/crypto/JceSecurity$1
instanceKlass javax/crypto/JceSecurity
instanceKlass sun/security/jca/ProviderList$ServiceList$1
instanceKlass sun/security/jca/ServiceId
instanceKlass javax/crypto/Cipher$Transform
instanceKlass javax/crypto/Cipher
instanceKlass sun/security/ssl/SSLCipher$StreamWriteCipherGenerator
instanceKlass sun/security/ssl/SSLCipher$StreamReadCipherGenerator
instanceKlass sun/security/ssl/SSLCipher$NullWriteCipherGenerator
instanceKlass sun/security/ssl/SSLCipher$WriteCipherGenerator
instanceKlass sun/security/ssl/SSLCipher$NullReadCipherGenerator
instanceKlass sun/security/ssl/SSLCipher$ReadCipherGenerator
instanceKlass javafx/scene/layout/FlowPane$LayoutRect
instanceKlass sun/security/util/DisabledAlgorithmConstraints$Constraints$Holder
instanceKlass sun/security/util/DisabledAlgorithmConstraints$1
instanceKlass sun/security/util/DisabledAlgorithmConstraints$Constraint
instanceKlass sun/security/util/DisabledAlgorithmConstraints$Constraints
instanceKlass sun/security/util/AbstractAlgorithmConstraints$1
instanceKlass sun/security/util/AlgorithmDecomposer
instanceKlass sun/security/util/AbstractAlgorithmConstraints
instanceKlass sun/security/ssl/SSLAlgorithmConstraints
instanceKlass java/security/AlgorithmConstraints
instanceKlass sun/security/ssl/SSLLogger
instanceKlass java/security/spec/ECFieldF2m
instanceKlass sun/security/util/ObjectIdentifier
instanceKlass sun/security/util/ByteArrayTagOrder
instanceKlass sun/security/util/ByteArrayLexOrder
instanceKlass sun/security/util/DerEncoder
instanceKlass javafx/scene/control/TextInputControl$TextInputControlFromatterAccessor
instanceKlass java/security/spec/ECParameterSpec
instanceKlass java/security/spec/AlgorithmParameterSpec
instanceKlass java/security/spec/ECPoint
instanceKlass java/security/spec/EllipticCurve
instanceKlass java/security/spec/ECFieldFp
instanceKlass java/security/spec/ECField
instanceKlass com/sun/javafx/scene/traversal/TabOrderHelper
instanceKlass sun/security/util/CurveDB
instanceKlass sun/security/ec/SunEC$1
instanceKlass sun/security/jca/ProviderConfig$ProviderLoader
instanceKlass sun/security/jca/ProviderConfig$3
instanceKlass sun/security/rsa/SunRsaSignEntries
instanceKlass javax/net/ssl/SSLContextSpi
instanceKlass javax/net/ssl/SSLContext
instanceKlass javax/net/ssl/SSLSocketFactory$1
instanceKlass javax/net/ssl/SSLSocketFactory$DefaultFactoryHolder
instanceKlass javax/net/SocketFactory
instanceKlass javax/net/ssl/HttpsURLConnection$DefaultHostnameVerifier
instanceKlass javax/net/ssl/HostnameVerifier
instanceKlass javafx/scene/image/ImageView$StyleableProperties
instanceKlass java/net/spi/URLStreamHandlerProvider
instanceKlass java/net/URL$1
instanceKlass java/net/URL$2
instanceKlass javafx/scene/image/ImageView$1
instanceKlass com/sun/javafx/scene/ImageViewHelper$ImageViewAccessor
instanceKlass javafx/scene/text/HitInfo
instanceKlass com/sun/javafx/scene/text/TextLayout$Hit
instanceKlass javafx/scene/layout/Region$12
instanceKlass javafx/scene/Parent$5
instanceKlass com/sun/javafx/tk/FontMetrics
instanceKlass com/sun/javafx/font/PrismFontUtils
instanceKlass com/sun/javafx/scene/control/behavior/MnemonicInfo
instanceKlass com/sun/javafx/text/ScriptMapper
instanceKlass com/sun/javafx/font/PrismFontFactory$TTFilter
instanceKlass jdk/internal/icu/text/BidiLine
instanceKlass jdk/internal/icu/util/VersionInfo
instanceKlass jdk/internal/icu/impl/UCharacterProperty$IsAcceptable
instanceKlass jdk/internal/icu/impl/UCharacterProperty$IntProperty
instanceKlass jdk/internal/icu/impl/UCharacterProperty
instanceKlass jdk/internal/icu/text/UTF16
instanceKlass jdk/internal/icu/impl/Trie2$UTrie2Header
instanceKlass jdk/internal/icu/impl/Trie2$1
instanceKlass jdk/internal/icu/impl/Trie2$ValueMapper
instanceKlass jdk/internal/icu/impl/Trie2
instanceKlass jdk/internal/icu/impl/UBiDiProps$IsAcceptable
instanceKlass jdk/internal/icu/impl/ICUBinary$Authenticate
instanceKlass jdk/internal/icu/impl/ICUBinary$1
instanceKlass jdk/internal/icu/impl/ICUBinary
instanceKlass jdk/internal/icu/impl/UBiDiProps
instanceKlass jdk/internal/icu/text/BidiBase$Point
instanceKlass jdk/internal/icu/text/BidiBase$InsertPoints
instanceKlass jdk/internal/icu/text/BidiRun
instanceKlass jdk/internal/icu/text/BidiBase$ImpTabPair
instanceKlass jdk/internal/icu/text/BidiBase
instanceKlass java/text/Bidi
instanceKlass javafx/scene/shape/SVGPath$1
instanceKlass com/sun/javafx/scene/shape/SVGPathHelper$SVGPathAccessor
instanceKlass com/sun/scenario/effect/EffectHelper
instanceKlass javafx/scene/effect/Effect$1
instanceKlass com/sun/scenario/effect/EffectHelper$EffectAccessor
instanceKlass javafx/scene/layout/StackPane$StyleableProperties
instanceKlass javafx/scene/control/ScrollBar$StyleableProperties
instanceKlass javafx/scene/layout/FlowPane$StyleableProperties
instanceKlass com/sun/javafx/scene/traversal/TraverseListener
instanceKlass javafx/scene/control/skin/ScrollPaneSkin$2
instanceKlass javafx/scene/control/skin/ScrollPaneSkin$1
instanceKlass com/sun/javafx/font/directwrite/DWRITE_GLYPH_METRICS
instanceKlass com/sun/javafx/font/directwrite/DWRITE_GLYPH_RUN
instanceKlass com/sun/javafx/font/directwrite/RECT
instanceKlass com/sun/javafx/font/directwrite/D2D1_MATRIX_3X2_F
instanceKlass com/sun/javafx/font/directwrite/D2D1_COLOR_F
instanceKlass com/sun/javafx/font/directwrite/DWGlyph
instanceKlass com/sun/javafx/font/CMap
instanceKlass com/sun/javafx/font/Glyph
instanceKlass java/lang/FdLibm
instanceKlass java/lang/FdLibm$Hypot
instanceKlass com/sun/javafx/geom/Path2D$Iterator
instanceKlass com/sun/javafx/scene/shape/PathUtils
instanceKlass javafx/scene/control/skin/TextFieldSkin$8
instanceKlass javafx/scene/control/skin/TextInputControlSkin$StyleableProperties
instanceKlass javafx/scene/control/skin/TextInputControlSkin$6
instanceKlass javafx/scene/shape/LineTo$1
instanceKlass com/sun/javafx/scene/shape/LineToHelper$LineToAccessor
instanceKlass com/sun/javafx/util/WeakReferenceQueue$1
instanceKlass javafx/scene/shape/MoveTo$1
instanceKlass com/sun/javafx/scene/shape/PathElementHelper
instanceKlass javafx/scene/shape/PathElement$1
instanceKlass com/sun/javafx/scene/shape/MoveToHelper$MoveToAccessor
instanceKlass com/sun/javafx/scene/shape/PathElementHelper$PathElementAccessor
instanceKlass javafx/scene/text/Text$10
instanceKlass com/sun/javafx/text/TextLine
instanceKlass com/sun/javafx/font/PrismMetrics
instanceKlass com/sun/javafx/text/LayoutCache
instanceKlass com/sun/javafx/text/TextRun
instanceKlass javafx/scene/shape/Shape$StrokeAttributes
instanceKlass javafx/beans/binding/Bindings$ShortCircuitAndInvalidator
instanceKlass javafx/beans/value/ObservableLongValue
instanceKlass javafx/beans/value/ObservableFloatValue
instanceKlass javafx/beans/binding/Bindings
instanceKlass javafx/beans/property/StringPropertyBase$Listener
instanceKlass javafx/scene/shape/Rectangle$StyleableProperties
instanceKlass javafx/scene/Group$1
instanceKlass com/sun/javafx/scene/GroupHelper$GroupAccessor
instanceKlass javafx/stage/PopupWindow$3
instanceKlass com/sun/javafx/util/TempState
instanceKlass javafx/stage/PopupWindow$2
instanceKlass javafx/stage/PopupWindow$1
instanceKlass com/sun/javafx/stage/PopupWindowHelper$PopupWindowAccessor
instanceKlass com/sun/javafx/scene/control/behavior/TextInputControlBehavior$2
instanceKlass com/sun/javafx/scene/control/inputmap/KeyBinding$1
instanceKlass com/sun/javafx/scene/control/skin/resources/ControlResources
instanceKlass javafx/scene/control/MenuItem
instanceKlass com/sun/javafx/geom/PathIterator
instanceKlass javafx/scene/shape/Rectangle$1
instanceKlass com/sun/javafx/scene/shape/RectangleHelper$RectangleAccessor
instanceKlass javafx/scene/shape/Path$1
instanceKlass com/sun/javafx/scene/shape/PathHelper$PathAccessor
instanceKlass javafx/animation/KeyValue
instanceKlass com/sun/scenario/animation/shared/InterpolationInterval
instanceKlass com/sun/scenario/animation/shared/ClipInterpolator
instanceKlass javafx/animation/KeyFrame
instanceKlass com/sun/scenario/animation/shared/TimelineClipCore
instanceKlass com/sun/scenario/animation/shared/ClipEnvelope
instanceKlass javafx/animation/Animation$1
instanceKlass javafx/util/Duration
instanceKlass com/sun/scenario/animation/shared/AnimationAccessor
instanceKlass javafx/animation/Animation
instanceKlass javafx/scene/control/skin/TextInputControlSkin$CaretBlinking
instanceKlass com/sun/javafx/scene/control/Properties
instanceKlass javafx/scene/layout/BorderStroke
instanceKlass javafx/scene/layout/BorderStrokeStyle
instanceKlass com/sun/javafx/scene/control/inputmap/KeyBinding
instanceKlass com/sun/javafx/scene/control/inputmap/InputMap$Mapping
instanceKlass com/sun/javafx/scene/control/behavior/FocusTraversalInputMap
instanceKlass com/sun/javafx/scene/control/inputmap/InputMap
instanceKlass com/sun/javafx/scene/control/behavior/BehaviorBase
instanceKlass com/sun/javafx/cursor/CursorFrame
instanceKlass javafx/scene/control/SkinBase$StyleableProperties
instanceKlass com/sun/javafx/scene/control/Logging
instanceKlass javafx/beans/value/WeakChangeListener
instanceKlass com/sun/javafx/scene/control/LambdaMultiplePropertyChangeListenerHandler
instanceKlass javafx/beans/property/DoublePropertyBase$Listener
instanceKlass javafx/beans/property/BooleanPropertyBase$Listener
instanceKlass javafx/beans/property/ObjectPropertyBase$Listener
instanceKlass javafx/scene/text/Text$TextAttribute
instanceKlass com/sun/javafx/font/Disposer$1
instanceKlass com/sun/javafx/font/Disposer
instanceKlass com/sun/javafx/font/CompositeStrikeDisposer
instanceKlass com/sun/javafx/font/Metrics
instanceKlass com/sun/javafx/font/CompositeStrike
instanceKlass com/sun/javafx/font/FontStrikeDesc
instanceKlass com/sun/javafx/font/PrismCompositeFontResource
instanceKlass com/sun/javafx/font/PrismFontFile$DirectoryEntry
instanceKlass com/sun/javafx/font/FontFileReader$Buffer
instanceKlass com/sun/javafx/font/FontFileReader
instanceKlass com/sun/javafx/font/PrismFontStrike
instanceKlass com/sun/javafx/font/DisposerRecord
instanceKlass com/sun/javafx/font/WindowsFontMap$FamilyDescription
instanceKlass com/sun/javafx/font/WindowsFontMap
instanceKlass javafx/scene/shape/Shape$StyleableProperties
instanceKlass javafx/scene/text/Text$StyleableProperties
instanceKlass com/sun/javafx/scene/control/ListenerHelper$InLi
instanceKlass com/sun/javafx/scene/control/ListenerHelper$ChLi
instanceKlass com/sun/javafx/scene/control/ListenerHelper$EvHa
instanceKlass com/sun/javafx/scene/control/ListenerHelper
instanceKlass com/sun/javafx/scene/control/IDisconnectable
instanceKlass javafx/scene/control/SkinBase
instanceKlass javafx/scene/paint/Stop
instanceKlass com/sun/javafx/scene/layout/ScaledMath
instanceKlass javafx/scene/layout/BackgroundFill
instanceKlass com/sun/javafx/css/StyleCacheEntry
instanceKlass javafx/css/Style
instanceKlass javafx/css/Match
instanceKlass com/sun/javafx/css/CalculatedValue
instanceKlass com/sun/javafx/css/StyleCacheEntry$Key
instanceKlass com/sun/javafx/css/StyleCache
instanceKlass javafx/scene/layout/HBox$StyleableProperties
instanceKlass javafx/scene/layout/VBox$StyleableProperties
instanceKlass java/util/Formattable
instanceKlass java/time/LocalTime$1
instanceKlass java/text/DateFormatSymbols
instanceKlass java/time/ZonedDateTime$1
instanceKlass java/util/Formatter$FixedString
instanceKlass java/util/Formatter$DateTime
instanceKlass java/util/Formatter$Flags
instanceKlass java/util/Formatter$FormatSpecifier
instanceKlass java/util/Formatter$FormatString
instanceKlass java/util/Formatter$Conversion
instanceKlass java/util/Formatter
instanceKlass java/util/logging/Level$RbAccess
instanceKlass java/util/logging/LogRecord$CallerFinder
instanceKlass java/time/zone/ZoneOffsetTransitionRule$1
instanceKlass java/time/chrono/AbstractChronology
instanceKlass java/time/chrono/Chronology
instanceKlass java/time/LocalDate$1
instanceKlass java/time/temporal/TemporalAdjusters
instanceKlass java/time/zone/ZoneOffsetTransition
instanceKlass java/time/temporal/ValueRange
instanceKlass java/time/temporal/TemporalUnit
instanceKlass java/time/temporal/TemporalField
instanceKlass java/time/zone/ZoneOffsetTransitionRule
instanceKlass java/time/zone/ZoneRules
instanceKlass java/time/zone/Ser
instanceKlass java/io/Externalizable
instanceKlass java/time/zone/ZoneRulesProvider$1
instanceKlass java/time/zone/ZoneRulesProvider
instanceKlass java/time/ZoneId
instanceKlass java/util/logging/LogManager$CloseOnReset
instanceKlass java/util/logging/StreamHandler$1
instanceKlass java/util/logging/Handler$1
instanceKlass java/util/logging/ErrorManager
instanceKlass jdk/internal/logger/SimpleConsoleLogger$Formatting
instanceKlass sun/util/logging/PlatformLogger
instanceKlass java/util/logging/Formatter
instanceKlass java/time/Clock
instanceKlass java/time/InstantSource
instanceKlass java/util/logging/LogRecord
instanceKlass java/text/FieldPosition$Delegate
instanceKlass java/text/Format$FieldDelegate
instanceKlass java/text/DigitList
instanceKlass java/lang/StringUTF16$CharsSpliterator
instanceKlass java/util/stream/Sink$ChainedInt
instanceKlass java/util/OptionalInt
instanceKlass java/util/stream/Sink$OfInt
instanceKlass java/util/function/IntConsumer
instanceKlass java/util/function/IntPredicate
instanceKlass java/util/stream/IntStream
instanceKlass java/lang/StringLatin1$CharsSpliterator
instanceKlass sun/util/resources/Bundles$2
instanceKlass sun/util/resources/LocaleData$LocaleDataResourceBundleProvider
instanceKlass java/util/spi/ResourceBundleProvider
instanceKlass java/text/DecimalFormatSymbols
instanceKlass javafx/scene/Node$22
instanceKlass jdk/jfr/FlightRecorder
instanceKlass com/sun/javafx/logging/PrintLogger$PulseData
instanceKlass com/sun/javafx/logging/Logger
instanceKlass com/sun/javafx/logging/PulseLogger
instanceKlass com/sun/javafx/geom/DirtyRegionContainer
instanceKlass com/sun/javafx/geom/DirtyRegionPool
instanceKlass com/sun/javafx/sg/prism/NodePath
instanceKlass javafx/scene/Scene$InputMethodRequestsDelegate
instanceKlass com/sun/javafx/scene/input/ExtendedInputMethodRequests
instanceKlass javafx/scene/Scene$DropTargetListener
instanceKlass com/sun/javafx/util/WeakReferenceQueue
instanceKlass com/sun/javafx/scene/transform/TransformUtils
instanceKlass javafx/scene/ParallelCamera$1
instanceKlass javafx/scene/Camera$1
instanceKlass com/sun/javafx/scene/ParallelCameraHelper$ParallelCameraAccessor
instanceKlass com/sun/javafx/scene/CameraHelper$CameraAccessor
instanceKlass com/sun/scenario/effect/impl/state/AccessHelper
instanceKlass com/sun/scenario/effect/impl/state/AccessHelper$StateAccessor
instanceKlass com/sun/javafx/geom/Rectangle
instanceKlass com/sun/prism/paint/Paint
instanceKlass com/sun/scenario/effect/Effect
instanceKlass javafx/scene/Scene$ScenePeerPaintListener
instanceKlass javafx/scene/Scene$ScenePeerListener
instanceKlass com/sun/javafx/tk/quantum/SwipeGestureRecognizer$CenterComputer
instanceKlass com/sun/javafx/tk/quantum/SwipeGestureRecognizer$MultiTouchTracker
instanceKlass com/sun/javafx/tk/quantum/SwipeGestureRecognizer
instanceKlass com/sun/javafx/tk/quantum/GestureRecognizers
instanceKlass com/sun/javafx/tk/quantum/GlassSceneDnDEventHandler
instanceKlass com/sun/javafx/tk/quantum/GlassViewEventHandler$ViewEventNotification
instanceKlass com/sun/javafx/tk/quantum/GlassViewEventHandler$MouseEventNotification
instanceKlass com/sun/javafx/tk/quantum/GlassViewEventHandler$KeyEventNotification
instanceKlass com/sun/javafx/tk/quantum/GestureRecognizer
instanceKlass com/sun/javafx/tk/quantum/GlassTouchEventListener
instanceKlass com/sun/prism/PresentableState
instanceKlass com/sun/javafx/tk/quantum/ViewPainter
instanceKlass com/sun/glass/ui/View$EventHandler
instanceKlass com/sun/glass/ui/ClipboardAssistance
instanceKlass java/lang/StrictMath
instanceKlass com/sun/glass/ui/TouchInputSupport$TouchCountListener
instanceKlass com/sun/glass/ui/TouchInputSupport
instanceKlass com/sun/glass/ui/GestureSupport$GestureState
instanceKlass com/sun/glass/ui/GestureSupport
instanceKlass com/sun/glass/ui/win/WinGestureSupport
instanceKlass com/sun/javafx/tk/quantum/WindowStage$1
instanceKlass java/util/ResourceBundle$3
instanceKlass javafx/scene/input/KeyCombination$Modifier
instanceKlass com/sun/glass/ui/Window$EventHandler
instanceKlass com/sun/javafx/tk/quantum/GlassStage
instanceKlass com/sun/javafx/event/EventUtil
instanceKlass javafx/scene/control/ScrollPane$StyleableProperties
instanceKlass javafx/scene/control/TextInputControl$StyleableProperties
instanceKlass javafx/scene/control/TextField$StyleableProperties
instanceKlass javafx/scene/control/Separator$StyleableProperties
instanceKlass javafx/scene/paint/Color$NamedColors
instanceKlass javafx/css/converter/CursorConverter$Holder
instanceKlass javafx/scene/Node$StyleableProperties
instanceKlass com/sun/javafx/scene/layout/region/BorderImageSlices
instanceKlass javafx/scene/layout/BackgroundSize
instanceKlass javafx/scene/layout/BackgroundPosition
instanceKlass com/sun/javafx/scene/layout/region/RepeatStruct
instanceKlass javafx/scene/layout/Region$StyleableProperties
instanceKlass javafx/scene/control/Control$StyleableProperties
instanceKlass javafx/scene/control/Labeled$StyleableProperties
instanceKlass com/sun/javafx/css/StyleCache$Key
instanceKlass javafx/scene/CssStyleHelper$CacheContainer
instanceKlass com/sun/javafx/css/CascadingStyle
instanceKlass com/sun/javafx/css/StyleMap
instanceKlass javafx/css/CssParser$Term
instanceKlass com/sun/javafx/logging/PlatformLogger$1
instanceKlass com/sun/javafx/css/parser/Token
instanceKlass java/util/IdentityHashMap$IdentityHashMapIterator
instanceKlass sun/nio/cs/Surrogate
instanceKlass sun/nio/cs/Surrogate$Parser
instanceKlass javax/net/ssl/TrustManager
instanceKlass java/security/spec/KeySpec
instanceKlass com/sun/javafx/css/parser/Recognizer
instanceKlass java/security/PrivateKey
instanceKlass javax/security/auth/Destroyable
instanceKlass java/security/Key
instanceKlass com/sun/javafx/css/parser/LexerState
instanceKlass com/mysql/cj/protocol/ExportControlled
instanceKlass javafx/css/CssLexer
instanceKlass javafx/css/FontFace
instanceKlass javafx/css/CssParser$ParseError
instanceKlass otemps/entites/Media
instanceKlass javafx/css/CssParser
instanceKlass com/sun/javafx/css/StyleManager$Cache$Key
instanceKlass com/sun/javafx/css/StyleManager$Cache
instanceKlass java/util/TimSort
instanceKlass java/util/Arrays$LegacyMergeSort
instanceKlass com/sun/javafx/css/StyleManager$Key
instanceKlass com/sun/javafx/css/StyleManager$CacheContainer
instanceKlass javafx/css/converter/FontConverter$FontStyleConverter$Holder
instanceKlass javafx/css/converter/FontConverter$Holder
instanceKlass com/sun/javafx/font/PrismFont
instanceKlass com/sun/javafx/font/CharToGlyphMapper
instanceKlass com/sun/javafx/font/FontStrike
instanceKlass com/sun/javafx/font/LogicalFont
instanceKlass com/sun/javafx/font/CompositeFontResource
instanceKlass com/sun/javafx/font/directwrite/IUnknown
instanceKlass com/sun/javafx/font/directwrite/OS
instanceKlass sun/util/calendar/CalendarUtils
instanceKlass sun/util/calendar/CalendarDate
instanceKlass sun/util/resources/Bundles$CacheKeyReference
instanceKlass sun/util/resources/Bundles$CacheKey
instanceKlass sun/util/resources/LocaleData$LocaleDataStrategy
instanceKlass sun/util/resources/Bundles$Strategy
instanceKlass sun/util/resources/LocaleData$1
instanceKlass sun/util/resources/LocaleData
instanceKlass sun/util/locale/provider/LocaleResources
instanceKlass com/sun/javafx/font/FontFallbackInfo
instanceKlass com/sun/javafx/text/GlyphLayout
instanceKlass com/sun/javafx/font/PrismFontFile
instanceKlass com/sun/javafx/font/FontConstants
instanceKlass com/sun/javafx/scene/text/FontHelper
instanceKlass javafx/scene/text/Font$1
instanceKlass com/sun/javafx/scene/text/FontHelper$FontAccessor
instanceKlass sun/util/logging/PlatformLogger$ConfigurableBridge$LoggerConfiguration
instanceKlass java/util/logging/LogManager$4
instanceKlass java/util/Hashtable$Enumerator
instanceKlass java/util/Collections$3
instanceKlass java/util/logging/LogManager$LoggerContext$1
instanceKlass java/util/logging/LogManager$VisitedLoggers
instanceKlass java/util/logging/Logger$ConfigurationData
instanceKlass java/util/logging/Logger$LoggerBundle
instanceKlass java/util/logging/Handler
instanceKlass java/util/logging/Logger
instanceKlass java/util/logging/LogManager$2
instanceKlass java/util/logging/LogManager$LoggingProviderAccess
instanceKlass java/util/logging/LogManager$LogNode
instanceKlass java/util/logging/LogManager$LoggerContext
instanceKlass java/util/logging/LogManager$1
instanceKlass java/util/logging/Level
instanceKlass java/util/logging/LogManager
instanceKlass jdk/internal/logger/BootstrapLogger$BootstrapExecutors
instanceKlass jdk/internal/logger/BootstrapLogger$RedirectedLoggers
instanceKlass jdk/internal/logger/BootstrapLogger$DetectBackend$1
instanceKlass jdk/internal/logger/BootstrapLogger$DetectBackend
instanceKlass jdk/internal/logger/BootstrapLogger
instanceKlass sun/util/logging/PlatformLogger$ConfigurableBridge
instanceKlass sun/util/logging/PlatformLogger$Bridge
instanceKlass sun/util/logging/internal/LoggingProviderImpl$LogManagerAccess
instanceKlass sun/util/locale/provider/CalendarDataUtility$CalendarWeekParameterGetter
instanceKlass sun/util/locale/provider/LocaleServiceProviderPool$LocalizedObjectGetter
instanceKlass sun/util/locale/provider/LocaleServiceProviderPool
instanceKlass java/util/Locale$Builder
instanceKlass sun/util/locale/provider/CalendarDataUtility
instanceKlass sun/util/calendar/CalendarSystem$GregorianHolder
instanceKlass sun/util/calendar/CalendarSystem
instanceKlass java/io/FilePermission$1
instanceKlass java/util/Calendar$Builder
instanceKlass jdk/internal/access/JavaIOFilePermissionAccess
instanceKlass jdk/internal/logger/LoggerFinderLoader
instanceKlass jdk/internal/logger/DefaultLoggerFinder$1
instanceKlass java/lang/System$LoggerFinder
instanceKlass jdk/internal/logger/LazyLoggers$LazyLoggerFactories
instanceKlass jdk/internal/logger/LazyLoggers$1
instanceKlass sun/util/locale/provider/AvailableLanguageTags
instanceKlass jdk/internal/logger/LazyLoggers
instanceKlass sun/util/resources/cldr/provider/CLDRLocaleDataMetaInfo
instanceKlass com/sun/javafx/logging/PlatformLogger
instanceKlass java/lang/System$Logger
instanceKlass com/sun/javafx/util/Logging
instanceKlass sun/util/locale/InternalLocaleBuilder$CaseInsensitiveChar
instanceKlass sun/util/locale/InternalLocaleBuilder
instanceKlass sun/util/locale/StringTokenIterator
instanceKlass sun/util/locale/ParseStatus
instanceKlass sun/util/locale/LanguageTag
instanceKlass sun/util/cldr/CLDRBaseLocaleDataMetaInfo
instanceKlass sun/util/locale/provider/LocaleDataMetaInfo
instanceKlass sun/util/locale/provider/ResourceBundleBasedAdapter
instanceKlass sun/util/locale/provider/LocaleProviderAdapter$1
instanceKlass javafx/scene/CssStyleHelper
instanceKlass sun/util/locale/provider/LocaleProviderAdapter
instanceKlass java/util/spi/LocaleServiceProvider
instanceKlass javafx/scene/Scene$ClickCounter
instanceKlass javafx/scene/Scene$ClickGenerator
instanceKlass javafx/scene/Scene$MouseHandler$1
instanceKlass com/sun/javafx/event/EventQueue
instanceKlass javafx/scene/Scene$MouseHandler
instanceKlass com/sun/javafx/scene/traversal/TraversalEngine$BaseEngineContext
instanceKlass com/sun/javafx/scene/traversal/ContainerTabOrder
instanceKlass com/mysql/cj/result/DefaultValueFactory
instanceKlass com/sun/javafx/scene/traversal/Algorithm
instanceKlass com/sun/javafx/scene/traversal/TraversalContext
instanceKlass javafx/scene/Scene$TouchMap
instanceKlass javafx/scene/Scene$TouchGesture
instanceKlass javafx/scene/Scene$TargetWrapper
instanceKlass javafx/scene/Scene$ScenePulseListener
instanceKlass javafx/scene/SceneAntialiasing
instanceKlass com/sun/javafx/scene/SceneHelper
instanceKlass javafx/scene/Scene$2
instanceKlass com/mysql/cj/QueryInfo
instanceKlass com/mysql/cj/jdbc/EscapeProcessor
instanceKlass com/mysql/cj/NativeQueryAttributesBindings
instanceKlass com/sun/javafx/tk/TKDropTargetListener
instanceKlass com/sun/javafx/tk/TKScenePaintListener
instanceKlass com/sun/javafx/tk/TKSceneListener
instanceKlass com/mysql/cj/CancelQueryTask
instanceKlass java/util/TimerTask
instanceKlass com/mysql/cj/QueryAttributesBindings
instanceKlass com/mysql/cj/AbstractQuery
instanceKlass com/sun/javafx/scene/SceneHelper$SceneAccessor
instanceKlass com/sun/javafx/perf/PerformanceTracker$SceneAccessor
instanceKlass javafx/fxml/Initializable
instanceKlass com/sun/javafx/collections/VetoableListDecorator$ModCountAccessorImpl
instanceKlass com/sun/javafx/collections/VetoableListDecorator$VetoableIteratorDecorator
instanceKlass javafx/scene/layout/FlowPane$Run
instanceKlass javafx/scene/layout/BorderPane$BorderPositionProperty$1
instanceKlass javafx/scene/control/TextFormatter$Change
instanceKlass javafx/scene/control/TextFormatter
instanceKlass javafx/beans/property/IntegerPropertyBase$Listener
instanceKlass com/sun/javafx/binding/BindingHelperObserver
instanceKlass javafx/scene/control/TextInputControl$UndoRedoChange
instanceKlass javafx/scene/control/IndexRange
instanceKlass javafx/scene/control/TextInputControl$ContentBase
instanceKlass javafx/beans/value/ObservableIntegerValue
instanceKlass javafx/beans/value/WritableIntegerValue
instanceKlass javafx/scene/control/TextInputControl$Content
instanceKlass com/sun/javafx/scene/control/FormatterAccessor
instanceKlass jdk/internal/reflect/UnsafeFieldAccessorFactory
instanceKlass javafx/fxml/FXMLLoader$ControllerMethodEventHandler
instanceKlass javafx/fxml/FXMLLoader$MethodHandler
instanceKlass otemps/entites/Objet
instanceKlass sun/reflect/generics/reflectiveObjects/LazyReflectiveObjectGenerator
instanceKlass sun/reflect/generics/tree/TypeVariableSignature
instanceKlass sun/reflect/generics/tree/ClassSignature
instanceKlass sun/reflect/generics/reflectiveObjects/ParameterizedTypeImpl
instanceKlass java/lang/reflect/ParameterizedType
instanceKlass sun/reflect/generics/tree/MethodTypeSignature
instanceKlass sun/reflect/generics/tree/Signature
instanceKlass sun/reflect/generics/tree/FormalTypeParameter
instanceKlass sun/reflect/generics/repository/AbstractRepository
instanceKlass javafx/event/WeakEventHandler
instanceKlass com/sun/javafx/event/CompositeEventHandler$EventProcessorRecord
instanceKlass com/sun/javafx/event/CompositeEventHandler
instanceKlass com/sun/javafx/css/StyleManager$RefList
instanceKlass javafx/css/converter/FontConverter$FontWeightConverter$Holder
instanceKlass javafx/css/converter/StringConverter$Holder
instanceKlass javafx/css/converter/FontConverter$FontSizeConverter$Holder
instanceKlass javafx/css/converter/EffectConverter$Holder
instanceKlass com/sun/javafx/scene/layout/region/Margins
instanceKlass com/sun/javafx/scene/layout/region/Margins$Holder
instanceKlass javafx/css/converter/BooleanConverter$Holder
instanceKlass javafx/css/converter/SizeConverter$Holder
instanceKlass javafx/css/converter/InsetsConverter$Holder
instanceKlass com/sun/javafx/css/SelectorPartitioning$Slot
instanceKlass com/sun/javafx/css/BitSet$1
instanceKlass com/sun/javafx/css/SelectorPartitioning$Partition
instanceKlass javafx/css/converter/PaintConverter$Holder
instanceKlass javafx/css/converter/StopConverter$Holder
instanceKlass javafx/css/converter/LadderConverter$Holder
instanceKlass javafx/css/converter/DeriveColorConverter$Holder
instanceKlass javafx/css/converter/URLConverter$Holder
instanceKlass javafx/css/StyleConverter
instanceKlass javafx/css/Size
instanceKlass javafx/css/ParsedValue
instanceKlass javafx/css/Declaration
instanceKlass javafx/css/Rule$Observables
instanceKlass com/sun/javafx/css/SelectorPartitioning$PartitionKey
instanceKlass com/sun/javafx/css/SelectorPartitioning
instanceKlass com/sun/javafx/css/StyleManager$StylesheetContainer
instanceKlass java/util/AbstractList$SubList$1
instanceKlass javafx/collections/ModifiableObservableListBase$SubObservableList
instanceKlass javafx/css/StyleClass
instanceKlass javafx/css/Rule
instanceKlass javafx/css/StyleConverter$StringStore
instanceKlass javafx/css/Stylesheet
instanceKlass java/io/FilenameFilter
instanceKlass com/sun/javafx/font/PGFont
instanceKlass com/sun/javafx/font/FontResource
instanceKlass com/sun/javafx/font/PrismFontFactory
instanceKlass com/sun/javafx/scene/text/TextLine
instanceKlass com/sun/javafx/scene/text/GlyphList
instanceKlass java/text/CharacterIterator
instanceKlass com/sun/javafx/text/PrismTextLayout
instanceKlass com/sun/javafx/scene/text/TextLayout
instanceKlass com/sun/javafx/text/PrismTextLayoutFactory
instanceKlass javafx/beans/WeakInvalidationListener
instanceKlass javafx/scene/paint/Paint$1
instanceKlass com/sun/javafx/tk/Toolkit$PaintAccessor
instanceKlass javafx/scene/text/Text$1
instanceKlass javafx/scene/shape/Shape$1
instanceKlass com/sun/javafx/scene/text/TextSpan
instanceKlass com/sun/javafx/scene/shape/TextHelper$TextAccessor
instanceKlass com/sun/javafx/scene/shape/ShapeHelper$ShapeAccessor
instanceKlass com/sun/javafx/beans/event/AbstractNotifyListener
instanceKlass com/sun/javafx/scene/control/skin/Utils
instanceKlass com/sun/javafx/css/StyleManager$ImageCache
instanceKlass com/sun/javafx/css/StyleManager$InstanceHolder
instanceKlass com/sun/javafx/css/StyleManager
instanceKlass sun/security/util/SecurityProperties
instanceKlass sun/security/util/FilePermCompat
instanceKlass java/util/ResourceBundle$ResourceBundleProviderHelper
instanceKlass com/sun/javafx/tk/quantum/QuantumToolkit$6
instanceKlass javafx/scene/control/Control$1
instanceKlass javafx/scene/control/Skin
instanceKlass com/sun/javafx/scene/control/ControlHelper$ControlAccessor
instanceKlass javafx/fxml/FXML
instanceKlass javafx/scene/control/Skinnable
instanceKlass javafx/fxml/FXMLLoader$ControllerAccessor$1
instanceKlass com/sun/javafx/reflect/Trampoline
instanceKlass com/sun/javafx/reflect/MethodUtil$1
instanceKlass com/sun/javafx/fxml/MethodHelper
instanceKlass java/lang/reflect/AnnotatedType
instanceKlass java/lang/reflect/TypeVariable
instanceKlass com/sun/javafx/fxml/ModuleHelper
instanceKlass javafx/css/CssMetaData
instanceKlass com/sun/javafx/geom/Point2D
instanceKlass javafx/scene/input/Clipboard
instanceKlass javafx/scene/Node$MiscProperties
instanceKlass javafx/scene/effect/Effect
instanceKlass javafx/scene/Cursor
instanceKlass javafx/scene/Node$AccessibilityProperties
instanceKlass javafx/scene/Node$NodeTransformation
instanceKlass com/sun/javafx/scene/EventHandlerProperties
instanceKlass javafx/event/EventType
instanceKlass javafx/scene/input/InputMethodRequests
instanceKlass javafx/scene/SnapshotParameters
instanceKlass javafx/geometry/Point2D
instanceKlass com/sun/javafx/scene/traversal/TraversalEngine
instanceKlass javafx/css/Selector
instanceKlass javafx/scene/layout/Border
instanceKlass com/sun/javafx/scene/input/PickResultChooser
instanceKlass com/sun/javafx/geom/PickRay
instanceKlass javafx/scene/layout/Background
instanceKlass javafx/scene/layout/BorderWidths
instanceKlass javafx/scene/layout/CornerRadii
instanceKlass com/sun/javafx/fxml/BeanAdapter$MethodCache
instanceKlass com/sun/javafx/fxml/BeanAdapter$1
instanceKlass java/lang/Class$AnnotationData
instanceKlass java/lang/annotation/Target
instanceKlass sun/reflect/annotation/ExceptionProxy
instanceKlass java/lang/annotation/Documented
instanceKlass java/lang/reflect/Proxy$ProxyBuilder$1
instanceKlass jdk/internal/org/objectweb/asm/Edge
instanceKlass java/lang/reflect/ProxyGenerator$PrimitiveTypeInfo
instanceKlass java/lang/invoke/MethodHandle$1
instanceKlass java/lang/reflect/ProxyGenerator$ProxyMethod
instanceKlass java/lang/PublicMethods
instanceKlass java/util/Collections$1
instanceKlass java/lang/reflect/Proxy$ProxyBuilder
instanceKlass java/lang/reflect/Proxy
instanceKlass sun/reflect/annotation/AnnotationInvocationHandler
instanceKlass sun/reflect/annotation/AnnotationParser$1
instanceKlass java/lang/annotation/Inherited
instanceKlass java/lang/annotation/Retention
instanceKlass sun/reflect/annotation/AnnotationType$1
instanceKlass sun/reflect/annotation/AnnotationType
instanceKlass java/lang/reflect/GenericArrayType
instanceKlass javafx/beans/DefaultProperty
instanceKlass sun/reflect/generics/visitor/Reifier
instanceKlass sun/reflect/generics/visitor/TypeTreeVisitor
instanceKlass sun/reflect/generics/factory/CoreReflectionFactory
instanceKlass sun/reflect/generics/factory/GenericsFactory
instanceKlass sun/reflect/generics/scope/AbstractScope
instanceKlass sun/reflect/generics/scope/Scope
instanceKlass sun/reflect/generics/tree/ClassTypeSignature
instanceKlass sun/reflect/generics/tree/SimpleClassTypeSignature
instanceKlass sun/reflect/generics/tree/FieldTypeSignature
instanceKlass sun/reflect/generics/tree/BaseType
instanceKlass sun/reflect/generics/tree/TypeSignature
instanceKlass sun/reflect/generics/tree/ReturnType
instanceKlass sun/reflect/generics/tree/TypeArgument
instanceKlass sun/reflect/generics/tree/TypeTree
instanceKlass sun/reflect/generics/tree/Tree
instanceKlass sun/reflect/generics/parser/SignatureParser
instanceKlass com/sun/javafx/beans/IDProperty
instanceKlass java/util/StringTokenizer
instanceKlass javafx/scene/layout/Pane$1
instanceKlass com/sun/javafx/geom/Vec2d
instanceKlass javafx/scene/layout/Region$1
instanceKlass javafx/scene/Parent$1
instanceKlass javafx/scene/PropertyHelper
instanceKlass com/sun/javafx/scene/BoundsAccessor
instanceKlass javafx/collections/SetChangeListener$Change
instanceKlass javafx/css/PseudoClass
instanceKlass javafx/geometry/Point3D
instanceKlass com/sun/javafx/scene/transform/TransformHelper
instanceKlass javafx/scene/transform/Transform$1
instanceKlass com/sun/javafx/scene/transform/TransformHelper$TransformAccessor
instanceKlass javafx/scene/transform/Transform
instanceKlass com/sun/javafx/scene/NodeHelper
instanceKlass javafx/scene/Node$1
instanceKlass com/sun/javafx/scene/layout/PaneHelper$PaneAccessor
instanceKlass com/sun/javafx/scene/layout/RegionHelper$RegionAccessor
instanceKlass com/sun/javafx/sg/prism/NGNode
instanceKlass com/sun/javafx/scene/ParentHelper$ParentAccessor
instanceKlass javafx/css/StyleableProperty
instanceKlass com/sun/glass/ui/Accessible$EventHandler
instanceKlass com/sun/javafx/scene/NodeHelper$NodeAccessor
instanceKlass com/sun/javafx/reflect/ConstructorUtil
instanceKlass javafx/scene/shape/Mesh
instanceKlass javafx/scene/text/Font
instanceKlass javafx/scene/Scene
instanceKlass com/mysql/cj/protocol/NetworkResources
instanceKlass java/sql/ResultSetMetaData
instanceKlass com/mysql/cj/LicenseConfiguration
instanceKlass com/mysql/cj/protocol/InternalDate
instanceKlass com/mysql/cj/result/StringValueFactory
instanceKlass com/mysql/cj/protocol/a/result/AbstractResultsetRows
instanceKlass com/mysql/cj/protocol/result/AbstractResultsetRow
instanceKlass com/mysql/cj/result/DefaultColumnDefinition$1
instanceKlass com/mysql/cj/protocol/a/MysqlTextValueDecoder
instanceKlass com/mysql/cj/protocol/ValueDecoder
instanceKlass com/mysql/cj/protocol/a/AbstractRowFactory
instanceKlass com/mysql/cj/result/DefaultColumnDefinition
instanceKlass com/mysql/cj/result/Field$1
instanceKlass com/mysql/cj/protocol/a/ColumnDefinitionReader$1
instanceKlass java/sql/SQLType
instanceKlass com/mysql/cj/util/LazyString
instanceKlass com/mysql/cj/result/Field
instanceKlass com/mysql/cj/protocol/a/ColumnDefinitionFactory
instanceKlass com/mysql/cj/protocol/a/ResultsetFactory
instanceKlass com/mysql/cj/protocol/a/NativeMessageBuilder
instanceKlass com/mysql/cj/protocol/a/MultiPacketReader
instanceKlass com/mysql/cj/protocol/a/TimeTrackingPacketReader
instanceKlass com/mysql/cj/protocol/a/TimeTrackingPacketSender
instanceKlass com/mysql/cj/protocol/a/NativeServerSessionStateController$NativeServerSessionStateChanges
instanceKlass com/mysql/cj/protocol/a/result/OkPacket
instanceKlass com/mysql/cj/protocol/a/NativeUtils
instanceKlass com/mysql/cj/protocol/a/PacketSplitter
instanceKlass com/mysql/cj/protocol/a/authentication/AuthenticationFidoClient
instanceKlass com/mysql/cj/protocol/a/authentication/AuthenticationOciClient
instanceKlass com/mysql/cj/protocol/a/authentication/AuthenticationKerberosClient
instanceKlass sun/invoke/util/VerifyAccess$1
instanceKlass javax/security/auth/callback/Callback
instanceKlass javax/security/auth/callback/CallbackHandler
instanceKlass javax/security/auth/login/Configuration
instanceKlass com/mysql/cj/protocol/a/authentication/AuthenticationLdapSaslClientPlugin
instanceKlass com/mysql/cj/protocol/a/authentication/MysqlOldPasswordPlugin
instanceKlass com/mysql/cj/protocol/a/authentication/Sha256PasswordPlugin
instanceKlass com/mysql/cj/protocol/a/authentication/MysqlClearPasswordPlugin
instanceKlass com/mysql/cj/protocol/a/authentication/MysqlNativePasswordPlugin
instanceKlass com/mysql/cj/protocol/AuthenticationPlugin
instanceKlass com/mysql/cj/protocol/a/NativePacketPayload$1
instanceKlass com/mysql/cj/protocol/a/NativeCapabilities
instanceKlass sun/nio/ch/IOStatus
instanceKlass java/nio/DirectByteBuffer$Deallocator
instanceKlass sun/nio/ch/Util$BufferCache
instanceKlass sun/nio/ch/Util
instanceKlass com/mysql/cj/protocol/a/NativePacketHeader
instanceKlass com/mysql/cj/Collation
instanceKlass sun/nio/cs/DelegatableDecoder
instanceKlass jdk/internal/misc/ScopedMemoryAccess$Scope
instanceKlass java/nio/charset/Charset$ExtendedProviderHolder$1
instanceKlass java/nio/charset/Charset$ExtendedProviderHolder
instanceKlass com/mysql/cj/ServerVersion
instanceKlass com/mysql/cj/MysqlCharset
instanceKlass com/mysql/cj/CharsetMapping
instanceKlass com/mysql/cj/protocol/a/NativeServerSessionStateController
instanceKlass sun/util/calendar/ZoneInfoFile$ZoneOffsetTransitionRule
instanceKlass sun/util/calendar/ZoneInfoFile$1
instanceKlass sun/util/calendar/ZoneInfoFile
instanceKlass java/util/TimeZone
instanceKlass com/mysql/cj/protocol/ServerSessionStateController
instanceKlass com/mysql/cj/protocol/a/NativeServerSession
instanceKlass com/mysql/cj/protocol/a/BinaryResultsetReader
instanceKlass com/mysql/cj/protocol/a/TextResultsetReader
instanceKlass com/mysql/cj/protocol/a/ResultsetRowReader
instanceKlass com/mysql/cj/protocol/ResultsetRow
instanceKlass com/mysql/cj/protocol/a/ColumnDefinitionReader
instanceKlass com/mysql/cj/protocol/ProtocolEntityReader
instanceKlass com/mysql/cj/callback/MysqlCallback
instanceKlass com/mysql/cj/callback/MysqlCallbackHandler
instanceKlass com/mysql/cj/protocol/a/NativeAuthenticationProvider
instanceKlass com/mysql/cj/protocol/a/SimplePacketReader
instanceKlass com/mysql/cj/protocol/a/SimplePacketSender
instanceKlass com/mysql/cj/protocol/a/NativePacketPayload
instanceKlass com/mysql/cj/log/BaseMetricsHolder
instanceKlass com/mysql/cj/protocol/AbstractProtocol$2
instanceKlass com/mysql/cj/protocol/AbstractProtocol$1
instanceKlass java/time/ZonedDateTime
instanceKlass java/time/chrono/ChronoZonedDateTime
instanceKlass java/time/OffsetTime
instanceKlass java/time/OffsetDateTime
instanceKlass java/time/LocalTime
instanceKlass java/time/LocalDateTime
instanceKlass java/time/chrono/ChronoLocalDateTime
instanceKlass java/time/LocalDate
instanceKlass java/time/chrono/ChronoLocalDate
instanceKlass java/time/Instant
instanceKlass java/time/temporal/TemporalAdjuster
instanceKlass java/time/temporal/Temporal
instanceKlass java/time/temporal/TemporalAccessor
instanceKlass java/time/Duration
instanceKlass java/time/temporal/TemporalAmount
instanceKlass java/util/Calendar
instanceKlass com/mysql/cj/protocol/a/AbstractValueEncoder
instanceKlass com/mysql/cj/protocol/ValueEncoder
instanceKlass com/mysql/cj/MessageBuilder
instanceKlass com/mysql/cj/protocol/MessageHeader
instanceKlass com/mysql/cj/CharsetSettings
instanceKlass com/mysql/cj/protocol/ServerSessionStateController$ServerSessionStateChanges
instanceKlass com/mysql/cj/protocol/ServerCapabilities
instanceKlass com/mysql/cj/protocol/AuthenticationProvider
instanceKlass com/mysql/cj/protocol/ServerSession
instanceKlass com/mysql/cj/protocol/MessageReader
instanceKlass com/mysql/cj/protocol/MessageSender
instanceKlass com/mysql/cj/protocol/PacketReceivedTimeHolder
instanceKlass com/mysql/cj/protocol/AbstractProtocol
instanceKlass com/mysql/cj/protocol/Protocol$ProtocolEventHandler
instanceKlass com/mysql/cj/conf/RuntimeProperty$RuntimePropertyListener
instanceKlass sun/nio/ch/NativeThread
instanceKlass sun/net/NetHooks
instanceKlass sun/net/spi/DefaultProxySelector$3
instanceKlass sun/net/spi/DefaultProxySelector$NonProxyInfo
instanceKlass sun/net/spi/DefaultProxySelector$1
instanceKlass java/net/Proxy
instanceKlass java/net/ProxySelector
instanceKlass java/net/SocksSocketImpl$3
instanceKlass java/net/InetSocketAddress$InetSocketAddressHolder
instanceKlass sun/nio/ch/ExtendedSocketOption$1
instanceKlass sun/nio/ch/ExtendedSocketOption
instanceKlass sun/nio/ch/OptionKey
instanceKlass sun/nio/ch/SocketOptionRegistry$LazyInitialization
instanceKlass sun/nio/ch/SocketOptionRegistry$RegistryKey
instanceKlass sun/nio/ch/SocketOptionRegistry
instanceKlass java/net/NetworkInterface
instanceKlass java/net/StandardSocketOptions$StdSocketOption
instanceKlass java/net/StandardSocketOptions
instanceKlass jdk/net/ExtendedSocketOptions$PlatformSocketOptions$1
instanceKlass jdk/net/ExtendedSocketOptions$PlatformSocketOptions
instanceKlass jdk/net/ExtendedSocketOptions$ExtSocketOption
instanceKlass java/net/SocketOption
instanceKlass jdk/net/ExtendedSocketOptions
instanceKlass sun/net/ext/ExtendedSocketOptions
instanceKlass java/net/Inet6Address$Inet6AddressHolder
instanceKlass sun/nio/ch/Net$1
instanceKlass java/net/ProtocolFamily
instanceKlass sun/nio/ch/Net
instanceKlass java/net/SocksConsts
instanceKlass sun/nio/ch/IOUtil
instanceKlass sun/nio/ch/NativeDispatcher
instanceKlass sun/net/PlatformSocketImpl
instanceKlass sun/net/NetProperties$1
instanceKlass sun/net/NetProperties
instanceKlass java/net/SocketImpl
instanceKlass java/net/SocketOptions
instanceKlass java/net/Socket
instanceKlass java/net/InetAddress$PlatformNameService
instanceKlass java/net/InetAddress$NameService
instanceKlass java/net/Inet6AddressImpl
instanceKlass java/net/InetAddressImpl
instanceKlass java/net/InetAddressImplFactory
instanceKlass java/util/concurrent/ConcurrentSkipListMap$Node
instanceKlass java/util/concurrent/ConcurrentSkipListMap$Index
instanceKlass java/util/concurrent/ConcurrentNavigableMap
instanceKlass java/net/InetAddress$InetAddressHolder
instanceKlass java/net/InetAddress$1
instanceKlass jdk/internal/access/JavaNetInetAddressAccess
instanceKlass java/net/InetAddress
instanceKlass java/net/SocketAddress
instanceKlass com/mysql/cj/protocol/StandardSocketFactory
instanceKlass com/mysql/cj/protocol/PacketSentTimeHolder
instanceKlass com/mysql/cj/protocol/SocketFactory
instanceKlass com/mysql/cj/protocol/SocketMetadata
instanceKlass com/mysql/cj/protocol/AbstractSocketConnection
instanceKlass com/mysql/cj/NoSubInterceptorWrapper
instanceKlass com/mysql/cj/interceptors/QueryInterceptor
instanceKlass java/util/LinkedList$LLSpliterator
instanceKlass com/mysql/cj/result/Row
instanceKlass com/mysql/cj/jdbc/DatabaseMetaData$IteratorWithCleanup
instanceKlass com/mysql/cj/protocol/ResultsetRows
instanceKlass com/mysql/cj/result/RowList
instanceKlass com/mysql/cj/jdbc/DatabaseMetaData
instanceKlass com/mysql/cj/log/LogFactory
instanceKlass com/mysql/cj/log/NullLogger
instanceKlass com/mysql/cj/result/ValueFactory
instanceKlass com/mysql/cj/protocol/Message
instanceKlass com/mysql/cj/protocol/Protocol
instanceKlass com/mysql/cj/protocol/SocketConnection
instanceKlass com/mysql/cj/DataStoreMetadata
instanceKlass com/mysql/cj/CoreSession
instanceKlass com/mysql/cj/protocol/a/result/NativeResultset
instanceKlass com/mysql/cj/WarningListener
instanceKlass com/mysql/cj/jdbc/result/ResultSetInternalMethods
instanceKlass com/mysql/cj/protocol/Resultset
instanceKlass com/mysql/cj/protocol/ResultsetRowsOwner
instanceKlass java/sql/ResultSet
instanceKlass com/mysql/cj/jdbc/result/ResultSetFactory
instanceKlass com/mysql/cj/conf/AbstractRuntimeProperty
instanceKlass com/mysql/cj/PerConnectionLRUFactory
instanceKlass com/mysql/cj/util/PerVmServerConfigCacheFactory
instanceKlass com/mysql/cj/CacheAdapterFactory
instanceKlass java/text/AttributedCharacterIterator$Attribute
instanceKlass java/util/Date
instanceKlass com/mysql/cj/conf/AbstractPropertyDefinition
instanceKlass com/mysql/cj/conf/PropertyDefinitions
instanceKlass com/mysql/cj/conf/RuntimeProperty
instanceKlass com/mysql/cj/conf/PropertyDefinition
instanceKlass com/mysql/cj/conf/DefaultPropertySet
instanceKlass java/util/Random
instanceKlass java/util/random/RandomGenerator
instanceKlass com/mysql/cj/log/StandardLogger
instanceKlass com/mysql/cj/log/Log
instanceKlass com/mysql/cj/jdbc/result/CachedResultSetMetaData
instanceKlass com/mysql/cj/protocol/ColumnDefinition
instanceKlass com/mysql/cj/protocol/ProtocolEntity
instanceKlass com/mysql/cj/Session
instanceKlass java/lang/reflect/InvocationHandler
instanceKlass java/sql/CallableStatement
instanceKlass com/mysql/cj/jdbc/StatementImpl
instanceKlass com/mysql/cj/jdbc/JdbcPreparedStatement
instanceKlass com/mysql/cj/jdbc/JdbcStatement
instanceKlass com/mysql/cj/Query
instanceKlass java/sql/PreparedStatement
instanceKlass java/sql/Statement
instanceKlass java/sql/SQLXML
instanceKlass java/sql/NClob
instanceKlass java/sql/DatabaseMetaData
instanceKlass java/sql/Blob
instanceKlass java/sql/Savepoint
instanceKlass java/sql/Clob
instanceKlass com/mysql/cj/protocol/ProtocolEntityFactory
instanceKlass com/mysql/cj/jdbc/IterateBlock
instanceKlass com/mysql/cj/exceptions/ExceptionInterceptor
instanceKlass com/mysql/cj/jdbc/ConnectionImpl
instanceKlass com/mysql/cj/Session$SessionEventListener
instanceKlass com/mysql/cj/jdbc/JdbcConnection
instanceKlass com/mysql/cj/TransactionEventHandler
instanceKlass com/mysql/cj/MysqlConnection
instanceKlass com/mysql/cj/jdbc/NonRegisteringDriver$1
instanceKlass java/util/ArrayList$ArrayListSpliterator
instanceKlass java/util/Collections$UnmodifiableMap$UnmodifiableEntrySet$UnmodifiableEntrySetSpliterator
instanceKlass java/math/MathContext
instanceKlass jdk/internal/math/FDBigInteger
instanceKlass java/text/FieldPosition
instanceKlass sun/util/locale/BaseLocale$Key
instanceKlass java/text/Format
instanceKlass java/util/ResourceBundle$Control$2
instanceKlass sun/util/resources/Bundles
instanceKlass java/util/zip/ZipFile$ZipEntryIterator
instanceKlass java/util/ResourceBundle$CacheKeyReference
instanceKlass java/util/ResourceBundle$CacheKey
instanceKlass sun/util/locale/LocaleObjectCache
instanceKlass java/util/ResourceBundle$Control
instanceKlass java/util/stream/AbstractSpinedBuffer
instanceKlass java/util/stream/Node$Builder
instanceKlass java/util/stream/Node$OfDouble
instanceKlass java/util/stream/Node$OfLong
instanceKlass java/util/stream/Node$OfInt
instanceKlass java/util/stream/Node$OfPrimitive
instanceKlass java/util/stream/Nodes$EmptyNode
instanceKlass java/util/stream/Node
instanceKlass java/util/stream/Nodes
instanceKlass java/util/ImmutableCollections$Access$1
instanceKlass jdk/internal/access/JavaUtilCollectionAccess
instanceKlass java/util/ImmutableCollections$Access
instanceKlass java/util/ServiceLoader$ProviderSpliterator
instanceKlass java/util/spi/ResourceBundleControlProvider
instanceKlass java/util/ResourceBundle$ResourceBundleControlProviderHolder
instanceKlass java/util/ResourceBundle$1
instanceKlass jdk/internal/access/JavaUtilResourceBundleAccess
instanceKlass java/util/ResourceBundle
instanceKlass com/mysql/cj/Messages
instanceKlass com/mysql/cj/Constants
instanceKlass com/mysql/cj/util/Util
instanceKlass com/mysql/cj/conf/HostInfo
instanceKlass com/mysql/cj/conf/ConnectionUrlParser$Pair
instanceKlass com/mysql/cj/util/StringInspector
instanceKlass java/util/StringJoiner
instanceKlass java/util/concurrent/ConcurrentHashMap$MapEntry
instanceKlass java/util/Collections$SynchronizedCollection
instanceKlass java/util/Properties$EntrySet
instanceKlass java/util/BitSet
instanceKlass java/net/URLEncoder
instanceKlass java/net/URLDecoder
instanceKlass com/mysql/cj/util/StringUtils
instanceKlass com/mysql/cj/conf/ConnectionUrlParser
instanceKlass com/mysql/cj/conf/ConnectionUrl
instanceKlass com/mysql/cj/conf/DatabaseUrlContainer
instanceKlass java/util/concurrent/CopyOnWriteArrayList$COWIterator
instanceKlass java/sql/DriverInfo
instanceKlass java/util/concurrent/Executors$DelegatedExecutorService
instanceKlass com/mysql/cj/jdbc/AbandonedConnectionCleanupThread
instanceKlass java/util/ServiceLoader$ProviderImpl
instanceKlass java/util/ServiceLoader$Provider
instanceKlass com/mysql/cj/jdbc/JdbcPropertySet
instanceKlass com/mysql/cj/conf/PropertySet
instanceKlass java/sql/Connection
instanceKlass java/sql/Wrapper
instanceKlass java/util/ServiceLoader$1
instanceKlass com/mysql/cj/jdbc/NonRegisteringDriver
instanceKlass java/util/zip/Checksum$1
instanceKlass java/util/zip/CRC32
instanceKlass java/util/zip/Checksum
instanceKlass sun/net/www/protocol/jar/JarFileFactory
instanceKlass sun/net/www/protocol/jar/URLJarFile$URLJarFileCloseController
instanceKlass java/sql/Driver
instanceKlass java/sql/DriverManager$2
instanceKlass java/sql/DriverManager$1
instanceKlass java/sql/DriverManager
instanceKlass otemps/main/DatabaseConnection
instanceKlass otemps/services/CategorieService
instanceKlass otemps/services/ObjetService
instanceKlass com/sun/javafx/reflect/ReflectUtil
instanceKlass otemps/controllers/HomeController
instanceKlass javafx/fxml/FXMLLoader$Attribute
instanceKlass javafx/collections/SetChangeListener
instanceKlass javafx/beans/value/ChangeListener
instanceKlass javafx/collections/MapChangeListener
instanceKlass javafx/event/EventHandler
instanceKlass java/util/EventListener
instanceKlass java/util/LinkedList$ListItr
instanceKlass javafx/geometry/Insets
instanceKlass com/sun/org/apache/xerces/internal/util/XMLChar
instanceKlass com/sun/xml/internal/stream/util/BufferAllocator
instanceKlass com/sun/xml/internal/stream/util/ThreadLocalBufferAllocator
instanceKlass com/sun/xml/internal/stream/Entity
instanceKlass com/sun/org/apache/xerces/internal/util/XMLSymbols
instanceKlass com/sun/org/apache/xerces/internal/utils/XMLLimitAnalyzer
instanceKlass com/sun/org/apache/xerces/internal/impl/msg/XMLMessageFormatter
instanceKlass com/sun/org/apache/xerces/internal/util/MessageFormatter
instanceKlass com/sun/org/apache/xerces/internal/impl/XMLErrorReporter
instanceKlass com/sun/org/apache/xerces/internal/impl/XMLEntityScanner
instanceKlass com/sun/org/apache/xerces/internal/xni/XMLLocator
instanceKlass com/sun/xml/internal/stream/XMLEntityStorage
instanceKlass com/sun/org/apache/xerces/internal/impl/XMLEntityManager
instanceKlass com/sun/org/apache/xerces/internal/xni/parser/XMLEntityResolver
instanceKlass com/sun/org/apache/xerces/internal/util/NamespaceContextWrapper
instanceKlass javax/xml/namespace/NamespaceContext
instanceKlass com/sun/org/apache/xerces/internal/xni/grammars/XMLDTDDescription
instanceKlass com/sun/org/apache/xerces/internal/xni/grammars/XMLGrammarDescription
instanceKlass com/sun/org/apache/xerces/internal/impl/XMLDocumentScannerImpl$TrailingMiscDriver
instanceKlass com/sun/org/apache/xerces/internal/impl/XMLDocumentScannerImpl$PrologDriver
instanceKlass com/sun/org/apache/xerces/internal/impl/XMLDocumentScannerImpl$XMLDeclDriver
instanceKlass com/sun/org/apache/xerces/internal/util/NamespaceSupport
instanceKlass com/sun/org/apache/xerces/internal/xni/NamespaceContext
instanceKlass com/sun/org/apache/xerces/internal/util/AugmentationsImpl$AugmentationsItemsContainer
instanceKlass com/sun/org/apache/xerces/internal/util/AugmentationsImpl
instanceKlass com/sun/org/apache/xerces/internal/xni/Augmentations
instanceKlass com/sun/org/apache/xerces/internal/util/XMLAttributesImpl$Attribute
instanceKlass com/sun/org/apache/xerces/internal/util/XMLAttributesImpl
instanceKlass com/sun/org/apache/xerces/internal/xni/XMLAttributes
instanceKlass com/sun/org/apache/xerces/internal/impl/XMLDocumentFragmentScannerImpl$FragmentContentDriver
instanceKlass com/sun/org/apache/xerces/internal/impl/XMLDocumentFragmentScannerImpl$Driver
instanceKlass com/sun/org/apache/xerces/internal/impl/XMLDocumentFragmentScannerImpl$ElementStack2
instanceKlass com/sun/org/apache/xerces/internal/xni/QName
instanceKlass com/sun/org/apache/xerces/internal/impl/XMLDocumentFragmentScannerImpl$ElementStack
instanceKlass com/sun/org/apache/xerces/internal/util/XMLResourceIdentifierImpl
instanceKlass com/sun/org/apache/xerces/internal/xni/XMLResourceIdentifier
instanceKlass com/sun/org/apache/xerces/internal/xni/XMLString
instanceKlass com/sun/org/apache/xerces/internal/impl/XMLScanner
instanceKlass com/sun/xml/internal/stream/XMLBufferListener
instanceKlass com/sun/org/apache/xerces/internal/impl/XMLEntityHandler
instanceKlass com/sun/org/apache/xerces/internal/xni/parser/XMLComponent
instanceKlass com/sun/org/apache/xerces/internal/xni/parser/XMLDocumentScanner
instanceKlass com/sun/org/apache/xerces/internal/xni/parser/XMLDocumentSource
instanceKlass com/sun/org/apache/xerces/internal/util/SymbolTable$Entry
instanceKlass com/sun/org/apache/xerces/internal/util/SymbolTable
instanceKlass com/sun/org/apache/xerces/internal/impl/XMLStreamReaderImpl
instanceKlass com/sun/org/apache/xerces/internal/xni/parser/XMLInputSource
instanceKlass javax/xml/stream/util/StreamReaderDelegate
instanceKlass jdk/xml/internal/JdkConstants
instanceKlass javax/xml/parsers/SAXParserFactory
instanceKlass jdk/xml/internal/JdkXmlUtils
instanceKlass com/sun/org/apache/xerces/internal/utils/XMLSecurityPropertyManager
instanceKlass com/sun/org/apache/xerces/internal/utils/XMLSecurityManager
instanceKlass com/sun/org/apache/xerces/internal/impl/PropertyManager
instanceKlass jdk/internal/loader/URLClassPath$1
instanceKlass java/lang/CompoundEnumeration
instanceKlass jdk/internal/loader/BuiltinClassLoader$1
instanceKlass java/util/Collections$EmptyEnumeration
instanceKlass java/util/ServiceLoader$3
instanceKlass java/util/ServiceLoader$2
instanceKlass java/util/ServiceLoader$LazyClassPathLookupIterator
instanceKlass java/util/Spliterators$1Adapter
instanceKlass java/util/Spliterators$ArraySpliterator
instanceKlass java/util/ServiceLoader$ModuleServicesLookupIterator
instanceKlass java/util/ServiceLoader
instanceKlass javax/xml/stream/FactoryFinder$1
instanceKlass jdk/xml/internal/SecuritySupport
instanceKlass javax/xml/stream/FactoryFinder
instanceKlass javax/xml/stream/XMLInputFactory
instanceKlass sun/net/DefaultProgressMeteringPolicy
instanceKlass sun/net/ProgressMeteringPolicy
instanceKlass sun/net/ProgressMonitor
instanceKlass sun/net/www/MessageHeader
instanceKlass java/net/URLConnection
instanceKlass javafx/fxml/FXMLLoader$ControllerAccessor
instanceKlass javafx/collections/MapChangeListener$Change
instanceKlass com/sun/javafx/collections/ObservableMapWrapper
instanceKlass jdk/internal/loader/BuiltinClassLoader$2
instanceKlass com/sun/javafx/fxml/FXMLLoaderHelper
instanceKlass javafx/fxml/FXMLLoader$2
instanceKlass javafx/fxml/FXMLLoader$1
instanceKlass java/util/LinkedList$Node
instanceKlass java/nio/charset/CoderResult
instanceKlass jdk/internal/util/jar/JarIndex
instanceKlass java/util/NavigableSet
instanceKlass java/util/SortedSet
instanceKlass jdk/internal/loader/FileURLMapper
instanceKlass jdk/internal/loader/URLClassPath$JarLoader$1
instanceKlass com/sun/javafx/application/PlatformImpl$2
instanceKlass javafx/application/Platform
instanceKlass javafx/util/Builder
instanceKlass javafx/fxml/JavaFXBuilderFactory
instanceKlass javafx/fxml/FXMLLoader$Element
instanceKlass javax/script/Bindings
instanceKlass jdk/internal/jimage/ImageLocation
instanceKlass jdk/internal/jimage/decompressor/Decompressor
instanceKlass jdk/internal/jimage/ImageStringsReader
instanceKlass jdk/internal/jimage/ImageStrings
instanceKlass jdk/internal/jimage/ImageHeader
instanceKlass jdk/internal/jimage/NativeImageBuffer$1
instanceKlass jdk/internal/jimage/NativeImageBuffer
instanceKlass jdk/internal/jimage/BasicImageReader$1
instanceKlass jdk/internal/jimage/BasicImageReader
instanceKlass jdk/internal/jimage/ImageReader
instanceKlass jdk/internal/jimage/ImageReaderFactory$1
instanceKlass java/nio/file/Paths
instanceKlass jdk/internal/jimage/ImageReaderFactory
instanceKlass jdk/internal/module/SystemModuleFinders$SystemImage
instanceKlass jdk/internal/module/SystemModuleFinders$SystemModuleReader
instanceKlass javax/xml/stream/XMLStreamReader
instanceKlass javax/xml/stream/XMLStreamConstants
instanceKlass java/io/Reader
instanceKlass java/lang/Readable
instanceKlass com/sun/javafx/fxml/FXMLLoaderHelper$FXMLLoaderAccessor
instanceKlass javafx/util/BuilderFactory
instanceKlass javafx/fxml/FXMLLoader
instanceKlass com/sun/javafx/collections/VetoableListDecorator$ModCountAccessor
instanceKlass com/sun/javafx/collections/VetoableListDecorator
instanceKlass com/sun/javafx/event/EventDispatchChainImpl
instanceKlass javafx/event/EventDispatchChain
instanceKlass com/sun/javafx/event/BasicEventDispatcher
instanceKlass javafx/event/EventDispatcher
instanceKlass java/util/EventObject
instanceKlass javafx/beans/binding/NumberBinding
instanceKlass javafx/stage/Window$TKBoundsConfigurator
instanceKlass com/sun/javafx/tk/TKPulseListener
instanceKlass javafx/stage/Stage$2
instanceKlass javafx/stage/Stage$1
instanceKlass com/sun/javafx/stage/WindowHelper
instanceKlass javafx/stage/Window$1
instanceKlass com/sun/javafx/stage/WindowPeerListener
instanceKlass com/sun/javafx/tk/TKStageListener
instanceKlass javafx/beans/binding/StringExpression
instanceKlass javafx/beans/value/ObservableStringValue
instanceKlass javafx/beans/value/WritableStringValue
instanceKlass com/sun/javafx/stage/StagePeerListener$StageAccessor
instanceKlass com/sun/javafx/stage/StageHelper$StageAccessor
instanceKlass javafx/scene/Node
instanceKlass javafx/css/Styleable
instanceKlass com/sun/javafx/stage/WindowHelper$WindowAccessor
instanceKlass javafx/beans/value/WritableDoubleValue
instanceKlass javafx/beans/value/WritableNumberValue
instanceKlass com/sun/javafx/application/LauncherImpl$1
instanceKlass java/lang/StackTraceElement$HashedModules
instanceKlass javafx/stage/Window
instanceKlass javafx/event/EventTarget
instanceKlass com/sun/glass/ui/InvokeLaterDispatcher$Future
instanceKlass java/util/concurrent/LinkedBlockingDeque$Node
instanceKlass com/sun/scenario/animation/AbstractPrimaryTimer$MainLoop
instanceKlass com/sun/scenario/DelayedRunnable
instanceKlass com/sun/scenario/animation/shared/TimerReceiver
instanceKlass com/sun/scenario/animation/shared/PulseReceiver
instanceKlass com/sun/javafx/animation/TickCalculation
instanceKlass com/sun/scenario/Settings
instanceKlass java/util/AbstractList$Itr
instanceKlass javafx/collections/ListChangeBuilder$SubChange
instanceKlass javafx/collections/ListChangeBuilder
instanceKlass javafx/geometry/Rectangle2D
instanceKlass com/sun/javafx/tk/TKScreenConfigurationListener
instanceKlass com/sun/javafx/binding/ExpressionHelperBase
instanceKlass javafx/collections/WeakListChangeListener
instanceKlass javafx/beans/WeakListener
instanceKlass javafx/collections/ListChangeListener
instanceKlass javafx/collections/ListChangeListener$Change
instanceKlass javafx/util/Callback
instanceKlass com/sun/javafx/collections/SortableList
instanceKlass javafx/collections/FXCollections$EmptyObservableSet$1
instanceKlass javafx/collections/FXCollections$EmptyObservableList$1
instanceKlass javafx/collections/ObservableIntegerArray
instanceKlass javafx/collections/ObservableFloatArray
instanceKlass javafx/collections/ObservableArray
instanceKlass javafx/collections/ObservableSet
instanceKlass javafx/collections/ObservableList
instanceKlass javafx/collections/ObservableMap
instanceKlass javafx/collections/FXCollections
instanceKlass javafx/stage/Screen
instanceKlass com/sun/prism/impl/ps/BaseShaderContext$State
instanceKlass com/sun/javafx/geom/Vec3d
instanceKlass com/sun/prism/impl/VertexBuffer
instanceKlass com/sun/javafx/geom/BaseBounds
instanceKlass com/sun/javafx/geom/transform/GeneralTransform3D
instanceKlass com/sun/javafx/geom/transform/BaseTransform
instanceKlass com/sun/javafx/geom/transform/CanTransformVec3d
instanceKlass com/sun/prism/MaskTextureGraphics
instanceKlass com/sun/prism/ReadbackGraphics
instanceKlass com/sun/prism/ps/ShaderGraphics
instanceKlass com/sun/prism/impl/BaseGraphics
instanceKlass com/sun/prism/RectShadowGraphics
instanceKlass com/sun/prism/Graphics
instanceKlass com/sun/prism/impl/BaseContext
instanceKlass com/sun/prism/ps/Shader
instanceKlass com/sun/prism/PhongMaterial
instanceKlass com/sun/prism/Material
instanceKlass com/sun/prism/Mesh
instanceKlass com/sun/prism/MeshView
instanceKlass com/sun/prism/Presentable
instanceKlass com/sun/prism/RTTexture
instanceKlass com/sun/prism/RenderTarget
instanceKlass com/sun/prism/Surface
instanceKlass com/sun/prism/Texture
instanceKlass com/sun/prism/impl/TextureResourcePool
instanceKlass com/sun/prism/impl/ResourcePool
instanceKlass com/sun/prism/shape/ShapeRep
instanceKlass java/util/concurrent/Executors$RunnableAdapter
instanceKlass java/util/concurrent/FutureTask$WaitNode
instanceKlass java/util/concurrent/FutureTask
instanceKlass java/util/concurrent/BlockingDeque
instanceKlass java/lang/ProcessEnvironment$CheckedEntry
instanceKlass java/lang/ProcessEnvironment$CheckedEntrySet$1
instanceKlass java/lang/ProcessEnvironment$EntryComparator
instanceKlass java/lang/ProcessEnvironment$NameComparator
instanceKlass com/sun/glass/ui/win/WinApplication$1
instanceKlass com/sun/glass/ui/View
instanceKlass com/sun/glass/ui/Cursor
instanceKlass com/sun/glass/ui/Accessible
instanceKlass com/sun/glass/ui/Pixels
instanceKlass com/sun/glass/ui/Window
instanceKlass com/sun/glass/ui/GlassRobot
instanceKlass com/sun/glass/ui/Timer
instanceKlass com/sun/glass/ui/delegate/MenuDelegate
instanceKlass com/sun/glass/ui/delegate/MenuItemDelegate
instanceKlass com/sun/glass/ui/delegate/MenuBarDelegate
instanceKlass com/sun/glass/ui/delegate/ClipboardDelegate
instanceKlass com/sun/glass/ui/InvokeLaterDispatcher$InvokeLaterSubmitter
instanceKlass com/sun/glass/ui/Platform
instanceKlass com/sun/glass/ui/PlatformFactory
instanceKlass java/lang/Shutdown$Lock
instanceKlass java/lang/Shutdown
instanceKlass java/lang/ApplicationShutdownHooks$1
instanceKlass java/lang/ApplicationShutdownHooks
instanceKlass com/sun/javafx/tk/quantum/GlassScene
instanceKlass com/sun/javafx/tk/TKScene
instanceKlass com/sun/javafx/tk/quantum/PaintCollector
instanceKlass com/sun/javafx/tk/CompletionListener
instanceKlass java/util/concurrent/ForkJoinPool$WorkQueue
instanceKlass java/util/concurrent/ForkJoinPool$DefaultCommonPoolForkJoinWorkerThreadFactory
instanceKlass java/util/concurrent/ForkJoinPool$1
instanceKlass java/util/concurrent/ForkJoinPool$DefaultForkJoinWorkerThreadFactory
instanceKlass java/util/concurrent/ForkJoinPool$ForkJoinWorkerThreadFactory
instanceKlass java/util/concurrent/ForkJoinPool$ManagedBlocker
instanceKlass com/sun/glass/ui/Application
instanceKlass com/sun/glass/ui/View$Capability
instanceKlass com/sun/glass/ui/Screen
instanceKlass com/sun/prism/impl/BaseResourceFactory
instanceKlass com/sun/prism/ps/ShaderFactory
instanceKlass com/sun/prism/ResourceFactory
instanceKlass com/sun/prism/GraphicsResource
instanceKlass com/sun/javafx/font/FontFactory
instanceKlass com/sun/prism/GraphicsPipeline
instanceKlass java/util/concurrent/locks/AbstractQueuedSynchronizer$Node
instanceKlass com/sun/javafx/tk/quantum/QuantumRenderer$PipelineRunnable
instanceKlass com/sun/javafx/tk/quantum/QuantumRenderer$QuantumThreadFactory
instanceKlass java/util/concurrent/Executors$DefaultThreadFactory
instanceKlass java/util/concurrent/Executors
instanceKlass java/util/concurrent/LinkedBlockingQueue$Node
instanceKlass java/util/concurrent/locks/AbstractQueuedSynchronizer$ConditionObject
instanceKlass java/util/concurrent/locks/Condition
instanceKlass java/util/concurrent/atomic/AtomicReference
instanceKlass java/util/concurrent/ThreadPoolExecutor$AbortPolicy
instanceKlass java/util/concurrent/RejectedExecutionHandler
instanceKlass java/util/concurrent/RunnableFuture
instanceKlass java/util/concurrent/Future
instanceKlass java/util/concurrent/BlockingQueue
instanceKlass java/util/concurrent/AbstractExecutorService
instanceKlass java/util/concurrent/ExecutorService
instanceKlass java/util/concurrent/Executor
instanceKlass javafx/scene/input/KeyCombination
instanceKlass com/sun/glass/ui/MenuItem$Callback
instanceKlass com/sun/glass/ui/Menu$EventHandler
instanceKlass com/sun/javafx/menu/MenuItemBase
instanceKlass com/sun/javafx/tk/quantum/GlassSystemMenu
instanceKlass java/util/Collections$SynchronizedMap
instanceKlass com/sun/prism/impl/PrismSettings
instanceKlass com/sun/javafx/tk/quantum/PerformanceTrackerHelper$1
instanceKlass com/sun/javafx/tk/quantum/PerformanceTrackerHelper
instanceKlass com/sun/javafx/tk/quantum/QuantumToolkit$PulseTask
instanceKlass com/sun/javafx/geom/PathConsumer2D
instanceKlass com/sun/javafx/geom/Shape
instanceKlass com/sun/prism/BasicStroke
instanceKlass com/sun/javafx/tk/quantum/QuantumToolkit$3
instanceKlass com/sun/javafx/tk/TKSystemMenu
instanceKlass com/sun/javafx/tk/FontLoader
instanceKlass com/sun/scenario/animation/AbstractPrimaryTimer
instanceKlass com/sun/scenario/effect/Filterable
instanceKlass com/sun/scenario/effect/LockableResource
instanceKlass com/sun/scenario/effect/FilterContext
instanceKlass com/sun/javafx/tk/ImageLoader
instanceKlass com/sun/javafx/runtime/async/AbstractAsyncOperation
instanceKlass java/util/concurrent/Callable
instanceKlass com/sun/javafx/runtime/async/AsyncOperation
instanceKlass com/sun/glass/ui/Application$EventHandler
instanceKlass com/sun/javafx/tk/TKStage
instanceKlass com/sun/javafx/scene/text/TextLayoutFactory
instanceKlass javafx/scene/shape/PathElement
instanceKlass com/sun/glass/ui/Screen$EventHandler
instanceKlass com/sun/javafx/tk/PlatformImage
instanceKlass com/sun/javafx/tk/ScreenConfigurationAccessor
instanceKlass com/sun/javafx/perf/PerformanceTracker
instanceKlass jdk/internal/reflect/ClassDefiner$1
instanceKlass jdk/internal/reflect/ClassDefiner
instanceKlass jdk/internal/reflect/MethodAccessorGenerator$1
instanceKlass jdk/internal/reflect/Label$PatchInfo
instanceKlass jdk/internal/reflect/Label
instanceKlass jdk/internal/reflect/UTF8
instanceKlass jdk/internal/reflect/ClassFileAssembler
instanceKlass jdk/internal/reflect/ByteVectorImpl
instanceKlass jdk/internal/reflect/ByteVector
instanceKlass jdk/internal/reflect/ByteVectorFactory
instanceKlass jdk/internal/reflect/AccessorGenerator
instanceKlass jdk/internal/reflect/ClassFileConstants
instanceKlass sun/security/provider/ByteArrayAccess
instanceKlass java/lang/constant/DynamicConstantDesc
instanceKlass java/lang/constant/DirectMethodHandleDesc$1
instanceKlass java/lang/constant/DirectMethodHandleDescImpl$1
instanceKlass java/lang/constant/DirectMethodHandleDescImpl
instanceKlass java/lang/constant/DirectMethodHandleDesc
instanceKlass java/lang/constant/MethodHandleDesc$1
instanceKlass java/lang/constant/MethodHandleDesc
instanceKlass java/lang/constant/MethodTypeDescImpl
instanceKlass java/lang/constant/MethodTypeDesc
instanceKlass java/lang/constant/ReferenceClassDescImpl
instanceKlass java/lang/constant/ConstantUtils
instanceKlass java/lang/constant/ClassDesc
instanceKlass java/lang/constant/ConstantDescs
instanceKlass java/lang/invoke/VarHandle$2
instanceKlass java/lang/invoke/VarHandle$TypesAndInvokers
instanceKlass java/lang/invoke/VarHandleByteArrayBase
instanceKlass sun/security/provider/ByteArrayAccess$LE
instanceKlass sun/security/util/MessageDigestSpi2
instanceKlass sun/security/jca/GetInstance$Instance
instanceKlass java/util/Collections$EmptyIterator
instanceKlass java/util/LinkedHashMap$LinkedHashIterator
instanceKlass sun/security/util/SecurityProviderConstants
instanceKlass java/security/Provider$UString
instanceKlass java/security/Provider$Service
instanceKlass sun/security/provider/NativePRNG$NonBlocking
instanceKlass sun/security/provider/NativePRNG$Blocking
instanceKlass sun/security/provider/NativePRNG
instanceKlass sun/security/provider/SunEntries$1
instanceKlass sun/security/provider/SunEntries
instanceKlass sun/security/util/SecurityConstants
instanceKlass java/util/Properties$LineReader
instanceKlass java/security/Security$1
instanceKlass java/security/Security
instanceKlass sun/security/jca/ProviderList$2
instanceKlass java/security/Provider$EngineDescription
instanceKlass java/security/Provider$ServiceKey
instanceKlass sun/security/jca/ProviderConfig
instanceKlass sun/security/jca/ProviderList
instanceKlass sun/security/jca/Providers
instanceKlass sun/security/jca/GetInstance
instanceKlass java/security/MessageDigestSpi
instanceKlass java/util/TreeMap$PrivateEntryIterator
instanceKlass java/util/TreeMap$Entry
instanceKlass java/lang/invoke/LambdaFormEditor$1
instanceKlass java/util/NavigableMap
instanceKlass java/util/SortedMap
instanceKlass java/lang/invoke/MethodHandles$1
instanceKlass java/lang/Long$LongCache
instanceKlass jdk/internal/module/Resources
instanceKlass java/lang/StackStreamFactory$FrameBuffer
instanceKlass java/lang/StackStreamFactory$1
instanceKlass java/lang/StackStreamFactory
instanceKlass com/sun/glass/utils/NativeLibLoader
instanceKlass jdk/internal/math/FloatingDecimal$ASCIIToBinaryBuffer
instanceKlass jdk/internal/math/FloatingDecimal$PreparedASCIIToBinaryBuffer
instanceKlass jdk/internal/math/FloatingDecimal$ASCIIToBinaryConverter
instanceKlass jdk/internal/math/FloatingDecimal$BinaryToASCIIBuffer
instanceKlass jdk/internal/math/FloatingDecimal$ExceptionalBinaryToASCIIBuffer
instanceKlass jdk/internal/math/FloatingDecimal$BinaryToASCIIConverter
instanceKlass jdk/internal/math/FloatingDecimal
instanceKlass com/sun/javafx/PlatformUtil
instanceKlass com/sun/javafx/runtime/VersionInfo
instanceKlass javafx/scene/image/Image$1
instanceKlass javafx/scene/image/PixelReader
instanceKlass javafx/beans/binding/NumberExpressionBase
instanceKlass javafx/beans/binding/NumberExpression
instanceKlass javafx/beans/value/ObservableDoubleValue
instanceKlass javafx/beans/value/ObservableNumberValue
instanceKlass com/sun/javafx/tk/Toolkit$ImageAccessor
instanceKlass javafx/geometry/Bounds
instanceKlass com/sun/javafx/util/Utils
instanceKlass javafx/scene/image/Image
instanceKlass javafx/animation/Interpolatable
instanceKlass javafx/scene/paint/Paint
instanceKlass com/sun/javafx/tk/TKClipboard
instanceKlass com/sun/javafx/tk/Toolkit
instanceKlass com/sun/javafx/application/PlatformImpl$1
instanceKlass javafx/beans/InvalidationListener
instanceKlass javafx/beans/value/WritableObjectValue
instanceKlass javafx/beans/binding/Binding
instanceKlass javafx/beans/binding/ObjectExpression
instanceKlass javafx/beans/value/ObservableObjectValue
instanceKlass com/sun/javafx/tk/TKListener
instanceKlass javafx/beans/binding/BooleanExpression
instanceKlass javafx/beans/value/ObservableBooleanValue
instanceKlass javafx/beans/value/WritableBooleanValue
instanceKlass javafx/beans/property/Property
instanceKlass javafx/beans/value/WritableValue
instanceKlass javafx/beans/property/ReadOnlyProperty
instanceKlass javafx/beans/value/ObservableValue
instanceKlass javafx/beans/Observable
instanceKlass com/sun/javafx/application/PlatformImpl
instanceKlass java/util/concurrent/CountDownLatch
instanceKlass java/lang/invoke/VarHandle$AccessDescriptor
instanceKlass java/lang/invoke/VarForm
instanceKlass java/lang/invoke/VarHandleGuards
instanceKlass jdk/internal/util/Preconditions$1
instanceKlass java/lang/invoke/VarHandle$1
instanceKlass java/lang/ClassValue$Version
instanceKlass java/lang/ClassValue$Identity
instanceKlass java/lang/ClassValue
instanceKlass java/lang/invoke/VarHandles
instanceKlass java/util/concurrent/atomic/AtomicBoolean
instanceKlass com/sun/javafx/application/ModuleAccess
instanceKlass javafx/application/Preloader$PreloaderNotification
instanceKlass com/sun/javafx/application/PlatformImpl$FinishListener
instanceKlass javafx/application/Application$Parameters
instanceKlass com/sun/javafx/application/LauncherImpl
instanceKlass sun/launcher/LauncherHelper$FXHelper
instanceKlass javafx/application/Application
instanceKlass jdk/internal/module/ModulePatcher$PatchedModuleReader
instanceKlass java/nio/file/FileSystems$DefaultFileSystemHolder$1
instanceKlass java/nio/file/FileSystems$DefaultFileSystemHolder
instanceKlass java/util/concurrent/locks/ReentrantReadWriteLock$WriteLock
instanceKlass java/util/concurrent/locks/ReentrantReadWriteLock$ReadLock
instanceKlass java/util/concurrent/locks/ReentrantReadWriteLock
instanceKlass java/util/concurrent/locks/ReadWriteLock
instanceKlass jdk/internal/module/ModuleReferences$SafeCloseModuleReader
instanceKlass jdk/internal/loader/BuiltinClassLoader$5
instanceKlass java/security/SecureClassLoader$DebugHolder
instanceKlass java/security/PermissionCollection
instanceKlass java/security/SecureClassLoader$1
instanceKlass java/security/SecureClassLoader$CodeSourceKey
instanceKlass java/io/FileInputStream$1
instanceKlass sun/nio/ByteBuffered
instanceKlass java/lang/Package$VersionInfo
instanceKlass java/lang/NamedPackage
instanceKlass jdk/internal/loader/Resource
instanceKlass jdk/internal/loader/URLClassPath$Loader
instanceKlass jdk/internal/loader/URLClassPath$3
instanceKlass java/security/PrivilegedExceptionAction
instanceKlass sun/net/util/URLUtil
instanceKlass sun/nio/cs/ArrayDecoder
instanceKlass java/nio/charset/CharsetDecoder
instanceKlass sun/launcher/LauncherHelper
instanceKlass jdk/internal/vm/PostVMInitHook$1
instanceKlass jdk/internal/util/EnvUtils
instanceKlass jdk/internal/vm/PostVMInitHook$2
instanceKlass jdk/internal/vm/PostVMInitHook
instanceKlass java/lang/invoke/StringConcatFactory$3
instanceKlass java/lang/invoke/StringConcatFactory$2
instanceKlass java/lang/invoke/StringConcatFactory$1
instanceKlass java/lang/invoke/StringConcatFactory
instanceKlass jdk/internal/module/ModuleBootstrap$SafeModuleFinder
instanceKlass java/lang/ModuleLayer$Controller
instanceKlass java/util/concurrent/CopyOnWriteArrayList
instanceKlass jdk/internal/module/ServicesCatalog$ServiceProvider
instanceKlass jdk/internal/loader/AbstractClassLoaderValue$Memoizer
instanceKlass jdk/internal/module/ModuleLoaderMap$Modules
instanceKlass jdk/internal/module/ModuleLoaderMap$Mapper
instanceKlass jdk/internal/module/ModuleLoaderMap
instanceKlass java/lang/module/ResolvedModule
instanceKlass java/lang/ModuleLayer
instanceKlass java/util/stream/ForEachOps$ForEachOp
instanceKlass java/util/stream/ForEachOps
instanceKlass java/util/stream/DistinctOps
instanceKlass java/util/HashMap$HashMapSpliterator
instanceKlass java/util/AbstractMap$SimpleImmutableEntry
instanceKlass java/util/regex/ASCII
instanceKlass java/util/regex/IntHashSet
instanceKlass java/util/regex/Matcher
instanceKlass java/util/regex/MatchResult
instanceKlass java/util/regex/Pattern$BitClass
instanceKlass java/util/regex/Pattern$TreeInfo
instanceKlass java/util/regex/CharPredicates
instanceKlass java/util/regex/Pattern$BmpCharPredicate
instanceKlass java/util/regex/Pattern$CharPredicate
instanceKlass java/util/regex/Pattern$Node
instanceKlass java/util/regex/Pattern
instanceKlass jdk/internal/module/ModulePath$Patterns
instanceKlass java/util/jar/Attributes
instanceKlass java/security/CodeSigner
instanceKlass sun/security/util/Debug
instanceKlass java/util/jar/JarVerifier
instanceKlass java/io/RandomAccessFile$1
instanceKlass java/util/WeakHashMap$HashIterator
instanceKlass java/lang/module/ModuleReader
instanceKlass java/net/URI$Parser
instanceKlass sun/nio/fs/WindowsUriSupport
instanceKlass jdk/internal/module/ModuleReferences
instanceKlass jdk/internal/module/ModuleInfo$Attributes
instanceKlass java/util/Collections$UnmodifiableCollection$1
instanceKlass jdk/internal/module/Checks
instanceKlass java/util/function/IntFunction
instanceKlass java/util/Spliterators$AbstractSpliterator
instanceKlass java/lang/module/ModuleDescriptor$Builder
instanceKlass jdk/internal/module/ModuleInfo$ConstantPool$Entry
instanceKlass jdk/internal/module/ModuleInfo$ConstantPool
instanceKlass jdk/internal/module/ModuleInfo$CountingDataInput
instanceKlass jdk/internal/module/ModuleInfo
instanceKlass jdk/internal/org/objectweb/asm/ClassReader
instanceKlass java/util/zip/ZipFile$InflaterCleanupAction
instanceKlass java/util/zip/Inflater$InflaterZStreamRef
instanceKlass java/util/zip/Inflater
instanceKlass java/util/zip/ZipEntry
instanceKlass java/lang/StringCoding
instanceKlass jdk/internal/perf/PerfCounter$CoreCounters
instanceKlass sun/util/locale/LocaleUtils
instanceKlass sun/util/locale/BaseLocale
instanceKlass java/util/Locale
instanceKlass java/nio/file/attribute/FileTime
instanceKlass java/util/zip/ZipUtils
instanceKlass java/util/zip/ZipFile$Source$End
instanceKlass java/io/RandomAccessFile$2
instanceKlass jdk/internal/access/JavaIORandomAccessFileAccess
instanceKlass java/io/RandomAccessFile
instanceKlass java/io/DataInput
instanceKlass java/io/DataOutput
instanceKlass java/util/zip/ZipFile$Source$Key
instanceKlass java/util/zip/ZipFile$Source
instanceKlass java/util/zip/ZipCoder
instanceKlass java/util/zip/ZipFile$CleanableResource
instanceKlass sun/nio/fs/WindowsNativeDispatcher$CompletionStatus
instanceKlass sun/nio/fs/WindowsNativeDispatcher$AclInformation
instanceKlass sun/nio/fs/WindowsNativeDispatcher$Account
instanceKlass sun/nio/fs/WindowsNativeDispatcher$DiskFreeSpace
instanceKlass sun/nio/fs/WindowsNativeDispatcher$VolumeInformation
instanceKlass sun/nio/fs/WindowsNativeDispatcher$FirstStream
instanceKlass sun/nio/fs/WindowsNativeDispatcher$FirstFile
instanceKlass java/util/Enumeration
instanceKlass java/util/concurrent/ConcurrentHashMap$Traverser
instanceKlass java/util/concurrent/ConcurrentHashMap$CollectionView
instanceKlass jdk/internal/loader/NativeLibraries$NativeLibraryImpl
instanceKlass jdk/internal/loader/NativeLibrary
instanceKlass java/util/ArrayDeque$DeqIterator
instanceKlass jdk/internal/loader/NativeLibraries$1
instanceKlass jdk/internal/loader/NativeLibraries$LibraryPaths
instanceKlass sun/nio/fs/WindowsNativeDispatcher
instanceKlass sun/nio/fs/NativeBuffer$Deallocator
instanceKlass sun/nio/fs/NativeBuffer
instanceKlass java/lang/ThreadLocal$ThreadLocalMap
instanceKlass sun/nio/fs/NativeBuffers
instanceKlass sun/nio/fs/WindowsFileAttributes
instanceKlass java/nio/file/attribute/DosFileAttributes
instanceKlass sun/nio/fs/AbstractBasicFileAttributeView
instanceKlass sun/nio/fs/DynamicFileAttributeView
instanceKlass sun/nio/fs/WindowsFileAttributeViews
instanceKlass sun/nio/fs/Util
instanceKlass java/nio/file/attribute/BasicFileAttributeView
instanceKlass java/nio/file/attribute/FileAttributeView
instanceKlass java/nio/file/attribute/AttributeView
instanceKlass java/nio/file/Files
instanceKlass java/nio/file/CopyOption
instanceKlass java/nio/file/attribute/BasicFileAttributes
instanceKlass java/util/ImmutableCollections$ListItr
instanceKlass java/util/ListIterator
instanceKlass java/lang/module/ModuleFinder$1
instanceKlass java/lang/module/Resolver
instanceKlass java/lang/module/Configuration
instanceKlass java/util/ImmutableCollections$Set12$1
instanceKlass java/util/stream/Streams
instanceKlass java/util/stream/Stream$Builder
instanceKlass java/util/stream/Streams$AbstractStreamBuilderImpl
instanceKlass java/util/stream/FindOps$FindOp
instanceKlass java/util/stream/FindOps$FindSink
instanceKlass java/util/stream/FindOps
instanceKlass java/util/AbstractList$RandomAccessSpliterator
instanceKlass java/util/stream/Sink$ChainedReference
instanceKlass java/util/stream/ReduceOps$AccumulatingSink
instanceKlass java/util/stream/TerminalSink
instanceKlass java/util/stream/Sink
instanceKlass java/util/function/Consumer
instanceKlass java/util/stream/ReduceOps$Box
instanceKlass java/util/stream/ReduceOps$ReduceOp
instanceKlass java/util/stream/TerminalOp
instanceKlass java/util/stream/ReduceOps
instanceKlass java/util/function/BinaryOperator
instanceKlass java/util/function/BiFunction
instanceKlass java/util/function/BiConsumer
instanceKlass java/util/stream/Collectors$CollectorImpl
instanceKlass java/util/stream/Collector
instanceKlass java/util/stream/Collectors
instanceKlass java/lang/ref/Cleaner$Cleanable
instanceKlass jdk/internal/ref/CleanerImpl
instanceKlass java/lang/ref/Cleaner$1
instanceKlass java/lang/ref/Cleaner
instanceKlass jdk/internal/ref/CleanerFactory$1
instanceKlass java/util/concurrent/ThreadFactory
instanceKlass jdk/internal/ref/CleanerFactory
instanceKlass java/lang/invoke/MethodHandles$Lookup$ClassDefiner
instanceKlass java/lang/invoke/MethodHandles$Lookup$ClassFile
instanceKlass jdk/internal/org/objectweb/asm/Handler
instanceKlass jdk/internal/org/objectweb/asm/Attribute
instanceKlass jdk/internal/org/objectweb/asm/FieldVisitor
instanceKlass java/util/ArrayList$Itr
instanceKlass java/lang/invoke/InvokerBytecodeGenerator$ClassData
instanceKlass jdk/internal/org/objectweb/asm/AnnotationVisitor
instanceKlass jdk/internal/org/objectweb/asm/Frame
instanceKlass jdk/internal/org/objectweb/asm/Label
instanceKlass jdk/internal/org/objectweb/asm/MethodVisitor
instanceKlass java/lang/invoke/LambdaFormBuffer
instanceKlass java/lang/invoke/LambdaFormEditor$TransformKey
instanceKlass java/lang/invoke/LambdaFormEditor
instanceKlass sun/invoke/util/Wrapper$1
instanceKlass java/lang/invoke/DelegatingMethodHandle$Holder
instanceKlass java/lang/invoke/DirectMethodHandle$2
instanceKlass sun/invoke/empty/Empty
instanceKlass sun/invoke/util/VerifyType
instanceKlass java/lang/invoke/ClassSpecializer$Factory
instanceKlass java/lang/invoke/ClassSpecializer$SpeciesData
instanceKlass java/lang/invoke/ClassSpecializer$1
instanceKlass java/util/function/Function
instanceKlass java/lang/invoke/ClassSpecializer
instanceKlass java/lang/invoke/InnerClassLambdaMetafactory$1
instanceKlass java/lang/invoke/LambdaProxyClassArchive
instanceKlass jdk/internal/org/objectweb/asm/ByteVector
instanceKlass jdk/internal/org/objectweb/asm/Symbol
instanceKlass jdk/internal/org/objectweb/asm/SymbolTable
instanceKlass jdk/internal/org/objectweb/asm/ClassVisitor
instanceKlass java/lang/invoke/InfoFromMemberName
instanceKlass java/lang/invoke/MethodHandleInfo
instanceKlass jdk/internal/org/objectweb/asm/ConstantDynamic
instanceKlass sun/invoke/util/BytecodeDescriptor
instanceKlass jdk/internal/org/objectweb/asm/Handle
instanceKlass sun/security/action/GetBooleanAction
instanceKlass jdk/internal/org/objectweb/asm/Type
instanceKlass java/lang/invoke/AbstractValidatingLambdaMetafactory
instanceKlass java/lang/invoke/MethodHandleImpl$1
instanceKlass jdk/internal/access/JavaLangInvokeAccess
instanceKlass java/lang/invoke/Invokers$Holder
instanceKlass java/lang/invoke/BootstrapMethodInvoker
instanceKlass java/util/function/Predicate
instanceKlass java/lang/WeakPairMap$Pair$Lookup
instanceKlass java/lang/WeakPairMap$Pair
instanceKlass java/lang/WeakPairMap
instanceKlass java/lang/Module$ReflectionData
instanceKlass java/lang/invoke/InvokerBytecodeGenerator$2
instanceKlass java/lang/invoke/InvokerBytecodeGenerator
instanceKlass java/lang/invoke/LambdaForm$Holder
instanceKlass java/lang/invoke/LambdaForm$Name
instanceKlass java/lang/invoke/Invokers
instanceKlass java/lang/invoke/MethodHandleImpl
instanceKlass sun/invoke/util/ValueConversions
instanceKlass java/lang/invoke/DirectMethodHandle$Holder
instanceKlass java/lang/invoke/LambdaForm$NamedFunction
instanceKlass sun/invoke/util/Wrapper$Format
instanceKlass java/lang/invoke/MethodTypeForm
instanceKlass java/lang/Void
instanceKlass java/lang/invoke/MethodType$ConcurrentWeakInternSet
instanceKlass java/lang/invoke/LambdaMetafactory
instanceKlass sun/reflect/annotation/AnnotationParser
instanceKlass java/lang/Class$3
instanceKlass java/lang/PublicMethods$Key
instanceKlass java/lang/PublicMethods$MethodList
instanceKlass java/util/EnumMap$1
instanceKlass java/util/stream/StreamOpFlag$MaskBuilder
instanceKlass java/util/stream/Stream
instanceKlass java/util/stream/BaseStream
instanceKlass java/util/stream/PipelineHelper
instanceKlass java/util/stream/StreamSupport
instanceKlass java/util/Spliterators$IteratorSpliterator
instanceKlass java/util/Spliterator$OfDouble
instanceKlass java/util/Spliterator$OfLong
instanceKlass java/util/Spliterator$OfInt
instanceKlass java/util/Spliterator$OfPrimitive
instanceKlass java/util/Spliterator
instanceKlass java/util/Spliterators$EmptySpliterator
instanceKlass java/util/Spliterators
instanceKlass jdk/internal/module/DefaultRoots
instanceKlass java/lang/module/ModuleFinder$2
instanceKlass java/util/ImmutableCollections$SetN$SetNIterator
instanceKlass jdk/internal/loader/BuiltinClassLoader$LoadedModule
instanceKlass jdk/internal/loader/AbstractClassLoaderValue
instanceKlass jdk/internal/module/ServicesCatalog
instanceKlass sun/net/util/IPAddressUtil
instanceKlass java/net/URLStreamHandler
instanceKlass java/util/HexFormat
instanceKlass sun/net/www/ParseUtil
instanceKlass java/net/URL$3
instanceKlass jdk/internal/access/JavaNetURLAccess
instanceKlass java/net/URL$DefaultFactory
instanceKlass java/net/URLStreamHandlerFactory
instanceKlass jdk/internal/loader/URLClassPath
instanceKlass java/security/Principal
instanceKlass java/security/ProtectionDomain$Key
instanceKlass java/security/ProtectionDomain$JavaSecurityAccessImpl
instanceKlass jdk/internal/access/JavaSecurityAccess
instanceKlass java/lang/ClassLoader$ParallelLoaders
instanceKlass java/security/cert/Certificate
instanceKlass jdk/internal/loader/ArchivedClassLoaders
instanceKlass java/util/Deque
instanceKlass java/util/Queue
instanceKlass jdk/internal/loader/ClassLoaderHelper
instanceKlass jdk/internal/loader/NativeLibraries
instanceKlass jdk/internal/loader/BootLoader
instanceKlass jdk/internal/module/SystemModuleFinders$SystemModuleFinder
instanceKlass jdk/internal/module/SystemModuleFinders$3
instanceKlass jdk/internal/module/ModuleHashes$HashSupplier
instanceKlass jdk/internal/module/SystemModuleFinders$2
instanceKlass java/util/function/Supplier
instanceKlass java/lang/module/ModuleReference
instanceKlass jdk/internal/module/ModuleResolution
instanceKlass java/util/Collections$UnmodifiableMap
instanceKlass jdk/internal/module/ModuleHashes$Builder
instanceKlass jdk/internal/module/ModuleHashes
instanceKlass jdk/internal/module/ModuleTarget
instanceKlass java/lang/module/ModuleDescriptor$Version
instanceKlass java/lang/module/ModuleDescriptor$Provides
instanceKlass java/lang/module/ModuleDescriptor$Opens
instanceKlass java/lang/module/ModuleDescriptor$Exports
instanceKlass java/lang/module/ModuleDescriptor$Requires
instanceKlass jdk/internal/module/Builder
instanceKlass jdk/internal/module/SystemModules$all
instanceKlass jdk/internal/module/SystemModules
instanceKlass jdk/internal/module/SystemModulesMap
instanceKlass java/net/URI$1
instanceKlass jdk/internal/access/JavaNetUriAccess
instanceKlass java/net/URI
instanceKlass jdk/internal/module/SystemModuleFinders
instanceKlass jdk/internal/module/ArchivedModuleGraph
instanceKlass java/util/Optional
instanceKlass java/lang/Runtime$Version
instanceKlass java/util/jar/JavaUtilJarAccessImpl
instanceKlass jdk/internal/access/JavaUtilJarAccess
instanceKlass java/util/zip/ZipFile$1
instanceKlass jdk/internal/access/JavaUtilZipFileAccess
instanceKlass java/util/zip/ZipFile
instanceKlass java/util/zip/ZipConstants
instanceKlass java/nio/Bits$1
instanceKlass jdk/internal/misc/VM$BufferPool
instanceKlass java/nio/Bits
instanceKlass sun/nio/ch/DirectBuffer
instanceKlass jdk/internal/perf/Perf
instanceKlass jdk/internal/perf/Perf$GetPerfAction
instanceKlass jdk/internal/perf/PerfCounter
instanceKlass java/lang/reflect/Array
instanceKlass java/util/jar/Attributes$Name
instanceKlass jdk/internal/module/ModulePath
instanceKlass java/lang/module/ModuleFinder
instanceKlass sun/nio/fs/WindowsPath
instanceKlass sun/nio/fs/WindowsPathParser$Result
instanceKlass sun/nio/fs/WindowsPathParser
instanceKlass java/util/Collections$UnmodifiableCollection
instanceKlass java/util/Arrays$ArrayItr
instanceKlass java/nio/file/FileSystem
instanceKlass java/nio/file/OpenOption
instanceKlass java/lang/Enum
instanceKlass java/nio/file/spi/FileSystemProvider
instanceKlass sun/nio/fs/DefaultFileSystemProvider
instanceKlass java/nio/file/FileSystems
instanceKlass java/nio/file/Path
instanceKlass java/nio/file/Watchable
instanceKlass jdk/internal/util/Preconditions
instanceKlass jdk/internal/module/ArchivedBootLayer
instanceKlass jdk/internal/module/ModuleBootstrap$Counters
instanceKlass jdk/internal/module/ModulePatcher
instanceKlass java/io/FileSystem
instanceKlass java/io/DefaultFileSystem
instanceKlass java/io/File
instanceKlass java/lang/module/ModuleDescriptor$1
instanceKlass jdk/internal/access/JavaLangModuleAccess
instanceKlass sun/invoke/util/VerifyAccess
instanceKlass java/lang/module/ModuleDescriptor
instanceKlass jdk/internal/module/ModuleBootstrap
instanceKlass java/lang/invoke/MethodHandleStatics
instanceKlass java/util/Collections
instanceKlass sun/io/Win32ErrorMode
instanceKlass jdk/internal/misc/OSEnvironment
instanceKlass jdk/internal/misc/Signal$NativeHandler
instanceKlass java/util/Hashtable$Entry
instanceKlass jdk/internal/misc/Signal
instanceKlass java/lang/Terminator$1
instanceKlass jdk/internal/misc/Signal$Handler
instanceKlass java/lang/Terminator
instanceKlass java/nio/ByteOrder
instanceKlass java/nio/Buffer$1
instanceKlass jdk/internal/access/JavaNioAccess
instanceKlass jdk/internal/misc/ScopedMemoryAccess
instanceKlass java/nio/charset/CodingErrorAction
instanceKlass sun/nio/cs/SingleByte
instanceKlass java/lang/StringUTF16
instanceKlass sun/nio/cs/MS1252$Holder
instanceKlass sun/nio/cs/ArrayEncoder
instanceKlass java/nio/charset/CharsetEncoder
instanceKlass java/lang/reflect/Modifier
instanceKlass java/lang/Class$1
instanceKlass java/lang/Class$Atomic
instanceKlass java/lang/Class$ReflectionData
instanceKlass jdk/internal/util/ArraysSupport
instanceKlass java/nio/charset/StandardCharsets
instanceKlass sun/nio/cs/HistoricallyNamedCharset
instanceKlass sun/security/action/GetPropertyAction
instanceKlass java/lang/ThreadLocal
instanceKlass java/nio/charset/spi/CharsetProvider
instanceKlass java/nio/charset/Charset
instanceKlass java/io/Writer
instanceKlass java/io/OutputStream
instanceKlass java/io/Flushable
instanceKlass java/io/FileDescriptor$1
instanceKlass jdk/internal/access/JavaIOFileDescriptorAccess
instanceKlass java/io/FileDescriptor
instanceKlass jdk/internal/util/StaticProperty
instanceKlass java/util/HashMap$HashIterator
instanceKlass java/lang/Integer$IntegerCache
instanceKlass java/lang/CharacterData
instanceKlass java/util/Arrays
instanceKlass java/lang/VersionProps
instanceKlass java/lang/StringConcatHelper
instanceKlass jdk/internal/misc/VM
instanceKlass jdk/internal/util/SystemProps$Raw
instanceKlass jdk/internal/util/SystemProps
instanceKlass java/lang/System$2
instanceKlass jdk/internal/access/JavaLangAccess
instanceKlass java/lang/ref/Reference$1
instanceKlass jdk/internal/access/JavaLangRefAccess
instanceKlass java/lang/ref/ReferenceQueue$Lock
instanceKlass java/lang/ref/ReferenceQueue
instanceKlass jdk/internal/reflect/ReflectionFactory
instanceKlass jdk/internal/reflect/ReflectionFactory$GetReflectionFactoryAction
instanceKlass java/security/PrivilegedAction
instanceKlass java/util/concurrent/locks/LockSupport
instanceKlass java/util/concurrent/ConcurrentHashMap$Node
instanceKlass java/util/concurrent/ConcurrentHashMap$CounterCell
instanceKlass java/util/concurrent/locks/ReentrantLock
instanceKlass java/util/concurrent/locks/Lock
instanceKlass java/lang/Runtime
instanceKlass java/util/HashMap$Node
instanceKlass java/util/KeyValueHolder
instanceKlass java/util/Map$Entry
instanceKlass java/util/ImmutableCollections$MapN$MapNIterator
instanceKlass java/lang/Math
instanceKlass jdk/internal/reflect/Reflection
instanceKlass java/lang/invoke/MethodHandles$Lookup
instanceKlass java/lang/StringLatin1
instanceKlass java/security/Permission
instanceKlass java/security/Guard
instanceKlass java/lang/invoke/MemberName$Factory
instanceKlass java/lang/invoke/MethodHandles
instanceKlass jdk/internal/access/SharedSecrets
instanceKlass java/lang/reflect/ReflectAccess
instanceKlass jdk/internal/access/JavaLangReflectAccess
instanceKlass java/util/ImmutableCollections
instanceKlass java/util/Objects
instanceKlass java/util/Set
instanceKlass jdk/internal/misc/CDS
instanceKlass java/lang/Module$ArchivedData
instanceKlass java/lang/String$CaseInsensitiveComparator
instanceKlass java/util/Comparator
instanceKlass java/io/ObjectStreamField
instanceKlass jdk/internal/vm/vector/VectorSupport$VectorPayload
instanceKlass jdk/internal/vm/vector/VectorSupport
instanceKlass java/lang/reflect/RecordComponent
instanceKlass java/util/Iterator
instanceKlass java/lang/Number
instanceKlass java/lang/Character
instanceKlass java/lang/Boolean
instanceKlass java/util/concurrent/locks/AbstractOwnableSynchronizer
instanceKlass java/lang/LiveStackFrame
instanceKlass java/lang/StackFrameInfo
instanceKlass java/lang/StackWalker$StackFrame
instanceKlass java/lang/StackStreamFactory$AbstractStackWalker
instanceKlass java/lang/StackWalker
instanceKlass java/nio/Buffer
instanceKlass java/lang/StackTraceElement
instanceKlass java/util/RandomAccess
instanceKlass java/util/List
instanceKlass java/util/AbstractCollection
instanceKlass java/util/Collection
instanceKlass java/lang/Iterable
instanceKlass java/util/concurrent/ConcurrentMap
instanceKlass java/util/AbstractMap
instanceKlass java/security/CodeSource
instanceKlass jdk/internal/loader/ClassLoaders
instanceKlass java/util/jar/Manifest
instanceKlass java/net/URL
instanceKlass java/io/InputStream
instanceKlass java/io/Closeable
instanceKlass java/lang/AutoCloseable
instanceKlass jdk/internal/module/Modules
instanceKlass jdk/internal/misc/Unsafe
instanceKlass jdk/internal/misc/UnsafeConstants
instanceKlass java/lang/AbstractStringBuilder
instanceKlass java/lang/Appendable
instanceKlass java/lang/AssertionStatusDirectives
instanceKlass java/lang/invoke/MethodHandleNatives$CallSiteContext
instanceKlass jdk/internal/invoke/NativeEntryPoint
instanceKlass java/lang/invoke/CallSite
instanceKlass java/lang/invoke/MethodType
instanceKlass java/lang/invoke/TypeDescriptor$OfMethod
instanceKlass java/lang/invoke/LambdaForm
instanceKlass java/lang/invoke/MethodHandleNatives
instanceKlass java/lang/invoke/ResolvedMethodName
instanceKlass java/lang/invoke/MemberName
instanceKlass java/lang/invoke/VarHandle
instanceKlass java/lang/invoke/MethodHandle
instanceKlass jdk/internal/reflect/CallerSensitive
instanceKlass java/lang/annotation/Annotation
instanceKlass jdk/internal/reflect/FieldAccessor
instanceKlass jdk/internal/reflect/ConstantPool
instanceKlass jdk/internal/reflect/ConstructorAccessor
instanceKlass jdk/internal/reflect/MethodAccessor
instanceKlass jdk/internal/reflect/MagicAccessorImpl
instanceKlass java/lang/reflect/Parameter
instanceKlass java/lang/reflect/Member
instanceKlass java/lang/reflect/AccessibleObject
instanceKlass java/lang/Module
instanceKlass java/util/Map
instanceKlass java/util/Dictionary
instanceKlass java/lang/ThreadGroup
instanceKlass java/lang/Thread$UncaughtExceptionHandler
instanceKlass java/lang/Thread
instanceKlass java/lang/Runnable
instanceKlass java/lang/ref/Reference
instanceKlass java/lang/Record
instanceKlass java/security/AccessController
instanceKlass java/security/AccessControlContext
instanceKlass java/security/ProtectionDomain
instanceKlass java/lang/SecurityManager
instanceKlass java/lang/Throwable
instanceKlass java/lang/System
instanceKlass java/lang/ClassLoader
instanceKlass java/lang/Cloneable
instanceKlass java/lang/Class
instanceKlass java/lang/invoke/TypeDescriptor$OfField
instanceKlass java/lang/invoke/TypeDescriptor
instanceKlass java/lang/reflect/Type
instanceKlass java/lang/reflect/GenericDeclaration
instanceKlass java/lang/reflect/AnnotatedElement
instanceKlass java/lang/String
instanceKlass java/lang/constant/ConstantDesc
instanceKlass java/lang/constant/Constable
instanceKlass java/lang/CharSequence
instanceKlass java/lang/Comparable
instanceKlass java/io/Serializable
ciInstanceKlass java/lang/Object 1 1 92 7 1 10 12 1 1 10 7 12 1 1 1 10 7 12 1 1 1 10 12 1 1 8 1 10 12 1 1 10 7 12 1 1 1 10 12 1 10 12 1 1 100 1 8 1 10 12 1 3 8 1 100 1 5 0 1 1 1 1 1 1 1 1 1 1 1 1 1 1 1 1 100 1 1 1 7 1 1 1 1 1 1 1 100 1 1 1 1 1 1 1
ciInstanceKlass java/lang/Class 1 1 1611 10 7 12 1 1 1 9 7 12 1 1 1 9 12 1 1 7 1 10 10 12 1 1 8 1 10 12 1 8 1 8 1 10 12 1 1 10 12 1 1 10 12 1 10 10 12 1 10 12 1 1 10 12 1 1 10 7 12 1 1 10 12 1 10 12 1 10 12 1 8 1 10 12 1 8 1 10 12 1 8 1 8 1 10 12 1 1 10 7 12 1 1 1 18 12 1 1 11 7 12 1 1 1 8 1 8 1 8 1 10 7 12 1 1 1 11 12 1 1 7 1 8 1 10 12 1 11 100 12 1 1 1 10 12 1 1 11 8 1 18 8 1 10 12 1 10 7 12 1 1 10 7 12 1 1 1 10 12 1 1 10 7 12 1 1 1 9 100 12 1 1 1 10 100 12 1 1 1 10 7 12 1 1 1 10 12 1 1 18 12 1 1 10 7 12 1 1 1 10 7 12 1 1 10 12 1 1 10 7 1 100 1 10 12 1 1 9 12 1 1 7 1 8 1 10 12 1 10 12 1 1 10 12 1 1 10 7 12 1 1 1 7 1 10 12 1 7 1 7 1 10 10 12 1 1 10 12 1 1 100 1 10 100 12 1 1 1 10 12 1 1 10 12 1 1 9 12 1 1 10 12 1 10 12 1 10 12 1 1 9 12 1 1 9 12 1 1 10 12 1 1 10 7 1 10 12 1 10 12 1 10 12 1 1 10 9 12 1 10 12 1 8 1 10 12 1 1 10 12 1 1 10 12 1 10 12 1 1 10 12 1 1 10 12 1 1 9 7 12 1 1 1 10 7 12 1 1 10 12 10 12 1 10 12 1 1 10 100 12 1 1 10 12 1 10 12 1 1 10 100 12 1 1 1 10 12 1 10 12 1 1 10 12 1 10 12 1 10 12 1 1 10 7 1 10 10 10 12 1 1 10 12 1 1 10 12 10 12 1 1 100 1 8 1 10 10 12 1 1 10 12 1 100 1 11 12 1 10 100 12 1 1 10 12 1 10 12 1 10 100 12 1 1 10 10 12 1 1 8 1 10 12 1 10 12 1 1 8 1 9 12 1 10 12 1 10 12 1 10 12 1 10 12 100 1 9 12 1 10 12 1 9 12 1 10 12 1 10 12 1 10 12 1 10 10 12 1 10 12 1 10 12 1 10 12 1 10 12 1 10 12 1 100 1 10 12 1 10 12 1 1 10 12 1 1 10 12 1 1 10 12 1 1 10 12 1 1 10 12 1 1 7 1 10 10 12 1 1 10 12 1 1 10 12 1 1 10 10 12 1 10 12 1 1 10 12 1 1 10 12 1 1 10 12 1 1 7 1 10 10 12 11 100 12 1 1 10 12 1 1 10 12 1 10 7 12 1 1 1 10 12 1 1 10 10 12 1 1 7 1 10 10 12 1 1 10 100 12 1 1 1 100 1 7 1 10 12 1 1 10 12 1 10 10 12 1 1 10 12 1 10 12 1 10 12 1 10 100 12 1 1 1 11 7 12 1 1 10 12 1 10 12 1 9 12 1 10 12 1 1 10 12 1 9 12 1 1 7 1 10 9 12 1 1 10 12 7 1 10 12 1 9 12 1 10 100 12 1 1 1 10 12 1 10 12 1 10 100 12 1 1 1 10 12 1 10 12 10 12 1 1 100 1 10 8 1 10 12 1 11 11 12 1 1 11 7 12 1 1 11 12 1 8 1 10 12 1 10 12 1 1 9 12 1 9 12 1 1 10 7 12 1 1 9 12 1 10 12 1 1 10 10 12 1 10 7 12 1 1 1 10 7 12 1 1 10 7 12 1 1 9 12 1 1 10 12 1 9 12 1 10 12 1 10 12 1 1 9 12 1 1 9 12 1 10 12 1 10 12 1 1 9 12 1 100 1 10 10 12 1 1 7 1 10 12 1 1 100 11 100 1 9 12 1 1 9 12 1 100 1 10 12 1 9 12 1 1 9 12 1 10 12 1 10 12 1 1 9 12 1 7 1 10 10 12 1 1 10 10 12 1 1 10 12 10 10 12 1 9 12 1 10 12 1 1 10 7 12 1 1 1 10 12 1 1 10 12 1 8 10 7 8 1 18 8 1 8 1 10 12 1 9 12 1 9 12 1 1 10 12 1 7 1 100 1 10 12 1 9 12 1 1 7 1 10 10 12 1 10 7 1 9 12 1 8 1 10 12 1 7 1 10 12 1 10 12 1 1 9 12 1 100 1 8 1 10 7 1 4 10 10 12 11 7 12 1 1 1 10 12 1 100 1 10 12 1 1 10 8 1 8 1 10 12 1 1 9 7 12 1 1 11 12 7 1 11 100 12 1 1 9 12 1 10 100 12 1 1 1 10 7 12 1 1 10 12 1 1 9 12 1 9 10 12 1 1 10 12 1 1 10 12 1 1 10 12 1 1 10 12 1 1 11 12 1 7 1 11 12 1 10 7 12 1 1 1 10 12 1 7 1 11 12 1 10 7 12 1 1 1 10 12 1 10 11 12 1 11 12 1 1 10 12 1 10 12 1 1 9 12 1 1 9 100 12 1 1 10 12 1 10 100 12 1 1 1 10 12 1 1 10 12 1 10 12 1 10 12 1 10 7 12 1 1 1 10 12 1 8 1 10 12 1 10 12 1 10 12 1 10 100 12 1 1 1 11 100 12 1 1 1 10 12 1 1 10 12 1 18 12 1 1 11 12 1 1 18 11 12 1 18 12 1 11 12 1 10 12 1 1 10 12 1 10 12 1 10 12 10 12 1 8 1 10 12 1 7 1 9 12 1 1 100 1 100 1 100 1 100 1 100 1 1 1 3 1 3 1 3 1 1 1 1 1 1 1 5 0 1 1 1 1 1 1 1 1 1 1 1 1 1 1 1 1 1 1 1 1 1 1 1 100 1 1 1 1 1 1 1 100 1 1 1 1 1 1 7 1 1 1 1 1 1 1 1 1 1 1 1 1 1 1 1 1 1 1 1 1 1 1 1 1 1 1 1 1 1 1 1 1 1 1 1 1 1 100 1 1 1 1 1 1 1 1 1 1 1 1 1 1 1 1 1 1 1 1 1 1 1 1 1 1 1 1 100 1 1 1 1 1 1 1 1 1 1 1 1 1 1 1 1 1 1 1 1 1 1 1 1 1 1 1 1 1 1 1 1 1 1 1 1 1 1 1 1 1 1 1 1 1 1 1 1 1 1 1 1 1 100 1 100 1 1 1 1 1 1 1 1 1 1 1 1 1 1 1 1 1 1 1 1 1 1 1 1 1 1 1 1 1 1 1 1 1 1 1 1 1 1 1 1 1 1 1 1 1 1 1 1 1 1 1 1 1 1 1 1 1 1 1 1 1 1 1 100 1 1 1 1 1 1 1 1 1 1 1 1 1 1 1 1 1 1 1 1 1 1 1 1 1 1 1 1 1 1 1 1 1 1 1 1 1 1 1 1 1 1 1 1 1 1 1 1 1 1 1 1 1 1 1 1 1 1 1 1 1 1 1 1 1 1 1 1 15 10 7 12 1 1 1 16 15 10 12 16 15 11 12 16 1 16 15 16 15 10 12 16 16 15 10 12 16 15 16 1 15 10 12 16 1 1 1 1 1 1 1 1 100 1 1 100 1 100 1 1 100 1 100 1 1
staticfield java/lang/Class EMPTY_CLASS_ARRAY [Ljava/lang/Class; 0 [Ljava/lang/Class;
staticfield java/lang/Class serialPersistentFields [Ljava/io/ObjectStreamField; 0 [Ljava/io/ObjectStreamField;
ciInstanceKlass java/io/Serializable 1 0 7 100 1 100 1 1 1
instanceKlass jdk/internal/vm/vector/VectorSupport$VectorShuffle
instanceKlass jdk/internal/vm/vector/VectorSupport$VectorMask
instanceKlass jdk/internal/vm/vector/VectorSupport$Vector
ciInstanceKlass jdk/internal/vm/vector/VectorSupport$VectorPayload 0 0 32 10 100 12 1 1 1 9 100 12 1 1 1 10 100 12 1 1 1 1 1 1 1 1 1 1 1 1 1 1 1 1
ciInstanceKlass jdk/internal/vm/vector/VectorSupport$VectorShuffle 0 0 28 10 100 12 1 1 1 100 1 1 1 1 1 1 1 1 1 1 1 1 1 1 1 100 1 1 1 1
ciInstanceKlass jdk/internal/vm/vector/VectorSupport$VectorMask 0 0 28 10 100 12 1 1 1 100 1 1 1 1 1 1 1 1 1 1 1 1 1 1 1 100 1 1 1 1
ciInstanceKlass jdk/internal/vm/vector/VectorSupport$Vector 0 0 28 10 100 12 1 1 1 100 1 1 1 1 1 1 1 1 1 1 1 1 1 1 1 100 1 1 1 1
ciInstanceKlass jdk/internal/vm/vector/VectorSupport 0 0 487 100 1 10 100 12 1 1 1 9 12 1 1 10 12 1 1 100 1 10 12 1 11 100 12 1 1 1 11 100 12 1 1 1 11 100 12 1 1 11 100 12 1 1 1 11 100 1 100 1 10 12 1 1 11 100 12 1 1 11 100 12 1 1 100 1 11 100 12 1 1 11 100 12 1 1 11 100 12 1 1 1 11 100 12 1 1 1 11 100 12 1 1 1 11 100 12 1 1 1 100 1 10 12 1 1 11 100 12 1 1 100 1 11 100 12 1 1 11 100 12 1 1 11 100 12 1 1 11 100 1 100 1 9 12 1 1 10 100 12 1 1 11 100 12 1 1 10 12 1 1 10 100 12 1 1 1 10 12 1 10 12 1 1 10 12 1 1 1 1 1 3 1 3 1 3 1 3 1 3 1 3 1 3 1 3 1 3 1 3 1 3 1 3 1 3 1 3 1 3 1 3 1 3 1 3 1 3 1 3 1 3 1 3 1 3 1 3 1 3 1 3 1 3 1 3 1 3 1 3 1 3 1 3 1 3 1 3 1 3 1 3 1 3 1 3 1 3 1 1 1 1 1 3 1 1 1 1 1 1 3 1 1 1 1 1 1 1 1 1 1 1 1 1 1 1 1 1 1 1 1 1 1 1 1 1 1 1 1 1 1 1 1 1 1 1 1 1 1 1 1 1 1 1 1 1 1 1 1 1 1 1 1 1 1 1 1 1 1 1 1 1 1 1 1 1 1 1 1 1 1 1 1 1 1 1 1 1 1 1 1 1 1 1 1 1 1 1 1 1 1 1 1 1 1 1 1 1 1 1 1 1 1 1 1 1 1 1 1 1 1 1 1 1 1 1 1 1 1 1 1 1 1 1 1 1 1 1 1 1 1 1 1 1 1 1 1 1 1 1 1 1 1 1 1 1 1 1 1 1 1 1 1 1 1 1 1 1 1 1 1 1 1 1 1 1 1 1 1 1 1 1 1 1 1 1 1 1 1 1 1 1 1 1 1 1 1 1 1 1 1 1 1 1 1 1 1 1 1 1 100 1 100 1 1 1 1 1 1 1 1 1 1 1 1 1 1 1 1 1 1 1 1 1 1 1 1
ciInstanceKlass java/lang/reflect/RecordComponent 0 0 196 10 100 12 1 1 1 9 100 12 1 1 1 9 12 1 1 9 12 1 10 12 1 1 10 12 1 1 10 100 12 1 1 1 10 12 1 1 9 12 1 1 10 12 1 1 10 12 1 1 10 12 1 10 100 12 1 1 10 100 12 1 1 9 12 1 1 10 100 12 1 1 1 11 100 12 1 1 1 10 9 100 12 1 1 1 10 100 12 1 1 1 9 12 1 1 10 100 12 1 1 1 10 12 1 1 11 100 12 1 1 10 100 12 1 1 100 1 9 12 1 9 12 1 1 9 12 1 10 100 12 1 1 1 10 12 1 1 10 12 1 1 100 1 10 10 12 1 10 12 1 1 8 1 10 12 1 10 12 1 9 12 1 100 1 1 1 1 1 1 1 1 1 1 1 1 1 1 1 1 1 1 1 1 1 1 100 1 1 1 1 1 1 100 1 1
ciInstanceKlass java/util/Iterator 1 1 53 100 1 8 1 10 12 1 1 10 7 12 1 1 1 11 7 12 1 1 1 11 12 1 1 11 7 12 1 1 1 100 1 1 1 1 1 1 1 1 1 1 1 1 1 1 1 1 1 1 1 1 1
ciInstanceKlass java/lang/System 1 1 803 10 100 12 1 1 1 9 7 12 1 1 1 10 12 1 10 12 1 1 10 12 1 1 10 12 1 9 12 1 1 10 7 12 1 1 1 11 100 12 1 1 1 10 100 12 1 1 1 10 12 1 1 10 12 1 1 100 1 8 1 10 12 1 10 100 12 1 1 1 10 7 12 1 1 1 18 12 1 1 10 100 12 1 1 1 100 1 10 12 1 1 10 100 12 1 1 1 10 12 1 10 7 12 1 1 1 9 100 12 1 1 1 10 100 12 1 1 1 11 7 12 1 1 1 10 12 1 1 10 7 12 1 1 1 100 1 10 10 12 1 1 8 1 10 12 1 8 1 10 12 1 9 12 1 1 8 1 10 7 12 1 1 1 10 12 1 1 100 1 8 1 10 9 12 1 1 8 1 10 12 1 1 10 100 12 1 1 1 8 1 10 12 1 100 1 10 12 1 8 1 10 12 1 10 12 1 1 100 1 10 12 10 12 1 9 12 1 1 9 12 1 1 10 7 12 1 1 1 10 7 12 1 1 1 10 12 1 1 10 12 1 10 12 1 10 7 12 1 1 1 10 12 1 100 1 100 1 8 1 10 12 1 10 12 1 1 7 1 10 12 1 100 1 8 1 10 10 12 1 100 1 8 1 10 8 1 10 7 12 1 1 8 1 10 12 100 1 8 1 10 10 12 1 1 10 7 12 1 1 1 100 1 18 12 1 100 1 9 100 12 1 1 1 10 12 1 100 1 10 12 1 1 10 12 1 1 10 7 12 1 1 1 10 12 1 1 10 12 1 10 12 1 10 12 1 1 10 12 1 7 1 10 12 1 10 12 1 100 1 10 12 1 10 7 12 1 1 1 100 1 8 1 10 9 12 1 9 12 1 10 12 1 10 100 12 1 1 10 12 1 10 12 1 1 8 1 10 12 1 1 8 1 11 12 1 10 12 11 12 1 1 11 7 12 1 1 1 11 7 12 1 1 11 12 1 1 7 1 11 12 1 10 12 1 8 1 10 12 1 1 8 1 8 1 8 1 8 1 11 12 1 10 12 1 10 12 1 10 12 1 10 7 12 1 1 8 1 7 1 9 7 12 1 1 1 10 12 1 7 1 9 12 10 9 12 7 1 10 12 8 1 10 12 1 1 8 1 10 7 12 1 1 10 12 1 10 7 12 1 1 1 10 12 1 1 10 7 12 1 1 1 10 12 10 7 12 1 1 1 9 12 1 1 100 1 8 1 10 12 1 1 10 7 12 1 1 1 7 1 10 12 1 1 8 1 10 8 1 8 1 8 1 8 1 10 10 7 12 1 1 10 12 1 1 10 12 1 1 10 12 1 1 10 12 1 10 100 12 1 1 1 10 100 1 8 1 10 10 10 12 1 1 10 12 1 1 8 1 10 12 1 8 1 10 12 1 10 12 1 1 7 1 10 10 12 1 10 12 1 9 12 1 1 1 3 1 3 1 1 1 1 1 1 1 1 1 1 1 1 100 1 1 100 1 1 1 1 1 1 1 1 1 1 1 100 1 100 1 1 1 1 1 1 1 1 1 1 1 1 1 1 1 1 1 1 1 1 1 1 1 1 1 1 1 1 1 1 1 1 1 1 1 1 1 1 1 1 1 1 1 1 1 1 1 1 1 1 1 1 1 1 1 1 1 1 100 1 1 1 1 1 1 1 1 1 1 1 1 1 1 1 1 1 1 1 1 1 1 1 1 1 1 1 1 1 1 1 1 1 100 1 1 15 10 100 12 1 1 1 16 15 10 12 1 1 16 15 10 12 16 1 1 1 1 1 1 1 100 1 100 1 1
staticfield java/lang/System in Ljava/io/InputStream; java/io/BufferedInputStream
staticfield java/lang/System out Ljava/io/PrintStream; java/io/PrintStream
staticfield java/lang/System err Ljava/io/PrintStream; java/io/PrintStream
instanceKlass jdk/internal/reflect/DelegatingClassLoader
instanceKlass java/security/SecureClassLoader
ciInstanceKlass java/lang/ClassLoader 1 1 1098 9 7 12 1 1 1 10 7 12 1 1 1 9 12 1 1 10 7 12 1 1 1 7 1 10 12 1 1 10 12 1 1 9 12 1 1 10 12 1 1 100 1 10 12 1 10 12 1 1 10 7 12 1 1 1 100 1 8 1 10 12 1 10 7 12 1 1 1 10 100 12 1 10 7 1 10 7 1 7 1 7 1 10 12 1 10 12 1 9 12 1 1 10 10 7 12 1 1 1 9 12 1 1 9 12 1 9 12 1 1 9 12 1 9 12 1 1 9 12 1 1 7 1 10 12 1 9 12 1 1 10 12 1 1 10 7 12 1 1 1 9 12 1 9 12 1 1 9 12 1 10 12 1 1 9 12 10 12 1 1 7 1 10 8 1 10 12 1 1 10 12 1 10 7 1 7 1 10 12 1 1 10 7 12 1 1 1 8 1 10 12 1 10 12 1 10 12 1 1 10 12 1 1 10 12 1 1 10 12 1 1 10 12 1 1 10 12 1 100 1 10 12 1 10 100 12 1 1 1 10 12 1 1 10 12 1 10 12 1 10 12 1 10 12 1 10 12 1 1 10 10 12 1 10 12 1 10 100 12 1 1 10 12 1 1 10 12 1 1 10 12 1 100 1 10 12 1 100 1 10 12 1 10 100 12 1 1 1 10 10 12 1 1 10 12 1 1 100 1 8 1 10 8 1 10 12 1 10 12 1 100 1 8 1 10 12 1 1 10 12 1 1 10 10 12 1 1 10 12 1 1 10 12 1 1 10 7 1 10 12 1 1 10 12 1 1 10 12 1 1 10 12 1 1 10 12 1 1 10 12 1 1 10 12 1 10 7 12 1 1 1 10 12 1 10 12 1 10 12 1 1 10 12 1 10 12 1 10 12 1 10 12 1 1 10 12 1 10 12 1 1 8 1 9 12 1 10 12 1 1 8 1 8 1 10 7 12 1 1 100 1 10 10 12 10 12 1 10 12 1 10 12 1 10 12 1 1 10 7 12 1 1 10 12 1 10 7 1 7 1 10 12 1 1 10 12 1 10 7 1 10 12 1 100 1 18 12 1 10 100 12 1 1 1 10 100 12 1 1 1 10 7 12 1 1 10 12 1 1 10 12 1 10 12 1 1 100 1 10 12 1 10 12 1 1 10 7 12 1 1 10 12 1 8 1 100 1 10 10 12 1 9 12 1 10 7 12 1 1 10 12 1 100 1 8 1 10 12 1 10 8 1 8 1 10 12 1 1 10 12 1 1 10 12 1 1 10 100 12 1 1 1 100 1 100 1 10 12 1 1 100 1 100 1 10 100 12 1 1 10 12 1 10 12 1 1 10 12 1 10 12 1 1 10 12 1 1 9 100 12 1 1 1 10 12 1 1 10 12 1 10 12 1 10 12 1 1 10 12 1 8 1 10 12 1 7 1 18 12 1 1 10 12 1 1 10 12 1 10 12 1 10 12 1 8 1 10 12 1 10 12 1 18 12 1 11 100 12 1 1 1 100 1 10 12 1 1 10 12 1 10 11 12 1 1 10 18 10 12 1 1 11 100 12 1 18 12 1 11 12 1 1 10 12 10 12 1 1 10 12 1 1 7 1 8 1 10 10 12 1 8 1 8 1 10 100 12 1 1 10 12 1 100 1 10 10 12 1 8 1 8 1 8 1 10 12 1 10 12 1 1 10 12 1 10 100 12 1 1 1 11 100 12 1 1 100 1 10 11 10 12 1 10 12 1 10 12 1 1 9 100 12 1 1 9 12 1 1 9 12 9 12 1 9 12 1 9 12 1 8 10 12 1 1 10 7 12 1 1 1 10 12 1 1 10 12 1 1 10 12 1 10 10 12 1 11 12 1 1 10 100 12 1 1 1 100 1 10 12 1 10 12 1 10 12 1 1 1 1 1 1 1 1 1 1 1 1 1 1 1 1 1 1 1 1 1 1 1 1 1 1 1 1 100 1 1 1 1 1 1 1 1 1 1 1 1 1 1 1 1 1 1 1 1 1 100 1 1 1 1 1 1 1 1 1 1 100 1 1 1 1 1 1 1 1 1 1 1 1 1 1 1 1 1 1 1 1 1 1 1 1 1 1 1 1 1 1 1 1 1 1 1 1 1 1 1 1 1 100 1 1 1 1 1 1 1 1 1 1 1 1 1 1 1 1 1 1 100 1 1 1 1 1 1 1 1 1 1 1 1 1 1 1 1 1 1 1 1 1 1 1 1 1 1 1 1 1 1 1 1 1 1 1 1 1 1 1 1 1 1 1 1 1 1 1 1 1 1 1 100 1 1 1 1 1 1 1 1 1 1 1 1 1 1 1 1 1 1 1 1 1 1 1 1 1 1 1 1 1 1 1 1 1 1 1 1 1 1 1 1 1 1 1 1 1 1 15 10 7 12 1 1 1 16 1 15 10 12 16 1 16 15 10 12 16 1 16 1 15 10 12 16 15 10 12 16 15 10 12 16 1 1 100 1 100 1 1
staticfield java/lang/ClassLoader nocerts [Ljava/security/cert/Certificate; 0 [Ljava/security/cert/Certificate;
staticfield java/lang/ClassLoader $assertionsDisabled Z 1
ciInstanceKlass jdk/internal/reflect/DelegatingClassLoader 1 1 18 10 7 12 1 1 1 100 1 1 1 1 1 1 1 1 1 1
instanceKlass com/sun/javafx/reflect/MethodUtil
instanceKlass java/net/URLClassLoader
instanceKlass jdk/internal/loader/BuiltinClassLoader
ciInstanceKlass java/security/SecureClassLoader 1 1 102 10 7 12 1 1 1 7 1 10 12 1 9 7 12 1 1 1 10 12 1 10 12 1 10 12 1 1 10 12 1 1 10 12 1 7 1 10 7 1 10 12 1 7 1 10 12 1 11 7 12 1 1 1 7 1 11 12 1 10 12 1 1 1 1 1 1 1 1 1 1 1 1 1 1 1 1 1 1 1 1 1 1 1 1 1 1 1 1 1 1 1 1 1 1 1 1 100 1 1 1 1
instanceKlass jdk/internal/loader/ClassLoaders$BootClassLoader
instanceKlass jdk/internal/loader/ClassLoaders$PlatformClassLoader
instanceKlass jdk/internal/loader/ClassLoaders$AppClassLoader
ciInstanceKlass jdk/internal/loader/BuiltinClassLoader 1 1 737 9 7 12 1 1 1 10 7 12 1 1 1 10 7 12 1 1 1 9 12 1 1 9 12 1 1 7 1 10 12 1 9 12 1 10 12 1 9 12 1 10 7 12 1 1 1 10 7 12 1 1 1 10 7 12 1 1 1 11 7 12 1 1 1 100 1 100 1 10 10 12 1 1 8 1 10 12 1 10 12 7 1 10 12 1 10 12 1 1 11 7 12 1 1 1 11 7 12 1 1 1 11 12 1 1 7 1 8 1 8 1 10 9 12 1 1 10 7 12 1 1 11 12 1 1 10 12 1 1 10 12 1 1 10 12 1 1 10 7 12 1 1 1 10 12 1 10 100 12 1 1 1 10 12 1 1 11 7 12 1 1 1 10 7 12 1 1 7 1 10 7 12 1 1 1 10 12 1 100 1 8 1 10 12 1 1 10 8 1 10 12 1 1 10 12 1 1 10 12 1 1 11 7 12 1 1 11 12 1 7 1 10 11 12 1 1 11 10 12 1 1 7 1 10 12 1 10 7 12 1 10 12 1 7 1 10 12 1 10 7 12 1 1 1 100 1 10 12 1 1 11 12 1 7 1 100 1 10 12 1 10 12 1 1 100 1 100 1 10 12 1 10 12 1 18 12 1 1 10 12 1 10 12 1 1 18 100 1 10 7 12 1 1 1 7 1 10 10 12 1 1 10 12 1 1 10 12 1 1 10 12 1 9 12 1 1 100 1 10 10 12 1 1 10 12 1 1 10 12 1 10 12 10 12 1 1 10 12 1 1 10 12 1 1 10 12 1 10 12 1 1 18 12 1 7 1 10 12 1 1 10 12 1 10 12 1 1 10 12 1 100 1 10 12 1 7 1 10 12 1 10 7 12 1 1 1 10 12 1 11 12 1 7 1 10 12 1 7 1 100 1 10 12 1 10 12 1 11 12 1 1 10 12 1 1 10 12 1 1 10 12 1 1 10 12 1 1 10 12 1 10 12 1 10 12 1 10 12 1 8 1 10 12 1 1 10 7 12 1 1 10 12 1 100 1 8 1 8 1 10 10 12 1 8 1 8 1 10 7 12 1 1 1 11 7 12 1 1 1 9 7 12 1 1 1 10 7 12 1 1 1 9 12 1 9 12 1 9 12 1 9 12 1 9 12 1 9 12 1 10 7 12 1 1 1 8 1 10 12 1 7 1 10 12 1 1 10 12 1 7 1 10 11 12 1 1 10 12 10 12 1 10 12 1 100 1 10 12 1 10 12 1 10 10 12 1 10 7 12 1 1 8 1 10 7 12 1 1 10 12 1 1 1 1 1 1 1 1 1 1 1 1 1 1 1 1 1 1 1 1 1 1 1 1 1 1 1 1 1 1 1 1 1 1 1 1 1 1 1 1 1 1 1 1 1 1 1 1 1 1 1 1 1 1 1 1 100 1 1 1 1 1 1 1 1 1 1 1 1 1 1 1 1 1 1 100 1 100 1 1 1 1 1 1 1 1 1 1 1 1 1 1 1 1 1 1 1 1 1 1 1 1 1 1 1 1 1 1 1 1 1 1 1 1 1 1 1 1 1 1 1 1 1 1 1 1 1 1 1 100 1 1 15 10 100 12 1 1 1 16 15 10 12 16 15 10 12 16 15 10 12 16 1 1 1 100 1 1 1 1 1 100 1 100 1 1
staticfield jdk/internal/loader/BuiltinClassLoader packageToModule Ljava/util/Map; java/util/concurrent/ConcurrentHashMap
staticfield jdk/internal/loader/BuiltinClassLoader $assertionsDisabled Z 1
ciInstanceKlass java/security/AccessController 1 1 295 10 100 12 1 1 1 10 7 12 1 1 1 10 7 12 1 1 1 10 12 1 1 10 12 1 1 10 7 12 1 1 1 10 12 1 1 10 12 1 10 12 1 1 10 12 1 100 1 8 1 10 12 1 10 12 1 10 12 1 1 10 12 1 100 1 100 1 10 12 1 1 10 12 1 10 12 1 10 12 1 1 10 7 12 1 1 1 10 12 1 1 9 100 12 1 1 1 10 100 12 1 1 1 10 12 1 10 12 1 9 100 12 1 1 1 10 12 1 10 12 1 1 9 12 1 1 10 100 1 10 11 7 12 1 1 1 10 7 12 1 1 11 7 1 100 1 10 12 1 10 12 1 10 12 1 8 1 10 12 1 1 8 1 10 100 12 1 1 1 8 1 100 1 10 10 12 1 1 10 12 1 10 7 12 1 1 1 10 12 1 8 1 10 100 12 1 1 8 1 8 1 10 12 1 8 1 10 12 1 10 12 1 1 10 12 1 1 1 1 1 1 1 1 1 1 1 1 1 1 1 1 1 1 1 1 1 1 1 1 1 1 1 1 100 1 1 1 1 1 1 1 1 1 1 1 1 1 1 1 1 1 1 1 1 1 1 1 1 1 1 1 1 1 1 1 1 1 1 100 1 100 1 1 1 1 1 1 1 1 1 3 1 1 1
staticfield java/security/AccessController $assertionsDisabled Z 1
instanceKlass jdk/internal/reflect/GeneratedConstructorAccessor21
instanceKlass jdk/internal/reflect/GeneratedConstructorAccessor20
instanceKlass jdk/internal/reflect/GeneratedConstructorAccessor19
instanceKlass jdk/internal/reflect/GeneratedConstructorAccessor18
instanceKlass jdk/internal/reflect/GeneratedConstructorAccessor17
instanceKlass jdk/internal/reflect/GeneratedConstructorAccessor16
instanceKlass jdk/internal/reflect/GeneratedConstructorAccessor15
instanceKlass jdk/internal/reflect/GeneratedConstructorAccessor14
instanceKlass jdk/internal/reflect/GeneratedConstructorAccessor13
instanceKlass jdk/internal/reflect/GeneratedConstructorAccessor12
instanceKlass jdk/internal/reflect/GeneratedConstructorAccessor11
instanceKlass jdk/internal/reflect/GeneratedConstructorAccessor10
instanceKlass jdk/internal/reflect/GeneratedConstructorAccessor9
instanceKlass jdk/internal/reflect/GeneratedConstructorAccessor8
instanceKlass jdk/internal/reflect/GeneratedConstructorAccessor7
instanceKlass jdk/internal/reflect/GeneratedConstructorAccessor6
instanceKlass jdk/internal/reflect/GeneratedConstructorAccessor5
instanceKlass jdk/internal/reflect/GeneratedConstructorAccessor4
instanceKlass jdk/internal/reflect/GeneratedConstructorAccessor3
instanceKlass jdk/internal/reflect/GeneratedConstructorAccessor2
instanceKlass jdk/internal/reflect/BootstrapConstructorAccessorImpl
instanceKlass jdk/internal/reflect/GeneratedConstructorAccessor1
instanceKlass jdk/internal/reflect/DelegatingConstructorAccessorImpl
instanceKlass jdk/internal/reflect/NativeConstructorAccessorImpl
ciInstanceKlass jdk/internal/reflect/ConstructorAccessorImpl 1 1 27 10 7 12 1 1 1 100 1 100 1 1 1 1 1 1 1 1 1 100 1 100 1 100 1 1 1
instanceKlass jdk/internal/reflect/FieldAccessorImpl
instanceKlass jdk/internal/reflect/ConstructorAccessorImpl
instanceKlass jdk/internal/reflect/MethodAccessorImpl
ciInstanceKlass jdk/internal/reflect/MagicAccessorImpl 1 1 16 10 7 12 1 1 1 100 1 1 1 1 1 1 1 1
instanceKlass jdk/internal/reflect/GeneratedMethodAccessor14
instanceKlass jdk/internal/reflect/GeneratedMethodAccessor13
instanceKlass jdk/internal/reflect/GeneratedMethodAccessor12
instanceKlass jdk/internal/reflect/GeneratedMethodAccessor11
instanceKlass jdk/internal/reflect/GeneratedMethodAccessor10
instanceKlass jdk/internal/reflect/GeneratedMethodAccessor9
instanceKlass jdk/internal/reflect/GeneratedMethodAccessor8
instanceKlass jdk/internal/reflect/GeneratedMethodAccessor7
instanceKlass jdk/internal/reflect/GeneratedMethodAccessor6
instanceKlass jdk/internal/reflect/GeneratedMethodAccessor5
instanceKlass jdk/internal/reflect/GeneratedMethodAccessor4
instanceKlass jdk/internal/reflect/GeneratedMethodAccessor3
instanceKlass jdk/internal/reflect/GeneratedMethodAccessor2
instanceKlass jdk/internal/reflect/GeneratedMethodAccessor1
instanceKlass jdk/internal/reflect/DelegatingMethodAccessorImpl
instanceKlass jdk/internal/reflect/NativeMethodAccessorImpl
ciInstanceKlass jdk/internal/reflect/MethodAccessorImpl 1 1 25 10 7 12 1 1 1 100 1 100 1 1 1 1 1 1 1 1 1 100 1 100 1 1 1
ciInstanceKlass java/lang/Module 1 1 959 10 7 12 1 1 1 9 7 12 1 1 1 10 7 12 1 1 1 9 12 1 9 12 1 1 9 12 1 1 10 12 1 1 10 12 1 10 12 1 1 10 7 12 1 1 1 7 1 10 7 12 1 1 1 10 12 1 1 11 7 12 1 1 1 10 12 1 1 10 7 12 1 1 1 10 12 1 1 10 7 12 1 1 1 9 100 12 1 1 1 10 100 12 1 1 1 10 12 1 8 1 10 7 12 1 1 1 10 7 12 1 1 1 9 12 1 1 9 12 1 1 10 12 1 9 12 1 1 11 12 1 9 7 12 1 1 10 7 12 1 1 1 10 7 12 1 1 1 10 12 1 1 100 1 100 1 10 10 12 1 1 8 1 10 12 1 10 12 10 12 1 10 12 1 1 10 12 1 1 10 12 1 1 9 7 12 1 1 1 10 12 1 1 10 12 1 1 9 12 1 10 12 1 10 12 1 9 12 1 1 11 7 12 1 1 10 12 1 1 9 12 1 9 12 1 10 12 1 10 12 1 100 1 8 1 10 10 12 1 1 10 12 1 8 1 10 12 1 1 8 1 8 1 10 12 1 1 10 12 1 10 12 1 1 18 12 1 1 10 12 1 1 11 12 1 9 12 1 11 12 10 100 12 1 1 100 1 8 1 10 7 1 11 12 1 1 10 12 1 10 12 1 10 12 1 1 11 12 1 1 11 7 12 1 1 11 12 1 1 9 12 1 11 12 1 10 12 1 1 10 12 1 1 9 12 1 10 12 10 7 12 1 1 10 7 12 1 1 10 7 1 18 12 1 1 11 100 12 1 1 1 18 12 1 11 12 1 1 10 100 12 1 1 1 11 12 1 1 10 7 12 1 1 4 7 1 11 12 1 7 1 7 1 10 10 7 12 1 1 1 10 11 7 12 1 8 1 10 10 12 1 1 10 7 12 1 1 10 12 1 10 12 1 7 1 10 12 1 10 11 12 1 1 10 12 10 12 1 1 9 12 1 100 1 10 10 12 1 1 11 100 1 10 12 1 1 11 12 1 10 10 12 1 11 10 12 1 1 10 12 1 1 10 12 1 1 10 7 12 1 1 10 12 1 10 12 1 1 10 10 12 1 1 10 12 1 18 12 1 11 12 1 18 12 1 10 12 1 10 12 1 10 12 7 1 10 12 1 10 12 1 10 12 1 9 12 1 7 1 10 10 10 10 12 1 10 12 1 10 12 1 10 12 1 1 10 12 1 1 10 12 1 9 12 1 18 12 1 1 10 100 12 1 1 1 100 1 8 1 10 12 1 1 10 12 1 1 10 100 12 1 1 100 1 10 12 1 1 100 1 8 1 100 1 10 100 1 100 1 3 10 12 1 100 1 10 12 1 10 12 1 1 10 12 1 1 100 1 10 12 1 10 12 1 1 100 1 100 1 10 12 8 1 10 12 1 1 10 12 1 1 10 7 12 1 1 10 12 1 1 10 12 1 10 12 10 12 1 1 7 1 10 10 12 1 1 10 100 12 1 1 1 100 1 8 1 10 12 1 1 10 100 12 1 1 8 1 10 12 1 8 1 10 12 1 10 12 10 12 1 8 1 10 10 100 12 1 1 7 1 10 10 12 1 10 7 12 1 1 9 12 1 9 12 1 9 12 1 9 12 1 10 12 11 12 1 10 12 1 100 1 1 1 1 1 1 1 1 1 1 1 1 1 1 1 1 100 1 1 1 1 1 1 1 1 1 1 1 1 1 1 1 1 1 1 1 1 1 1 1 1 1 1 1 1 1 1 1 1 1 1 1 1 1 1 1 1 1 1 1 1 1 1 1 1 1 1 1 1 1 1 1 1 1 1 1 1 1 1 1 1 1 1 1 1 1 1 1 1 1 1 1 1 1 1 1 1 1 1 1 100 100 1 1 1 1 1 1 1 1 1 1 1 1 1 1 1 1 1 1 1 1 1 1 1 1 1 1 1 1 1 1 1 1 1 1 100 1 100 1 7 1 1 1 1 1 1 1 1 1 1 1 1 1 1 1 1 1 1 1 1 1 1 1 1 1 1 1 1 15 10 7 12 1 1 1 16 15 10 12 16 16 15 10 12 16 16 15 10 16 1 15 10 12 16 1 15 10 12 16 1 16 15 10 12 16 1 1 1 1 1 1 1 100 1 100 1 1
staticfield java/lang/Module ALL_UNNAMED_MODULE Ljava/lang/Module; java/lang/Module
staticfield java/lang/Module ALL_UNNAMED_MODULE_SET Ljava/util/Set; java/util/ImmutableCollections$Set12
staticfield java/lang/Module EVERYONE_MODULE Ljava/lang/Module; java/lang/Module
staticfield java/lang/Module EVERYONE_SET Ljava/util/Set; java/util/ImmutableCollections$Set12
staticfield java/lang/Module $assertionsDisabled Z 1
ciInstanceKlass java/util/ArrayList 1 1 492 10 7 12 1 1 1 7 1 9 7 12 1 1 1 9 12 1 100 1 100 1 10 8 1 10 12 1 1 10 12 1 10 12 1 1 10 12 1 9 12 1 11 7 12 1 1 1 9 12 1 1 10 12 1 1 7 10 7 12 1 1 1 9 12 1 10 12 1 10 12 1 1 10 7 12 1 1 1 10 7 12 1 1 1 10 12 1 1 10 12 1 1 10 12 1 1 10 12 1 10 12 1 1 100 1 100 1 10 12 1 10 7 12 1 1 1 10 7 12 1 1 10 12 1 10 12 10 12 1 1 10 12 1 1 10 12 1 1 7 1 10 12 1 1 10 12 1 1 10 12 1 100 1 10 11 12 1 1 11 7 12 1 1 1 11 12 1 10 12 1 10 12 1 10 12 1 1 100 1 10 12 1 1 10 10 12 1 1 10 12 1 8 1 8 1 8 1 8 1 10 12 1 1 10 12 1 1 11 12 1 100 1 10 100 12 1 1 10 12 1 10 12 1 1 10 100 12 1 1 10 12 1 10 100 12 1 1 1 11 100 12 1 1 1 10 12 1 100 1 8 1 10 100 1 10 12 1 7 1 10 12 1 10 12 1 1 7 1 10 12 1 10 12 1 1 11 100 12 1 1 7 1 10 12 1 10 12 1 1 11 100 12 1 1 10 12 1 1 10 12 1 1 10 12 1 1 10 12 1 1 11 100 12 1 1 10 12 1 1 100 1 100 1 100 1 1 1 1 5 0 1 3 1 1 1 1 1 1 1 1 1 1 1 1 1 1 1 1 1 1 1 1 1 1 1 1 1 1 1 1 1 1 1 1 1 1 1 1 1 1 1 1 1 1 1 1 1 1 1 1 1 1 1 1 1 1 1 1 1 1 1 1 1 1 1 1 1 1 1 1 1 1 1 1 1 1 1 1 1 1 1 1 1 1 1 1 1 1 1 1 1 1 1 1 1 1 1 1 100 1 1 1 1 100 1 1 1 1 1 1 1 1 1 1 1 1 1 1 1 1 1 1 1 1 1 1 1 1 1 1 1 1 1 100 1 1 1 1 1 1 1 1 1 1 1 1 1 1 1 1 1 1 100 1 100 1 1 1 1 1 1
staticfield java/util/ArrayList EMPTY_ELEMENTDATA [Ljava/lang/Object; 0 [Ljava/lang/Object;
staticfield java/util/ArrayList DEFAULTCAPACITY_EMPTY_ELEMENTDATA [Ljava/lang/Object; 0 [Ljava/lang/Object;
ciInstanceKlass java/util/concurrent/ConcurrentHashMap 1 1 1210 7 1 7 1 3 10 12 1 1 3 100 1 10 7 12 1 1 1 100 1 10 100 12 1 1 1 100 1 11 12 1 1 11 12 1 11 12 1 1 9 12 1 1 9 12 1 1 9 12 1 10 7 12 1 1 1 7 1 10 12 1 1 10 12 1 1 10 7 12 1 1 1 4 10 12 1 9 12 1 10 12 1 1 100 1 10 5 0 10 12 1 10 12 1 1 5 0 10 12 1 1 10 12 1 9 12 1 1 10 12 1 1 9 12 1 9 12 1 1 10 12 1 1 9 12 1 10 12 1 1 9 12 1 1 10 12 1 1 100 1 10 100 1 10 12 1 10 12 1 1 10 12 1 1 10 12 1 1 10 12 1 10 12 1 1 10 12 1 1 100 1 10 12 1 1 7 1 100 1 8 1 10 12 1 10 12 1 1 10 12 1 1 11 7 12 1 1 10 12 1 1 11 12 1 1 11 7 12 1 1 1 11 7 12 1 1 1 11 12 1 7 1 11 12 1 11 12 1 10 12 1 1 10 12 1 1 9 12 1 1 10 100 12 1 1 1 9 10 12 1 1 9 12 1 10 12 1 1 5 0 9 12 1 1 7 1 10 12 1 9 12 1 1 7 1 10 12 1 9 12 1 7 1 10 100 1 10 10 12 1 1 8 1 10 12 1 10 12 1 1 11 100 1 10 12 1 10 100 12 1 1 1 8 1 10 100 12 1 1 1 8 1 10 12 1 8 1 10 12 1 10 12 1 1 10 100 12 1 1 10 12 1 10 12 1 10 12 1 9 12 1 9 10 12 1 9 12 1 1 11 100 12 1 1 1 11 7 12 1 1 1 100 1 10 12 11 100 12 1 1 10 11 7 12 1 10 12 1 100 1 10 12 1 100 1 10 10 9 7 12 1 1 1 10 12 3 10 7 12 1 1 9 12 1 10 12 1 1 9 12 1 1 9 12 1 10 12 1 1 10 100 12 1 1 9 12 1 9 7 12 1 1 10 12 1 1 10 12 1 3 9 12 1 9 12 1 10 12 1 1 7 1 9 3 9 12 1 100 1 10 12 1 9 12 1 10 12 1 9 12 1 10 12 1 9 12 1 10 100 12 1 1 1 100 10 12 1 100 1 5 0 10 100 12 1 1 100 1 10 12 1 1 10 12 1 10 12 1 100 1 10 12 1 10 100 1 100 1 10 10 12 1 10 100 1 10 12 1 10 100 1 10 12 1 10 100 1 10 12 1 1 100 1 10 12 1 10 10 12 1 100 1 10 12 1 10 10 12 1 100 1 10 12 1 10 100 1 10 12 1 10 100 1 10 12 1 10 100 1 10 12 1 10 100 1 10 12 1 10 100 1 10 12 1 10 100 1 10 12 1 10 100 1 10 12 1 10 100 1 10 10 100 1 10 10 100 1 10 10 100 1 10 12 1 10 100 1 10 12 1 10 100 1 10 12 1 10 100 1 10 12 1 10 100 1 10 12 1 10 100 1 10 10 100 1 10 10 100 1 10 10 100 1 10 12 1 10 100 1 10 12 1 10 100 1 10 12 1 10 100 1 10 12 1 10 100 1 10 12 1 10 10 12 1 10 7 12 1 1 1 10 12 1 7 1 7 1 10 12 1 9 12 1 1 9 12 1 1 10 12 1 1 8 10 12 1 1 8 8 8 8 7 10 12 1 1 10 12 1 100 1 8 1 10 7 1 100 1 100 1 1 1 5 0 1 1 3 1 3 1 1 1 1 3 1 3 1 3 1 1 1 1 1 3 1 3 1 3 1 1 1 1 1 1 1 1 1 1 1 1 1 1 1 1 1 1 1 1 1 1 1 1 1 100 1 1 1 1 1 1 1 1 1 1 1 1 1 1 1 1 1 1 1 1 1 1 1 1 1 1 1 1 1 1 1 1 1 1 1 1 1 1 1 1 1 1 1 1 1 1 1 1 1 1 1 1 1 1 1 1 1 1 1 1 1 1 1 1 1 1 1 1 1 1 1 1 1 1 1 1 1 1 1 1 1 1 1 1 100 1 1 1 1 1 1 1 1 1 1 1 100 1 1 1 1 1 1 1 1 1 1 1 1 1 1 1 1 1 1 1 1 1 1 1 1 1 1 1 1 1 1 1 1 1 1 1 1 1 1 1 1 1 1 1 1 1 1 1 1 1 1 1 1 1 1 1 1 1 1 1 1 1 1 1 1 1 1 1 1 1 1 1 1 1 1 1 1 1 1 1 1 1 1 1 1 1 1 1 1 1 1 1 1 1 1 1 1 1 1 1 1 1 1 1 1 1 1 1 1 1 1 1 1 1 1 1 1 1 1 1 1 1 1 1 1 1 1 1 1 1 1 1 1 1 1 1 1 1 1 1 1 1 1 1 1 1 1 1 1 1 1 1 1 1 1 1 1 1 1 1 1 1 1 1 1 1 1 1 1 1 1 1 1 1 1 1 1 1 1 1 1 1 1 1 1 1 1 1 1 1 1 1 1 1 1 1 1 1 1 1 1 1 1 1 1 1 1 1 1 1 1 1 1 1 1 1 1 1 1 1 1 1 1 1 100 1 100 1 100 1 100 1 100 1 100 1 100 1 100 1 100 1 1 1 1 1 1 1 1 1 1 1 1 1 1 1 1 1 1 1 1 1 1 1 1 1 1 1 1 1 1 1 1 1 1 1 1 1 1 1 1 1 1 1 1 1 1 1 1 1 1 1 1 1 1 1 1 1 1
staticfield java/util/concurrent/ConcurrentHashMap NCPU I 16
staticfield java/util/concurrent/ConcurrentHashMap serialPersistentFields [Ljava/io/ObjectStreamField; 3 [Ljava/io/ObjectStreamField;
staticfield java/util/concurrent/ConcurrentHashMap U Ljdk/internal/misc/Unsafe; jdk/internal/misc/Unsafe
staticfield java/util/concurrent/ConcurrentHashMap SIZECTL J 20
staticfield java/util/concurrent/ConcurrentHashMap TRANSFERINDEX J 32
staticfield java/util/concurrent/ConcurrentHashMap BASECOUNT J 24
staticfield java/util/concurrent/ConcurrentHashMap CELLSBUSY J 36
staticfield java/util/concurrent/ConcurrentHashMap CELLVALUE J 144
staticfield java/util/concurrent/ConcurrentHashMap ABASE I 16
staticfield java/util/concurrent/ConcurrentHashMap ASHIFT I 2
ciInstanceKlass java/lang/String 1 1 1396 10 7 12 1 1 1 8 1 9 7 12 1 1 1 9 12 1 1 9 12 1 1 10 12 1 10 12 1 1 10 12 1 1 9 12 1 1 10 7 12 1 1 1 10 7 1 10 7 12 1 1 1 10 12 1 1 10 12 1 1 10 12 1 10 12 1 1 10 12 1 10 7 12 1 1 1 9 7 12 1 1 1 10 7 12 1 1 1 10 12 1 1 10 12 1 1 10 12 1 1 10 12 1 1 10 12 1 1 9 7 12 1 1 10 12 9 7 12 1 1 3 10 7 12 1 1 1 7 1 11 12 1 1 11 12 1 11 12 1 1 10 7 12 1 1 1 10 12 1 1 9 100 12 1 1 1 10 12 1 1 10 12 1 11 12 1 1 10 12 1 1 10 12 10 12 1 1 10 100 12 1 1 1 10 7 12 1 1 1 10 12 1 1 10 12 1 10 12 1 1 100 1 10 12 1 1 100 1 100 1 10 12 1 1 10 12 1 1 10 12 1 100 1 100 1 100 1 10 12 1 10 12 1 1 10 12 1 1 10 12 1 10 12 1 1 10 12 1 1 10 7 12 1 1 7 1 11 10 12 1 10 12 11 12 1 11 12 1 10 12 1 1 10 12 1 1 10 10 7 12 1 1 1 10 7 12 1 1 10 12 1 1 10 7 12 1 1 10 12 1 10 12 1 1 10 12 1 100 1 10 10 12 1 1 10 12 1 10 12 1 10 12 1 1 100 1 10 12 1 1 10 12 10 12 1 10 12 1 1 10 7 12 1 1 1 10 12 1 10 12 1 1 10 12 1 10 12 1 3 3 10 12 1 10 12 1 1 10 12 1 1 10 12 1 1 10 12 1 10 12 1 1 10 12 1 1 10 12 1 10 12 1 10 12 1 10 12 1 1 10 12 1 10 12 1 10 12 1 10 12 1 10 12 1 10 12 1 10 100 1 10 8 1 10 12 1 1 10 12 1 8 1 10 12 1 1 10 12 10 12 1 8 1 10 10 12 1 1 10 12 1 1 10 12 1 10 12 1 1 10 12 10 100 1 10 10 12 1 10 12 1 10 12 1 10 10 12 1 10 12 1 1 10 12 1 100 1 10 10 12 1 100 1 10 10 12 1 10 12 1 1 10 12 1 10 12 1 1 10 10 12 1 1 10 100 1 10 10 12 1 10 12 1 1 10 12 1 1 10 100 1 10 12 1 10 12 1 10 12 1 10 12 1 1 10 12 1 11 7 1 11 12 10 12 1 10 12 1 1 10 12 1 1 10 10 12 1 10 12 1 9 12 1 1 11 7 12 1 1 1 10 10 12 1 10 12 1 1 10 10 12 1 10 12 1 10 12 1 1 9 12 1 10 12 1 1 10 10 12 1 1 10 12 10 10 12 1 10 12 10 10 12 10 10 12 1 10 12 1 10 12 10 10 12 10 12 1 10 12 10 12 10 10 12 1 10 12 1 1 10 12 1 10 10 12 1 10 7 12 1 1 1 10 12 1 1 10 10 7 12 1 1 1 11 10 12 1 10 12 1 1 10 12 1 1 10 7 12 1 1 1 10 12 1 10 10 12 1 10 12 1 10 12 1 10 100 12 1 1 10 12 1 100 1 100 1 8 1 10 10 10 12 1 8 1 10 12 1 3 3 7 1 10 10 12 1 10 12 1 10 12 1 1 10 12 1 1 11 7 12 1 1 1 7 1 10 12 1 1 10 12 1 10 12 1 1 10 12 1 1 8 1 10 12 1 1 10 12 1 11 100 12 1 1 1 11 100 12 1 1 11 12 1 1 10 12 1 10 12 1 1 10 10 7 12 1 1 1 10 12 1 10 12 1 10 10 12 10 12 1 1 10 10 12 1 10 10 12 1 10 10 12 1 10 10 12 1 10 12 1 1 10 10 12 1 8 1 10 12 1 1 18 12 1 1 11 100 12 1 1 1 7 1 3 18 12 1 18 12 1 8 1 10 100 12 1 1 1 11 12 1 1 10 12 10 10 12 1 10 11 12 1 1 10 12 1 1 11 12 1 18 3 11 10 12 1 11 11 10 12 1 10 12 1 1 8 1 10 12 1 10 12 1 10 12 1 1 10 10 12 1 11 100 12 1 7 1 100 1 10 12 1 7 1 10 10 7 12 1 1 1 100 1 10 7 1 10 10 12 1 10 10 12 1 8 1 10 10 12 1 8 1 8 1 10 12 1 10 12 1 10 10 12 10 7 12 1 1 10 7 12 1 1 10 7 12 1 1 8 1 10 12 1 10 12 1 1 10 10 12 8 1 8 1 10 8 1 8 1 8 1 8 1 10 12 1 10 12 1 8 1 10 100 12 1 1 1 10 12 10 12 1 1 10 12 10 10 12 10 12 7 1 9 12 1 1 7 1 10 100 1 100 1 100 1 100 1 1 1 1 1 1 5 0 1 1 1 1 1 3 1 3 1 1 1 1 1 1 1 1 1 1 1 1 1 1 1 100 1 1 1 100 1 1 1 1 1 1 1 1 1 1 1 1 1 1 1 1 1 1 1 1 1 1 1 1 1 100 1 1 1 1 1 1 1 1 1 100 1 1 1 1 1 1 1 1 1 1 1 1 1 1 1 1 1 1 1 1 1 1 1 1 1 1 1 1 1 1 1 1 1 1 1 1 1 1 1 1 1 1 1 1 1 1 1 1 1 1 1 1 1 1 1 1 1 1 1 1 1 1 1 1 1 1 1 1 1 1 1 1 1 1 1 1 1 1 1 1 1 1 1 1 1 1 1 1 1 1 1 1 1 1 1 1 1 1 1 1 1 1 1 1 1 1 1 1 1 1 1 1 1 1 1 1 1 1 1 1 1 1 1 1 1 1 1 1 1 1 1 1 1 1 1 1 1 1 1 1 1 1 1 1 1 1 1 1 1 1 1 1 1 1 1 1 1 1 1 1 1 1 1 1 1 1 1 1 1 1 1 100 1 1 1 1 1 1 1 1 1 1 1 1 1 1 1 1 1 1 1 1 1 1 1 1 100 1 1 1 1 1 1 1 1 1 1 1 1 1 100 1 1 1 1 1 1 1 1 1 1 1 1 1 1 1 15 10 100 12 1 1 1 16 15 10 12 16 15 10 12 15 10 12 15 10 12 1 1 1 1 100 1 100 1 1 1
staticfield java/lang/String COMPACT_STRINGS Z 1
staticfield java/lang/String serialPersistentFields [Ljava/io/ObjectStreamField; 0 [Ljava/io/ObjectStreamField;
staticfield java/lang/String CASE_INSENSITIVE_ORDER Ljava/util/Comparator; java/lang/String$CaseInsensitiveComparator
ciInstanceKlass java/security/ProtectionDomain 1 1 324 10 7 12 1 1 1 9 7 12 1 1 1 7 1 10 9 12 1 1 9 12 1 1 9 12 1 1 10 7 12 1 1 7 1 9 12 1 9 12 1 1 7 1 9 12 1 1 9 12 1 10 100 12 1 1 10 100 12 1 1 1 10 12 1 1 10 12 1 9 12 1 9 100 12 1 1 10 12 1 1 10 100 1 10 12 1 1 8 1 100 1 8 1 10 12 1 10 10 100 12 1 1 1 10 12 1 1 8 1 11 8 1 10 12 1 8 1 8 1 10 12 1 1 10 12 1 10 12 1 1 10 12 1 8 1 10 12 1 8 1 8 1 10 100 12 1 1 1 9 100 12 1 1 1 10 12 1 1 9 100 12 1 1 1 10 100 12 1 1 1 100 1 100 1 10 12 1 10 100 12 1 1 1 10 100 1 10 12 1 10 12 1 1 11 100 12 1 1 11 12 1 100 1 11 100 12 1 1 1 10 12 1 10 11 12 1 1 11 12 1 1 10 12 1 10 7 12 1 1 10 100 12 1 1 11 12 1 10 12 8 1 8 1 10 7 12 1 1 1 7 1 10 10 7 12 1 1 1 1 1 1 1 1 1 1 100 1 1 100 1 1 1 1 1 1 1 1 1 1 1 1 1 1 1 1 1 1 1 1 1 1 1 1 1 1 1 1 1 1 1 1 1 1 1 1 1 1 1 1 1 1 100 1 1 1 1 1 100 1 1 1 1 1
staticfield java/security/ProtectionDomain filePermCompatInPD Z 0
ciInstanceKlass java/security/CodeSource 1 1 395 10 7 12 1 1 1 9 7 12 1 1 1 9 12 1 1 9 12 1 1 9 12 1 1 10 7 12 1 1 1 9 12 1 1 10 100 12 1 1 10 100 10 100 12 1 1 1 10 100 12 1 1 1 10 12 1 1 100 1 10 10 100 12 1 1 1 10 100 12 1 1 1 10 12 1 1 10 12 1 100 1 10 12 1 1 10 12 1 1 10 12 1 1 10 12 1 10 10 10 12 1 1 10 100 12 1 1 1 10 12 1 10 12 1 10 12 1 8 1 10 12 1 10 12 1 10 12 1 1 10 12 1 8 1 10 12 1 1 10 100 1 10 10 12 1 1 8 1 10 12 1 10 12 1 10 12 1 8 1 8 1 9 12 1 1 100 1 8 1 10 12 1 10 12 1 1 8 1 10 12 1 8 1 8 1 8 1 10 100 12 1 1 10 12 1 1 10 12 1 10 12 1 1 10 12 1 1 10 12 1 1 100 1 100 1 10 12 1 10 12 10 12 1 1 10 100 12 1 1 10 12 1 100 1 10 12 10 8 1 10 12 1 10 12 1 10 12 1 1 100 1 10 12 1 1 100 1 100 1 8 1 8 1 10 10 12 1 1 10 100 12 1 1 1 100 1 10 12 10 12 1 1 11 100 12 1 1 10 10 12 1 11 10 12 1 8 1 100 1 10 12 1 10 12 1 1 10 12 1 11 12 1 1 11 100 1 1 1 1 5 0 1 1 1 1 1 1 1 1 1 1 1 1 1 1 1 1 1 1 1 1 1 1 1 1 1 1 1 1 1 1 1 1 1 1 1 1 1 1 1 1 1 1 1 1 1 1 1 1 1 1 1 1 1 1 1 1 1 1 1 1 1 1 1 1 1 100 1 1 1 1 1 1 1
ciInstanceKlass java/lang/StringBuilder 1 1 409 10 7 12 1 1 1 10 12 1 10 12 1 10 12 1 1 10 7 12 1 1 1 10 7 12 1 1 1 10 12 1 10 12 1 10 12 1 10 12 1 10 12 1 10 12 1 10 12 1 10 12 1 10 12 1 10 12 1 10 12 1 10 12 1 10 12 1 10 12 1 1 10 12 1 10 12 1 1 10 12 1 1 10 12 1 10 12 1 10 12 1 10 12 1 10 12 1 10 12 1 10 12 1 10 12 10 12 1 10 12 1 10 12 1 10 12 1 1 10 12 1 10 12 1 10 12 10 12 1 1 10 12 1 1 9 12 1 1 9 12 1 1 10 7 12 1 1 1 10 7 1 10 100 12 1 1 1 10 12 1 10 12 1 1 10 12 1 1 10 10 12 1 1 10 100 12 1 1 10 12 1 10 12 1 1 100 1 100 1 8 1 10 10 12 1 1 10 12 1 1 10 12 1 10 12 1 10 12 1 10 12 1 10 12 1 10 12 1 10 12 1 10 12 1 10 12 1 10 12 1 10 12 1 10 12 1 10 12 1 10 12 1 10 12 1 1 10 12 1 1 10 12 1 10 12 1 10 12 1 10 12 10 12 10 12 1 10 12 1 10 12 1 10 12 10 12 1 10 12 1 10 12 1 10 12 1 10 12 1 10 12 1 10 12 1 10 12 1 10 12 1 1 10 12 1 10 12 1 1 10 12 1 10 12 1 1 10 12 1 10 12 1 1 10 12 1 10 12 1 10 12 1 10 10 12 1 10 12 1 100 1 100 1 100 1 1 1 1 5 0 1 1 1 1 1 1 1 1 1 1 1 1 1 1 1 1 1 1 1 1 1 1 1 1 1 1 1 1 1 1 1 1 1 1 1 1 1 1 1 1 1 1 1 100 1 1 1 100 1 1 1 1 1 1 1 1 1 1
ciInstanceKlass jdk/internal/loader/ClassLoaders 1 1 183 10 100 12 1 1 1 10 7 12 1 1 1 10 12 1 1 10 100 12 1 1 1 9 7 12 1 1 1 9 12 1 1 9 12 1 1 7 1 11 100 12 1 1 1 100 1 11 12 1 1 11 12 1 1 10 100 12 1 1 1 10 100 12 1 1 1 100 1 100 1 10 7 12 1 1 1 9 12 1 1 10 12 1 1 7 1 10 12 1 1 10 12 1 7 1 8 1 10 7 12 1 1 1 10 12 1 1 7 1 10 12 1 10 12 1 10 12 1 8 1 10 7 12 1 1 8 1 8 1 10 12 1 7 1 10 12 1 10 12 1 10 12 1 1 1 1 1 1 1 1 1 1 1 1 1 1 1 1 1 1 1 1 100 1 1 1 1 1 1 1 1 1 1 1 1 1 1 1 1 1 1 1
staticfield jdk/internal/loader/ClassLoaders JLA Ljdk/internal/access/JavaLangAccess; java/lang/System$2
staticfield jdk/internal/loader/ClassLoaders BOOT_LOADER Ljdk/internal/loader/ClassLoaders$BootClassLoader; jdk/internal/loader/ClassLoaders$BootClassLoader
staticfield jdk/internal/loader/ClassLoaders PLATFORM_LOADER Ljdk/internal/loader/ClassLoaders$PlatformClassLoader; jdk/internal/loader/ClassLoaders$PlatformClassLoader
staticfield jdk/internal/loader/ClassLoaders APP_LOADER Ljdk/internal/loader/ClassLoaders$AppClassLoader; jdk/internal/loader/ClassLoaders$AppClassLoader
ciInstanceKlass jdk/internal/misc/Unsafe 1 1 1285 10 7 12 1 1 1 9 7 12 1 1 1 9 12 1 1 10 12 1 1 10 7 12 1 1 1 10 12 1 1 10 12 1 1 10 12 1 1 10 12 1 1 10 12 1 1 10 12 1 1 10 12 1 1 10 12 1 1 10 12 1 1 10 12 1 1 10 12 1 1 10 12 1 1 10 12 1 1 10 12 1 10 12 1 100 1 10 10 12 1 1 10 12 1 1 5 0 10 12 1 1 10 12 1 1 10 7 12 1 1 1 10 12 1 1 10 12 1 10 12 1 10 12 1 1 10 12 1 1 10 12 1 10 12 1 100 1 100 1 10 8 1 10 12 1 1 10 12 1 8 1 10 12 1 1 10 12 1 10 12 1 10 12 1 1 10 12 1 10 12 1 1 10 12 1 1 10 12 1 10 12 1 10 12 1 10 12 1 1 10 12 1 10 12 1 10 12 1 1 10 12 1 5 0 5 0 5 0 10 12 1 10 12 1 10 12 1 10 12 1 10 12 1 10 12 1 10 12 1 10 12 1 10 12 1 1 10 12 1 10 12 1 100 1 8 1 10 100 1 10 10 12 1 1 10 12 1 1 10 12 1 10 12 1 1 10 12 1 1 10 12 1 10 12 1 1 10 12 1 9 7 12 1 1 9 12 1 100 1 10 10 12 1 1 8 1 10 8 1 8 1 10 12 1 1 9 7 12 1 1 1 9 100 1 9 7 1 9 7 1 9 9 100 1 9 7 1 9 100 1 10 12 1 1 10 12 1 1 10 12 1 1 10 12 1 1 5 0 5 0 9 12 1 1 10 12 1 10 12 1 10 12 1 1 10 12 1 1 10 12 1 8 1 3 10 12 1 1 10 12 1 1 10 12 1 10 12 1 1 10 12 1 1 10 12 1 10 12 1 10 12 1 10 12 1 10 12 1 10 12 1 1 10 12 1 1 10 12 1 10 12 1 10 12 1 10 12 1 10 12 1 10 12 1 1 10 12 1 1 10 12 1 10 12 1 10 12 1 10 12 1 10 12 1 10 12 1 1 10 12 1 1 10 12 1 1 10 12 1 1 10 12 1 10 12 1 10 12 1 10 12 1 10 12 1 10 12 1 10 12 1 1 10 12 1 1 10 12 1 10 12 1 10 12 1 10 12 1 10 12 1 10 12 1 10 12 1 1 10 12 1 1 10 12 1 10 12 1 10 12 1 10 12 1 10 12 1 10 12 1 10 12 1 10 12 1 1 10 12 1 10 12 1 10 12 1 10 12 1 10 12 1 1 10 12 1 10 12 1 10 12 1 10 12 1 10 12 1 10 12 1 10 12 1 10 12 1 1 10 12 1 10 12 1 10 12 1 10 12 1 10 12 1 10 12 1 1 10 12 1 10 12 1 10 12 1 1 10 12 1 10 12 1 10 12 1 10 12 1 10 12 1 10 12 1 10 12 1 10 12 1 10 12 1 10 12 1 10 12 1 10 12 1 10 12 1 10 12 1 10 12 1 10 12 1 10 12 1 10 12 1 10 12 1 10 12 1 10 12 1 10 12 1 100 1 10 100 1 10 9 12 1 5 0 10 12 1 1 5 0 10 12 1 5 0 10 12 1 10 12 1 10 12 1 1 10 12 1 1 10 12 1 10 12 1 10 12 1 10 12 1 1 10 12 1 10 12 1 10 12 1 10 12 1 10 12 1 1 10 12 1 10 12 1 10 12 1 10 12 1 1 10 12 1 10 12 1 10 12 1 1 10 12 1 10 12 1 10 12 1 10 12 1 1 10 12 1 10 10 12 1 1 10 12 1 10 12 1 1 10 12 1 10 12 5 0 5 0 5 0 10 12 1 1 10 12 1 10 12 1 10 12 10 100 12 1 1 8 1 100 1 11 12 1 1 8 1 11 12 1 1 10 100 12 1 1 10 12 1 10 12 1 10 12 1 10 12 1 10 12 1 1 10 12 1 10 12 1 10 12 1 10 12 1 10 12 1 10 12 1 10 7 1 10 12 1 9 12 1 7 1 9 12 1 7 1 9 12 1 7 1 9 12 1 7 1 9 12 1 7 1 9 12 1 7 1 9 12 1 7 1 9 12 1 7 1 9 12 1 10 12 1 9 12 1 9 12 1 9 12 1 9 12 1 9 12 1 9 12 1 9 12 1 9 12 1 9 12 1 9 12 1 1 1 3 1 1 1 1 1 1 1 1 1 1 1 1 1 1 1 1 1 1 1 1 1 1 1 1 1 1 1 1 1 1 1 1 1 1 1 1 1 1 1 1 1 1 1 1 1 1 1 1 1 1 1 1 1 1 1 1 1 1 1 1 1 1 1 1 1 1 1 1 1 1 1 1 1 1 1 1 1 1 1 1 1 1 1 1 1 1 1 1 1 100 1 1 1 1 1 1 1 1 1 1 1 1 1 1 1 1 1 1 1 1 1 1 1 1 1 1 1 1 1 1 1 1 1 1 1 1 1 1 1 1 1 1 1 1 1 1 1 1 1 1 1 1 1 1 1 1 1 1 1 1 1 1 1 1 1 1 1 1 1 1 1 1 1 1 1 1 1 1 1 1 1 1 1 1 1 1 1 1 1 1 1 1 1 1 1 1 1 1 1 1 1 1 1 1 1 1 1 1 1 1 1 1 1 1 1 1 1 1 1 1 1 1 1 1 1 1 1 1 1 1 1 1 1 1 1 1 1 1 1 1 1 1 1 1 1 1 1 1 1 1 1 1 1 1 1 1 1 1 1 1 1 1 1 1 1 1 1 1 1 1 1 1 1 1 1 1 1 1 1 1 1 1 1 1 1 1 1 1 1 1 1 1 1 1 1 1 1 1 1 1 1 1 1 1 1 1 1 3 1 1 1 1 1 1 1 1 1 1 1 1 1 1 1 1 1 1 1 1 1
staticfield jdk/internal/misc/Unsafe theUnsafe Ljdk/internal/misc/Unsafe; jdk/internal/misc/Unsafe
staticfield jdk/internal/misc/Unsafe ARRAY_BOOLEAN_BASE_OFFSET I 16
staticfield jdk/internal/misc/Unsafe ARRAY_BYTE_BASE_OFFSET I 16
staticfield jdk/internal/misc/Unsafe ARRAY_SHORT_BASE_OFFSET I 16
staticfield jdk/internal/misc/Unsafe ARRAY_CHAR_BASE_OFFSET I 16
staticfield jdk/internal/misc/Unsafe ARRAY_INT_BASE_OFFSET I 16
staticfield jdk/internal/misc/Unsafe ARRAY_LONG_BASE_OFFSET I 16
staticfield jdk/internal/misc/Unsafe ARRAY_FLOAT_BASE_OFFSET I 16
staticfield jdk/internal/misc/Unsafe ARRAY_DOUBLE_BASE_OFFSET I 16
staticfield jdk/internal/misc/Unsafe ARRAY_OBJECT_BASE_OFFSET I 16
staticfield jdk/internal/misc/Unsafe ARRAY_BOOLEAN_INDEX_SCALE I 1
staticfield jdk/internal/misc/Unsafe ARRAY_BYTE_INDEX_SCALE I 1
staticfield jdk/internal/misc/Unsafe ARRAY_SHORT_INDEX_SCALE I 2
staticfield jdk/internal/misc/Unsafe ARRAY_CHAR_INDEX_SCALE I 2
staticfield jdk/internal/misc/Unsafe ARRAY_INT_INDEX_SCALE I 4
staticfield jdk/internal/misc/Unsafe ARRAY_LONG_INDEX_SCALE I 8
staticfield jdk/internal/misc/Unsafe ARRAY_FLOAT_INDEX_SCALE I 4
staticfield jdk/internal/misc/Unsafe ARRAY_DOUBLE_INDEX_SCALE I 8
staticfield jdk/internal/misc/Unsafe ARRAY_OBJECT_INDEX_SCALE I 4
staticfield jdk/internal/misc/Unsafe ADDRESS_SIZE I 8
ciInstanceKlass java/lang/ThreadGroup 1 1 293 10 7 12 1 1 1 9 7 12 1 1 1 8 1 9 12 1 1 7 1 9 12 1 9 12 1 1 10 12 1 1 10 12 1 1 10 12 1 10 12 1 1 10 12 1 9 12 1 1 10 12 1 1 10 12 1 9 12 1 10 100 12 1 1 1 9 12 1 9 12 1 1 10 7 12 1 1 1 100 10 12 1 1 10 7 12 1 1 1 10 100 12 1 9 12 1 10 12 1 1 10 12 1 1 9 12 1 1 10 12 1 1 10 12 1 10 12 1 10 12 1 1 10 12 1 1 10 12 1 10 12 1 10 10 12 1 10 12 1 10 100 1 10 10 12 1 10 12 1 10 12 1 7 10 12 1 9 12 1 1 10 12 1 1 8 1 10 100 12 1 1 1 10 12 1 1 10 12 1 1 10 12 1 1 11 100 1 100 1 9 12 1 100 1 10 8 1 10 12 1 1 10 12 1 1 8 1 10 12 1 10 100 12 1 1 1 10 12 1 1 10 100 1 8 1 10 8 1 10 12 1 8 1 1 1 1 1 1 1 1 1 1 1 1 1 1 1 1 1 3 1 1 1 1 1 1 1 1 1 1 1 1 1 1 1 1 1 1 1 1 1 1 1 1 1 1 1 1 1 1 1 1 1 1 1 1 1 1 1 1 1 1
instanceKlass java/security/Provider
ciInstanceKlass java/util/Properties 1 1 651 10 7 12 1 1 1 100 1 10 7 12 1 1 7 1 10 12 1 9 12 1 1 9 12 1 1 9 12 1 1 10 7 12 1 1 1 10 12 1 1 8 1 10 7 12 1 1 1 7 1 10 12 1 10 12 1 1 8 1 10 12 1 7 1 10 12 10 12 1 1 9 12 1 1 10 12 1 1 7 1 10 12 1 10 12 1 10 12 1 1 100 1 8 1 10 12 1 10 12 1 10 12 1 1 10 12 1 100 1 3 10 10 100 12 1 1 1 10 12 1 10 12 1 1 8 1 10 12 1 10 12 1 1 8 1 10 100 12 1 1 10 12 1 1 10 12 1 10 12 1 1 100 1 10 12 1 10 12 1 1 100 1 9 100 12 1 1 1 10 12 1 10 12 1 1 100 1 10 10 10 12 1 1 11 7 12 1 1 1 11 7 12 1 1 1 11 12 1 1 7 1 11 12 1 11 12 1 10 12 1 1 8 1 10 12 1 10 12 1 100 1 10 10 12 1 1 10 100 12 1 1 9 100 12 1 1 10 12 1 1 10 100 12 1 1 1 100 1 100 1 100 1 10 8 1 8 1 10 12 1 10 12 1 10 12 1 1 10 10 12 1 1 10 12 1 1 7 1 10 10 12 1 11 7 12 1 1 10 7 12 1 1 1 8 1 10 100 12 1 1 11 8 1 10 100 1 11 10 12 1 10 12 1 10 12 1 10 12 1 1 10 12 1 1 10 12 1 1 10 12 1 10 12 1 10 10 12 1 10 12 1 10 12 1 10 10 12 1 1 10 12 1 1 7 1 10 10 12 1 10 12 1 10 12 1 10 12 1 10 12 1 1 10 12 1 1 10 12 1 10 12 1 10 12 1 1 10 12 10 12 1 1 10 12 1 1 10 12 1 10 12 1 1 10 12 1 1 10 12 100 1 10 11 100 12 1 1 4 11 10 12 1 1 10 100 12 1 1 11 12 1 10 12 1 1 10 100 12 1 1 10 12 1 100 1 8 1 10 12 1 10 10 100 12 1 1 1 100 1 6 0 10 12 1 1 11 100 12 1 1 1 10 12 1 10 12 1 1 1 1 1 5 0 1 1 1 1 1 1 1 1 1 1 1 1 1 1 1 1 1 1 1 1 1 1 1 1 1 1 1 1 1 1 1 1 1 1 1 1 1 1 1 1 100 1 1 1 1 1 1 1 1 1 1 1 1 1 1 1 1 1 1 1 1 100 1 1 1 1 1 1 1 100 1 100 1 1 1 1 100 1 1 1 1 1 1 1 1 1 1 1 1 1 1 1 1 1 1 1 1 1 1 1 1 1 1 1 1 1 1 1 1 1 1 1 1 1 1 1 1 1 1 1 1 1 1 1 1 1 1 1 1 1 1 1 1 1 1 1 1 1 1 1 1 1 1 1 1 1 1 1 1 1 1 1 1 100 1 1 1 1 1 1 1 1 1 100 1 1 1
staticfield java/util/Properties UNSAFE Ljdk/internal/misc/Unsafe; jdk/internal/misc/Unsafe
instanceKlass java/util/Hashtable
ciInstanceKlass java/util/Dictionary 1 1 36 10 7 12 1 1 1 100 1 1 1 1 1 1 1 1 1 1 1 1 1 1 1 1 1 1 1 1 1 1 1 1 1 1 1 1
instanceKlass java/util/Properties
ciInstanceKlass java/util/Hashtable 1 1 512 100 1 10 7 12 1 1 1 9 7 12 1 1 1 100 1 100 1 10 8 1 10 12 1 1 10 12 1 10 12 1 1 10 12 1 10 7 12 1 1 1 8 1 10 12 1 9 12 1 1 7 1 9 12 1 1 4 10 7 12 1 1 1 9 12 1 4 10 12 1 11 100 12 1 1 1 10 12 1 1 10 12 1 1 9 12 1 10 12 1 1 100 1 10 9 12 1 1 10 7 12 1 1 1 9 12 1 1 10 12 1 10 12 1 3 9 12 1 9 12 1 3 10 12 1 10 12 1 10 12 1 1 11 12 1 1 11 100 12 1 1 1 11 100 12 1 1 1 11 12 1 100 1 11 12 1 11 12 1 10 12 1 1 10 12 1 1 10 12 1 9 12 1 1 9 12 9 12 1 1 10 100 1 100 1 10 12 1 10 8 1 10 10 12 1 8 1 10 8 1 10 100 12 1 1 1 7 1 10 12 1 10 12 1 100 1 10 12 1 10 12 1 1 100 1 10 100 1 10 10 12 1 1 11 12 1 1 11 12 1 100 1 10 10 10 100 12 1 1 11 100 12 1 1 1 100 1 10 11 100 12 1 1 11 100 12 1 10 12 1 10 12 1 1 10 100 12 1 1 10 12 1 1 10 12 1 1 10 12 1 1 10 100 12 1 1 1 8 10 100 12 1 1 100 1 8 1 10 4 10 12 4 10 12 1 8 1 10 12 10 100 12 1 1 1 100 1 11 100 12 1 1 1 10 100 12 1 1 1 10 12 1 10 12 1 1 10 100 1 100 1 1 1 1 1 1 5 0 1 1 1 1 1 3 1 3 1 3 1 1 1 1 1 1 1 1 1 1 1 1 1 1 1 1 1 1 1 1 1 1 1 1 1 100 1 1 1 1 1 1 1 1 1 1 1 1 1 1 1 1 1 1 1 1 1 1 1 1 1 1 1 1 1 100 1 1 1 1 1 1 1 1 1 1 1 1 1 1 1 1 1 1 1 1 1 1 1 1 1 1 1 1 1 1 1 1 1 1 1 1 1 1 1 1 1 1 1 1 1 1 1 1 1 1 1 1 1 1 1 1 1 1 100 1 1 1 100 1 1 1 1 1 100 1 1 1 1 1 1 1 1 1 1 1 1 1 1 1 1 1 1
instanceKlass com/sun/javafx/iio/png/PNGIDATChunkInputStream
instanceKlass java/io/SequenceInputStream
instanceKlass sun/security/ssl/SSLSocketImpl$AppInputStream
instanceKlass sun/nio/ch/ChannelInputStream
instanceKlass com/mysql/cj/protocol/a/CompressedInputStream
instanceKlass sun/nio/ch/NioSocketImpl$1
instanceKlass java/net/Socket$SocketInputStream
instanceKlass com/mysql/cj/protocol/ReadAheadInputStream
instanceKlass java/util/zip/ZipFile$ZipFileInputStream
instanceKlass java/io/FilterInputStream
instanceKlass java/io/FileInputStream
instanceKlass java/io/ByteArrayInputStream
ciInstanceKlass java/io/InputStream 1 1 184 100 1 10 7 12 1 1 1 100 1 10 10 7 12 1 1 1 10 7 12 1 1 1 10 12 1 100 1 3 10 12 1 1 100 1 8 1 10 12 1 10 7 12 1 1 1 3 100 1 8 1 10 10 7 12 1 1 1 7 1 10 11 7 12 1 1 1 10 12 1 1 11 12 1 1 11 7 12 1 1 1 11 12 1 1 7 1 10 7 12 1 1 1 5 0 10 12 1 10 12 1 1 100 1 10 8 1 10 8 1 8 1 10 12 1 1 10 100 12 1 1 1 100 1 1 1 1 3 1 3 1 1 1 1 1 1 1 1 1 1 1 1 1 1 1 1 1 1 1 1 1 1 1 1 1 1 1 1 1 1 1 1 1 1 1 1 1 1 1 1 1 1 1 1 1 1 1 1 1 1 1 1 1
ciInstanceKlass java/io/ByteArrayInputStream 1 1 96 10 7 12 1 1 1 9 7 12 1 1 1 9 12 1 1 9 12 1 9 12 1 10 100 12 1 1 1 10 7 12 1 1 1 10 7 12 1 1 1 10 100 12 1 1 1 10 12 1 1 10 100 12 1 1 1 1 1 1 1 1 1 1 1 1 1 1 1 1 1 1 1 1 1 1 1 1 1 1 1 100 1 1 1 1 1 1 1 1 1 1 1 1 1 1
instanceKlass com/sun/scenario/effect/ImageData$1
instanceKlass com/sun/scenario/effect/impl/ImagePool$1
instanceKlass com/sun/prism/impl/PrismTrace$1
instanceKlass java/util/logging/LogManager$Cleaner
instanceKlass com/sun/glass/ui/InvokeLaterDispatcher
instanceKlass java/util/concurrent/ForkJoinWorkerThread
instanceKlass com/sun/javafx/tk/quantum/PerformanceTrackerHelper$1$1
instanceKlass com/sun/javafx/tk/quantum/QuantumToolkit$1
instanceKlass jdk/internal/misc/InnocuousThread
instanceKlass java/lang/ref/Finalizer$FinalizerThread
instanceKlass java/lang/ref/Reference$ReferenceHandler
ciInstanceKlass java/lang/Thread 1 1 610 9 7 12 1 1 1 9 12 1 1 10 12 1 1 9 12 1 1 9 12 1 1 100 1 8 1 10 12 1 1 3 8 1 100 1 5 0 10 12 1 1 10 7 12 1 1 9 12 1 1 9 12 1 9 12 1 1 9 12 1 100 1 8 1 10 9 12 1 1 10 7 12 1 1 1 10 100 12 1 1 1 10 10 7 12 1 1 10 12 1 1 10 12 1 1 9 100 12 1 1 1 10 12 1 1 10 12 1 9 12 1 1 10 12 1 1 10 12 1 1 9 12 1 10 12 1 1 9 12 1 1 10 7 12 1 1 1 9 12 1 1 9 12 1 1 10 12 1 1 10 7 12 1 1 1 9 12 1 10 12 1 1 9 12 1 100 1 10 7 1 10 8 1 10 12 1 1 10 12 1 10 12 1 10 12 1 1 10 12 1 10 12 1 9 12 1 100 1 10 10 12 1 1 10 12 1 10 12 1 100 1 11 7 12 1 1 9 7 12 1 1 1 10 12 1 10 12 1 10 12 9 12 1 1 10 9 12 1 10 12 1 100 1 10 10 12 1 1 9 12 1 10 12 1 11 100 12 1 1 10 12 1 10 12 1 10 12 1 10 10 12 1 10 12 1 10 12 1 10 12 1 10 12 1 1 100 1 10 10 12 1 10 12 1 10 12 1 9 100 12 1 1 1 10 12 1 1 10 12 1 7 1 8 1 10 10 12 1 10 12 8 1 10 12 1 8 1 10 8 1 8 1 10 100 12 1 1 10 100 12 1 1 1 100 1 8 1 10 9 12 1 9 12 1 1 10 12 1 1 10 10 12 1 1 9 12 1 10 12 1 1 100 1 10 12 11 100 12 1 1 1 9 100 12 1 1 1 9 12 1 1 10 12 1 1 100 1 10 12 1 11 100 12 1 1 1 100 1 10 12 1 10 12 1 1 11 12 1 10 12 1 100 1 10 12 1 10 12 1 1 10 7 12 1 1 1 8 1 9 12 1 10 12 1 1 11 100 12 1 1 1 10 100 12 1 1 1 11 12 1 10 12 1 7 1 1 1 1 1 3 1 3 1 3 1 1 1 1 1 1 1 1 1 1 1 1 1 1 1 1 1 1 1 100 1 1 1 1 1 1 1 1 1 1 1 1 100 1 100 1 1 1 1 1 1 1 1 1 1 1 1 1 1 1 1 1 1 1 1 1 1 1 1 1 1 1 1 1 1 1 1 1 1 1 1 1 1 1 1 1 1 1 100 100 1 1 1 1 1 1 1 1 1 100 1 1 1 1 1 1 1 1 1 1 1 1 1 1 1 1 1 1 1 1 1 1 1 1 1 1 1 1 100 1 1 1 1 1 1 100 1 1 100 1 1 1 1 1 1
staticfield java/lang/Thread EMPTY_STACK_TRACE [Ljava/lang/StackTraceElement; 0 [Ljava/lang/StackTraceElement;
ciInstanceKlass java/lang/Math 1 1 395 10 100 12 1 1 1 10 7 12 1 1 1 10 12 1 10 12 1 10 12 1 10 12 1 10 12 1 7 1 6 0 6 0 10 12 1 10 12 1 10 12 1 10 12 1 10 12 1 10 12 1 1 10 12 1 10 12 1 10 12 1 10 12 1 10 12 1 10 7 12 1 1 1 100 1 3 3 3 10 7 12 1 1 1 100 1 5 0 5 0 5 0 5 0 5 0 9 100 12 1 1 1 10 100 12 1 1 1 100 1 8 1 10 12 1 8 1 10 12 1 1 10 12 1 1 100 1 5 0 5 0 100 1 3 5 0 3 5 0 10 12 1 10 12 1 8 1 10 12 1 8 1 9 12 1 1 9 12 1 10 12 1 1 6 0 10 12 1 9 12 1 1 100 1 10 10 12 1 100 1 10 12 1 10 12 1 1 10 12 1 10 12 1 10 12 1 10 12 1 1 10 12 1 1 10 12 1 1 10 12 6 0 10 12 1 1 10 12 1 1 10 12 10 12 1 4 10 12 1 1 10 12 1 10 12 1 10 12 10 12 1 10 12 1 10 12 1 10 12 1 10 12 1 10 12 1 10 12 1 5 0 6 0 4 6 0 4 6 0 4 10 12 1 1 9 12 1 1 10 12 1 9 12 1 10 7 12 1 1 1 4 6 0 1 1 6 0 1 6 0 1 1 1 1 1 1 1 1 1 1 1 1 1 1 1 1 1 1 1 1 1 1 1 1 1 1 1 1 1 1 1 1 1 1 1 1 1 1 1 1 1 1 1 1 1 1 1 1 1 1 1 1 1 1 1 1 1 1 1 1 1 1 1 1 1 1 1 1 1 1 1 1 1 1 1 1 1 1 1 1 1 1 1 1 1 1 1 1 1 1 1 1 1 1
staticfield java/lang/Math negativeZeroFloatBits J -2147483648
staticfield java/lang/Math negativeZeroDoubleBits J -9223372036854775808
staticfield java/lang/Math $assertionsDisabled Z 1
instanceKlass java/lang/Exception
instanceKlass java/lang/Error
ciInstanceKlass java/lang/Throwable 1 1 393 10 7 12 1 1 1 9 7 12 1 1 1 9 12 1 1 9 12 1 9 12 1 1 9 12 1 10 12 1 1 9 12 1 1 10 12 1 1 10 12 1 100 1 7 1 10 8 1 10 12 1 1 8 1 10 100 12 1 1 10 10 12 1 100 1 8 1 10 10 12 1 1 10 7 12 1 1 10 12 1 8 1 9 100 12 1 1 1 10 12 1 1 7 1 10 12 10 12 1 7 1 10 10 7 12 1 1 1 11 7 12 1 1 1 10 7 12 1 1 1 10 12 1 1 10 12 1 1 8 1 10 12 1 10 12 1 1 8 1 8 1 10 12 1 1 10 12 1 8 1 8 1 9 12 1 1 10 100 12 1 1 100 1 10 11 12 1 8 1 8 1 10 7 12 1 1 8 1 10 12 1 8 1 100 1 10 12 1 9 12 1 1 10 12 1 10 7 12 1 9 12 1 1 10 12 1 1 100 1 8 1 10 12 1 10 100 12 1 1 10 12 1 1 100 1 10 100 12 1 1 1 10 12 1 11 100 12 1 1 1 11 100 12 1 1 1 11 12 1 8 1 10 12 1 1 8 1 10 10 9 100 12 1 1 1 8 1 10 12 1 1 10 100 1 8 1 10 11 12 1 1 8 1 9 12 1 10 100 12 1 1 11 9 12 1 1 11 12 1 1 100 10 12 1 10 12 1 1 100 1 1 1 1 5 0 1 1 1 1 1 1 1 1 1 1 1 1 1 100 1 1 1 1 1 1 1 1 1 1 1 1 1 1 1 1 1 1 1 1 1 1 1 1 1 1 1 1 1 1 1 1 1 1 1 1 1 1 1 1 1 1 100 1 100 1 1 1 1 1 1 1 1 1 1 1 1 1 1 1 1 1 1
staticfield java/lang/Throwable UNASSIGNED_STACK [Ljava/lang/StackTraceElement; 0 [Ljava/lang/StackTraceElement;
staticfield java/lang/Throwable SUPPRESSED_SENTINEL Ljava/util/List; java/util/Collections$EmptyList
staticfield java/lang/Throwable EMPTY_THROWABLE_ARRAY [Ljava/lang/Throwable; 0 [Ljava/lang/Throwable;
staticfield java/lang/Throwable $assertionsDisabled Z 1
instanceKlass sun/security/pkcs11/wrapper/PKCS11Exception
instanceKlass sun/security/ec/ECOperations$IntermediateValueException
instanceKlass sun/nio/fs/WindowsException
instanceKlass javafx/scene/transform/NonInvertibleTransformException
instanceKlass javafx/css/CssParser$ParseException
instanceKlass java/lang/CloneNotSupportedException
instanceKlass java/security/PrivilegedActionException
instanceKlass javax/security/auth/callback/UnsupportedCallbackException
instanceKlass java/net/URISyntaxException
instanceKlass javax/naming/NamingException
instanceKlass java/sql/SQLException
instanceKlass javax/xml/stream/XMLStreamException
instanceKlass com/sun/javafx/geom/transform/NoninvertibleTransformException
instanceKlass java/util/concurrent/ExecutionException
instanceKlass java/security/GeneralSecurityException
instanceKlass java/io/IOException
instanceKlass java/lang/InterruptedException
instanceKlass java/lang/ReflectiveOperationException
instanceKlass java/lang/RuntimeException
ciInstanceKlass java/lang/Exception 1 1 40 10 7 12 1 1 1 10 12 1 10 12 1 10 12 1 10 12 1 100 1 1 1 1 5 0 1 1 1 1 1 1 1 1 1 1 1 1 1 1
instanceKlass java/lang/InstantiationException
instanceKlass java/lang/reflect/InvocationTargetException
instanceKlass java/lang/IllegalAccessException
instanceKlass java/lang/NoSuchFieldException
instanceKlass java/lang/NoSuchMethodException
instanceKlass java/lang/ClassNotFoundException
ciInstanceKlass java/lang/ReflectiveOperationException 1 1 34 10 7 12 1 1 1 10 12 1 10 12 1 10 12 1 100 1 1 1 1 5 0 1 1 1 1 1 1 1 1 1 1 1
instanceKlass java/security/ProviderException
instanceKlass com/sun/javafx/geom/IllegalPathStateException
instanceKlass java/time/DateTimeException
instanceKlass java/util/ConcurrentModificationException
instanceKlass java/lang/reflect/UndeclaredThrowableException
instanceKlass java/util/MissingResourceException
instanceKlass com/mysql/cj/exceptions/CJException
instanceKlass com/sun/javafx/fxml/PropertyNotFoundException
instanceKlass java/util/NoSuchElementException
instanceKlass com/sun/javafx/geom/transform/SingularMatrixException
instanceKlass java/lang/IndexOutOfBoundsException
instanceKlass java/lang/UnsupportedOperationException
instanceKlass java/lang/SecurityException
instanceKlass java/lang/IllegalStateException
instanceKlass java/lang/IllegalArgumentException
instanceKlass java/lang/ArithmeticException
instanceKlass java/lang/NullPointerException
instanceKlass java/lang/IllegalMonitorStateException
instanceKlass java/lang/ArrayStoreException
instanceKlass java/lang/ClassCastException
ciInstanceKlass java/lang/RuntimeException 1 1 40 10 7 12 1 1 1 10 12 1 10 12 1 10 12 1 10 12 1 100 1 1 1 1 5 0 1 1 1 1 1 1 1 1 1 1 1 1 1 1
instanceKlass java/lang/AssertionError
instanceKlass java/lang/VirtualMachineError
instanceKlass java/lang/LinkageError
instanceKlass java/lang/ThreadDeath
ciInstanceKlass java/lang/Error 1 1 40 10 7 12 1 1 1 10 12 1 10 12 1 10 12 1 10 12 1 100 1 1 1 1 5 0 1 1 1 1 1 1 1 1 1 1 1 1 1 1
instanceKlass java/lang/StackOverflowError
instanceKlass java/lang/OutOfMemoryError
instanceKlass java/lang/InternalError
ciInstanceKlass java/lang/VirtualMachineError 1 1 34 10 100 12 1 1 1 10 12 1 10 12 1 10 12 1 100 1 1 1 1 5 0 1 1 1 1 1 1 1 1 1 1 1
ciInstanceKlass java/lang/StackOverflowError 1 1 26 10 100 12 1 1 1 10 12 1 100 1 1 1 1 5 0 1 1 1 1 1 1 1 1 1
instanceKlass java/lang/UnsatisfiedLinkError
instanceKlass java/lang/IncompatibleClassChangeError
instanceKlass java/lang/BootstrapMethodError
instanceKlass java/lang/NoClassDefFoundError
ciInstanceKlass java/lang/LinkageError 1 1 31 10 7 12 1 1 1 10 12 1 10 12 1 100 1 1 1 1 5 0 1 1 1 1 1 1 1 1 1 1 1
ciInstanceKlass java/lang/ArrayStoreException 1 1 26 10 100 12 1 1 1 10 12 1 100 1 1 1 1 5 0 1 1 1 1 1 1 1 1 1
ciInstanceKlass java/lang/ThreadDeath 0 0 21 10 100 12 1 1 1 100 1 1 1 1 5 0 1 1 1 1 1 1 1
ciInstanceKlass java/lang/StackTraceElement 1 1 224 10 7 12 1 1 1 10 7 12 1 1 9 12 1 1 9 12 1 1 9 12 1 9 12 1 8 1 10 100 12 1 1 1 7 1 9 12 1 8 1 9 12 1 9 12 1 9 12 1 1 8 1 10 12 1 1 10 12 1 7 1 10 10 12 1 1 8 1 10 12 1 1 10 12 1 8 1 8 1 8 1 10 12 1 8 1 8 1 10 12 1 8 1 8 1 10 12 1 1 10 12 1 10 12 1 1 10 12 1 9 12 1 1 10 7 12 1 1 1 10 12 1 1 7 1 10 12 1 1 10 7 12 1 1 10 7 12 1 1 1 10 7 12 1 1 10 7 12 1 1 10 10 12 1 1 10 12 1 10 12 1 1 100 1 1 1 1 1 3 1 3 1 1 5 0 1 1 1 1 1 1 1 1 1 1 1 1 1 1 1 1 1 1 1 1 1 1 1 1 1 1 100 1 100 1 1 1 1 1 1 1 1 1 1 100 1 1 1 1 1 1 1 1
instanceKlass java/util/EnumMap$Values
instanceKlass java/util/TreeMap$Values
instanceKlass java/util/IdentityHashMap$Values
instanceKlass java/util/WeakHashMap$Values
instanceKlass java/util/LinkedHashMap$LinkedValues
instanceKlass java/util/AbstractQueue
instanceKlass java/util/HashMap$Values
instanceKlass java/util/ArrayDeque
instanceKlass java/util/AbstractSet
instanceKlass java/util/ImmutableCollections$AbstractImmutableCollection
instanceKlass java/util/AbstractList
ciInstanceKlass java/util/AbstractCollection 1 1 160 10 7 12 1 1 1 10 7 12 1 1 1 10 12 1 1 11 7 12 1 1 1 11 12 1 1 10 12 1 1 10 100 12 1 1 1 10 12 1 1 10 12 1 1 10 7 12 1 1 10 7 12 1 1 1 7 1 10 100 12 1 1 1 10 100 12 1 1 1 100 1 10 11 12 1 11 7 1 10 12 1 10 12 1 10 100 12 1 1 1 11 8 1 100 1 10 10 12 1 1 8 1 10 12 1 10 12 1 1 1 1 1 1 1 1 1 1 1 1 1 1 1 1 1 1 1 1 1 1 1 1 1 1 1 1 1 1 1 1 1 1 1 1 1 1 1 1 1 1 1 1 1 1 1 1 1 1 1 1
ciInstanceKlass java/lang/Boolean 1 1 151 10 7 12 1 1 1 9 7 12 1 1 1 10 12 1 1 10 12 1 8 1 10 7 12 1 1 9 12 1 1 9 12 1 8 1 10 12 1 1 10 12 1 1 10 7 12 1 1 1 100 1 100 1 10 12 1 1 9 100 12 1 1 9 12 10 100 12 1 1 1 10 12 1 1 8 1 10 7 12 1 1 1 9 12 1 1 100 1 100 1 100 1 1 1 1 1 1 5 0 1 1 1 1 1 1 1 1 1 1 3 1 1 1 1 1 1 1 1 1 1 1 1 1 1 1 1 1 1 1 1 100 1 1 1 1 1 1 1 1 1 1 100 1 1 1 1 1 1 1 1
staticfield java/lang/Boolean TRUE Ljava/lang/Boolean; java/lang/Boolean
staticfield java/lang/Boolean FALSE Ljava/lang/Boolean; java/lang/Boolean
staticfield java/lang/Boolean TYPE Ljava/lang/Class; java/lang/Class
instanceKlass java/util/concurrent/locks/AbstractQueuedSynchronizer
ciInstanceKlass java/util/concurrent/locks/AbstractOwnableSynchronizer 1 1 32 10 7 12 1 1 1 9 7 12 1 1 1 100 1 1 1 1 5 0 1 1 1 1 1 1 1 1 1 1 1 1
instanceKlass java/lang/LiveStackFrameInfo
ciInstanceKlass java/lang/StackFrameInfo 1 1 132 10 7 12 1 1 1 9 7 12 1 1 1 9 7 1 9 12 1 1 11 7 12 1 1 1 9 12 1 1 11 12 1 1 10 12 1 1 10 7 12 1 1 1 10 12 1 11 12 1 11 12 1 1 11 12 1 10 12 1 1 9 12 1 1 10 12 1 1 10 100 12 1 1 10 12 1 1 11 12 1 1 10 12 1 9 12 1 1 10 12 1 1 100 1 8 1 10 12 1 10 7 12 1 1 1 100 1 1 1 1 1 1 1 1 1 1 1 1 1 1 1 1 1 1 100 1 1 1 1 1 1
staticfield java/lang/StackFrameInfo JLIA Ljdk/internal/access/JavaLangInvokeAccess; java/lang/invoke/MethodHandleImpl$1
ciInstanceKlass java/lang/LiveStackFrameInfo 0 0 97 10 100 12 1 1 1 9 100 12 1 1 1 9 12 1 9 12 1 9 12 1 9 12 1 1 100 1 10 12 1 1 10 12 1 8 1 10 12 1 1 8 1 8 1 8 1 10 100 1 10 12 1 100 1 10 12 1 100 1 100 1 1 1 3 1 3 1 1 1 1 1 1 1 1 1 1 1 1 1 1 1 1 1 1 1 1 1 1 1 1 1 1 1 100 1 1
ciInstanceKlass java/lang/Character 1 1 576 7 1 100 1 100 1 9 12 1 1 8 1 9 12 1 1 100 1 9 12 1 1 10 100 12 1 1 1 10 100 12 1 1 1 10 100 12 1 1 1 10 100 12 1 1 1 9 100 12 1 1 1 10 12 1 10 12 1 1 10 12 1 1 10 7 12 1 1 10 12 1 1 3 3 3 3 3 10 12 1 1 10 12 1 3 11 7 12 1 1 1 11 12 1 1 10 12 1 1 10 12 1 1 100 1 10 10 12 1 3 10 12 1 1 10 12 1 10 12 1 1 100 1 8 1 10 12 1 1 10 12 1 10 12 1 10 12 1 10 12 1 10 12 1 1 10 12 1 10 7 12 1 1 10 10 12 1 10 10 12 1 10 12 1 1 10 12 1 10 10 12 1 10 12 1 10 12 1 10 12 1 10 12 1 10 12 1 10 12 1 10 12 10 10 12 10 10 12 1 10 10 12 1 10 10 12 1 10 10 12 1 10 10 12 1 10 10 12 1 10 10 12 1 1 10 10 12 1 10 5 0 10 12 1 10 12 1 10 10 12 1 10 10 12 1 1 10 10 12 1 10 10 12 1 9 12 1 1 100 1 10 10 12 1 10 12 1 1 3 10 100 12 1 1 1 10 12 1 10 100 12 1 1 100 1 10 10 12 1 1 10 12 1 1 10 12 1 1 8 1 10 12 1 9 100 12 1 1 1 10 12 1 10 10 12 1 10 12 1 1 10 12 1 10 10 12 1 1 10 10 12 1 1 100 1 8 1 10 12 1 1 10 7 12 1 1 1 8 1 10 12 1 1 9 12 1 1 100 1 100 1 100 1 1 1 1 3 1 3 1 3 1 3 1 1 1 1 1 3 1 1 3 1 3 1 3 1 3 1 3 1 3 1 3 1 3 1 3 1 3 1 3 1 3 1 3 1 3 1 3 1 3 1 3 1 3 1 3 1 3 1 3 1 3 1 3 1 3 1 3 1 3 1 3 1 3 1 1 1 1 1 1 1 1 1 1 1 1 1 1 1 1 1 1 1 3 1 1 1 1 1 1 1 3 1 1 3 1 1 1 1 1 3 1 1 5 0 1 1 1 1 1 1 1 1 1 1 1 1 1 1 1 1 1 1 1 1 1 1 1 1 1 1 1 1 1 1 1 1 1 1 1 1 1 1 1 1 1 1 1 1 1 1 1 1 1 1 1 1 1 1 1 1 1 1 1 1 1 1 1 1 1 1 1 1 1 1 1 1 1 1 1 1 1 1 1 1 1 1 1 1 1 1 1 1 1 100 1 100 1 1 1 1 1 1
staticfield java/lang/Character TYPE Ljava/lang/Class; java/lang/Class
staticfield java/lang/Character $assertionsDisabled Z 1
ciInstanceKlass java/lang/Float 1 1 223 7 1 100 1 10 7 12 1 1 1 10 100 12 1 1 1 4 100 1 10 12 1 1 10 12 1 1 8 1 8 1 10 100 12 1 1 1 10 12 1 1 10 12 1 1 10 4 4 4 10 7 12 1 1 9 12 1 1 10 12 1 1 10 12 1 10 12 1 10 12 1 1 10 12 1 10 12 1 3 10 12 1 1 10 12 1 1 10 12 1 10 100 12 1 1 1 10 12 1 1 10 12 1 1 8 1 10 7 12 1 1 1 9 12 1 1 100 1 100 1 100 1 1 1 1 1 4 1 1 1 4 1 1 3 1 3 1 3 1 3 1 1 1 1 5 0 1 1 1 1 1 1 1 1 1 1 100 1 1 1 1 1 1 1 1 1 1 1 1 1 3 1 1 1 1 1 1 1 1 1 1 1 1 1 1 1 1 1 1 1 1 1 1 1 1 1 1 1 1 1 1 1 1 1 1 1 1 1 1 100 1 1 1 1 1 1 1 100 1 100 1 1
staticfield java/lang/Float TYPE Ljava/lang/Class; java/lang/Class
instanceKlass java/util/concurrent/atomic/Striped64
instanceKlass java/math/BigDecimal
instanceKlass java/math/BigInteger
instanceKlass java/util/concurrent/atomic/AtomicLong
instanceKlass java/util/concurrent/atomic/AtomicInteger
instanceKlass java/lang/Long
instanceKlass java/lang/Integer
instanceKlass java/lang/Short
instanceKlass java/lang/Byte
instanceKlass java/lang/Double
instanceKlass java/lang/Float
ciInstanceKlass java/lang/Number 1 1 37 10 7 12 1 1 1 10 100 12 1 1 1 100 1 1 1 1 5 0 1 1 1 1 1 1 1 1 1 1 1 1 1 1 1 1 1
ciInstanceKlass java/lang/Double 1 1 285 7 1 100 1 10 7 12 1 1 1 10 12 1 1 10 12 1 100 1 10 12 1 1 10 7 12 1 1 1 6 0 8 1 10 12 1 1 8 1 10 12 1 1 8 1 6 0 10 12 1 1 100 1 5 0 5 0 8 1 8 1 10 100 12 1 1 1 10 100 12 1 1 1 8 1 10 12 1 1 8 1 8 1 8 1 10 12 1 1 10 12 1 10 12 1 1 10 12 1 10 12 1 10 12 1 1 10 12 1 10 6 0 6 0 6 0 10 7 12 1 1 9 12 1 1 10 12 1 10 12 1 10 12 1 10 12 1 5 0 10 12 1 1 10 12 1 10 12 1 10 100 12 1 1 1 10 12 1 1 10 12 1 1 8 1 10 7 12 1 1 1 9 12 1 1 100 1 100 1 100 1 1 1 1 1 6 0 1 1 1 6 0 1 1 3 1 3 1 3 1 3 1 1 1 1 5 0 1 1 1 1 1 1 1 1 1 1 1 1 1 1 1 1 100 1 1 1 1 1 1 1 1 1 1 1 1 3 1 1 1 1 1 1 1 1 1 1 1 1 1 1 1 1 1 1 1 1 1 1 1 1 1 1 1 1 1 1 1 1 1 1 100 1 1 1 1 1 1 1 100 1 100 1 1
staticfield java/lang/Double TYPE Ljava/lang/Class; java/lang/Class
ciMethod java/lang/Double doubleToRawLongBits (D)J 2832 0 1416 0 -1
ciMethod java/lang/Double longBitsToDouble (J)D 1676 0 838 0 -1
ciMethod java/lang/Double isNaN (D)Z 526 0 26825 0 96
ciMethod java/lang/Double isInfinite (D)Z 570 0 12697 0 0
ciInstanceKlass java/lang/Byte 1 1 215 7 1 100 1 10 100 12 1 1 1 9 12 1 1 8 1 9 12 1 1 100 1 10 12 1 1 10 12 1 1 10 100 12 1 1 1 10 100 12 1 1 1 9 7 12 1 1 1 10 12 1 1 100 1 100 1 10 12 1 1 8 1 10 12 1 1 8 1 10 12 1 10 12 1 10 12 1 10 12 1 1 10 12 1 10 12 1 10 12 1 1 10 8 1 8 1 10 7 1 9 12 1 1 10 12 1 10 12 1 1 10 12 1 1 10 12 1 1 10 12 1 5 0 10 12 1 1 8 1 10 7 12 1 1 1 9 12 1 1 100 1 100 1 1 1 3 1 3 1 1 1 1 3 1 3 1 1 5 0 1 1 1 1 1 1 1 1 1 1 1 1 1 1 1 1 1 1 1 1 1 1 1 1 1 1 1 1 1 1 1 1 1 1 1 1 1 1 1 1 1 1 1 1 1 1 1 1 1 1 1 1 1 1 1
staticfield java/lang/Byte TYPE Ljava/lang/Class; java/lang/Class
ciInstanceKlass java/lang/Short 1 1 224 7 1 100 1 100 1 10 100 12 1 1 1 10 12 1 1 100 1 100 1 10 12 1 1 8 1 10 12 1 1 8 1 10 12 1 10 12 1 10 12 1 10 12 1 1 10 12 1 1 10 12 1 9 12 1 1 8 1 9 12 1 1 100 1 10 12 1 1 10 12 1 10 100 12 1 1 1 10 100 12 1 1 1 9 100 12 1 1 1 10 12 1 10 12 1 1 10 8 1 8 1 10 100 1 9 12 1 1 10 12 1 10 12 1 1 10 12 1 1 10 12 1 1 10 12 1 3 3 5 0 10 12 1 1 8 1 10 7 12 1 1 1 9 12 1 1 100 1 100 1 1 1 3 1 3 1 1 1 1 3 1 3 1 1 5 0 1 1 1 1 1 1 1 1 1 1 1 1 1 1 1 1 1 1 1 1 1 1 1 1 1 1 1 3 1 1 1 1 1 1 1 1 1 1 1 1 1 1 1 1 1 1 1 1 1 1 1 1 1 1 1 1 1
staticfield java/lang/Short TYPE Ljava/lang/Class; java/lang/Class
ciInstanceKlass java/lang/Integer 1 1 445 7 1 100 1 7 1 7 1 10 12 1 1 9 12 1 1 9 12 1 1 10 100 12 1 1 1 10 12 1 1 10 100 12 1 1 1 10 10 12 1 1 10 100 12 1 1 1 10 12 1 10 12 1 1 10 7 12 1 1 1 10 12 1 1 10 12 1 1 10 12 1 10 12 1 10 12 1 1 10 10 12 1 9 12 1 1 9 12 1 7 1 8 1 10 12 1 100 1 10 12 1 8 1 10 12 1 1 10 12 1 8 1 10 12 1 8 1 10 12 1 1 3 10 12 1 1 3 10 12 1 1 10 12 1 1 10 7 12 1 1 1 11 7 1 100 1 10 11 10 12 1 1 8 1 10 12 1 1 8 1 100 1 10 12 1 1 10 12 1 1 5 0 8 1 10 12 1 10 12 1 10 12 1 10 12 1 1 7 1 9 12 1 1 9 12 1 1 10 12 1 10 7 1 9 12 1 10 12 1 10 12 1 10 12 1 1 10 7 12 1 1 1 100 1 100 1 10 12 1 1 10 12 1 1 8 1 8 1 10 12 1 1 8 1 8 1 8 1 8 1 8 1 8 1 10 12 1 10 12 1 10 12 1 5 0 3 3 3 3 10 12 1 3 10 12 1 10 100 12 1 1 1 10 12 1 1 10 12 1 1 8 1 10 7 12 1 1 1 9 12 1 1 3 3 3 3 3 3 9 12 1 1 100 1 100 1 100 1 1 1 1 1 1 1 3 1 3 1 1 5 0 1 1 1 1 1 1 1 1 1 100 1 1 1 1 1 1 1 1 1 1 1 1 1 1 1 1 1 1 1 1 1 1 1 1 1 1 1 1 1 1 1 1 1 1 1 1 1 1 1 3 1 1 1 1 1 1 1 1 1 1 1 1 1 1 1 1 100 1 1 1 1 1 1 1 1 1 1 1 1 1 1 1 1 1 1 1 1 1 1 1 1 1 1 1 1 1 1 1 100 1 1 1 1 1 1 1 1 1 100 1 100 1 1
staticfield java/lang/Integer TYPE Ljava/lang/Class; java/lang/Class
staticfield java/lang/Integer digits [C 36
staticfield java/lang/Integer DigitTens [B 100
staticfield java/lang/Integer DigitOnes [B 100
staticfield java/lang/Integer sizeTable [I 10
ciInstanceKlass java/lang/Long 1 1 506 7 1 100 1 7 1 7 1 10 12 1 1 9 12 1 1 9 7 12 1 1 1 10 100 12 1 1 1 10 12 1 1 10 100 12 1 1 1 10 10 12 10 12 1 10 12 1 10 12 1 5 0 5 0 100 1 10 12 1 1 10 12 1 1 10 12 1 10 12 1 10 12 1 10 12 1 1 10 100 12 1 1 10 12 1 10 12 1 1 10 12 1 1 10 12 1 1 10 12 1 1 10 100 12 1 1 1 10 12 1 1 10 12 1 10 12 1 10 12 1 10 12 1 1 10 10 12 1 5 0 5 0 9 12 1 1 9 12 1 5 0 100 1 8 1 10 12 1 8 1 10 12 1 8 1 8 1 10 12 1 1 5 0 10 12 1 1 5 0 10 12 1 1 10 12 1 1 10 100 12 1 1 1 11 100 1 100 1 10 11 10 12 1 1 8 1 10 12 1 1 8 1 100 1 10 12 1 1 10 12 1 8 1 8 1 11 12 1 1 10 12 1 10 12 1 10 12 1 5 0 5 0 9 7 12 1 1 1 10 12 1 10 12 1 1 8 1 8 1 10 12 1 1 8 1 8 1 8 1 8 1 8 1 8 1 10 12 1 10 12 1 10 12 1 1 10 7 1 9 12 1 1 10 12 1 10 12 1 1 10 100 12 1 1 1 100 1 100 1 10 12 1 1 10 12 1 1 5 0 10 12 1 10 12 1 5 0 5 0 5 0 10 12 1 1 5 0 5 0 10 12 1 10 12 1 10 100 12 1 1 1 10 12 1 1 10 12 1 1 8 1 10 7 12 1 1 1 9 12 1 1 100 1 100 1 100 1 1 1 1 5 0 1 1 1 1 3 1 3 1 5 0 1 1 1 1 1 1 1 1 1 100 1 1 1 1 1 1 1 1 1 1 1 1 1 1 1 1 1 1 1 1 1 1 1 1 1 1 1 1 1 1 1 1 1 1 1 1 1 1 1 1 1 1 1 1 1 1 1 1 1 1 1 1 1 1 3 1 1 1 1 1 1 1 1 1 1 1 1 1 1 1 100 1 1 1 1 1 1 1 1 1 1 1 1 1 1 1 1 1 1 1 1 1 1 1 1 1 1 1 100 1 1 1 1 1 1 1 1 1 100 1 100 1 1
staticfield java/lang/Long TYPE Ljava/lang/Class; java/lang/Class
instanceKlass java/lang/ref/PhantomReference
instanceKlass java/lang/ref/FinalReference
instanceKlass java/lang/ref/WeakReference
instanceKlass java/lang/ref/SoftReference
ciInstanceKlass java/lang/ref/Reference 1 1 195 9 7 12 1 1 1 9 7 12 1 1 10 12 1 1 10 12 1 1 9 12 1 1 10 12 1 1 9 12 1 1 9 12 1 1 7 1 10 12 1 10 7 12 1 1 10 12 1 10 12 1 1 10 12 1 9 12 1 10 12 1 1 10 12 1 10 12 1 9 12 1 100 1 100 1 10 12 1 9 12 1 9 12 1 100 1 10 10 12 1 10 10 7 12 1 1 10 7 12 1 1 1 10 12 1 1 10 7 12 1 1 7 1 8 1 10 12 1 10 12 1 1 10 12 1 1 10 12 1 7 1 10 10 7 12 1 1 1 1 1 1 1 1 1 1 1 1 1 1 1 1 1 1 1 100 1 1 1 100 1 1 1 1 1 1 1 1 1 1 1 1 1 1 1 1 1 1 1 1 1 1 1 1 1 1 1 1 1 1 1 1 1 1 1
staticfield java/lang/ref/Reference processPendingLock Ljava/lang/Object; java/lang/Object
staticfield java/lang/ref/Reference $assertionsDisabled Z 1
instanceKlass sun/security/util/MemoryCache$SoftCacheEntry
instanceKlass sun/util/locale/provider/LocaleResources$ResourceReference
instanceKlass sun/util/resources/Bundles$BundleReference
instanceKlass java/util/ResourceBundle$BundleReference
instanceKlass sun/util/locale/LocaleObjectCache$CacheEntry
instanceKlass java/lang/invoke/LambdaFormEditor$Transform
ciInstanceKlass java/lang/ref/SoftReference 1 1 47 10 7 12 1 1 1 9 7 12 1 1 1 9 12 1 10 12 1 10 12 1 1 1 1 1 1 1 1 1 1 1 1 1 1 1 1 1 1 1 1 100 1 1 1 1 1
instanceKlass com/sun/util/reentrant/ReentrantContextProvider$HardReference
instanceKlass com/sun/javafx/util/WeakReferenceQueue$ListEntry
instanceKlass java/util/logging/LogManager$LoggerWeakRef
instanceKlass java/util/logging/Level$KnownLevel
instanceKlass java/lang/WeakPairMap$WeakRefPeer
instanceKlass java/util/ResourceBundle$KeyElementReference
instanceKlass java/lang/ClassValue$Entry
instanceKlass java/lang/ThreadLocal$ThreadLocalMap$Entry
instanceKlass java/lang/invoke/MethodType$ConcurrentWeakInternSet$WeakEntry
instanceKlass java/util/WeakHashMap$Entry
ciInstanceKlass java/lang/ref/WeakReference 1 1 31 10 7 12 1 1 1 10 12 1 100 1 1 1 1 1 1 1 1 1 1 1 1 1 1 1 1 1 1 1 1
instanceKlass java/lang/ref/Finalizer
ciInstanceKlass java/lang/ref/FinalReference 1 1 47 10 7 12 1 1 1 10 100 12 1 1 1 10 12 1 1 100 1 8 1 10 12 1 1 1 1 1 1 1 1 1 1 1 1 1 1 1 1 1 1 1 1 1 1 1 1
ciInstanceKlass java/lang/ref/Finalizer 1 1 152 9 7 12 1 1 1 10 7 12 1 1 1 9 12 1 1 9 12 1 1 9 12 1 9 12 1 10 12 1 10 12 1 1 9 12 1 1 100 1 10 12 1 100 1 11 100 12 1 1 100 1 10 12 1 100 1 10 12 1 10 100 12 1 1 1 10 100 12 1 1 1 100 1 10 10 12 1 10 7 12 1 1 1 7 1 10 7 1 10 10 7 12 1 1 1 10 12 1 1 10 7 12 1 1 7 1 10 12 1 10 12 1 1 10 12 1 1 10 12 1 1 1 1 1 1 1 1 1 1 1 1 1 1 1 1 1 1 1 1 1 1 1 1 1 1 1 1 1 1 1 1
staticfield java/lang/ref/Finalizer lock Ljava/lang/Object; java/lang/Object
staticfield java/lang/ref/Finalizer $assertionsDisabled Z 1
instanceKlass com/mysql/cj/jdbc/AbandonedConnectionCleanupThread$ConnectionFinalizerPhantomReference
instanceKlass jdk/internal/ref/PhantomCleanable
instanceKlass jdk/internal/ref/Cleaner
ciInstanceKlass java/lang/ref/PhantomReference 1 1 39 10 100 12 1 1 1 10 7 12 1 1 1 1 1 1 1 1 1 1 1 1 1 1 1 1 1 1 1 1 1 1 1 1 1 1 1 1 1
instanceKlass java/lang/reflect/Executable
instanceKlass java/lang/reflect/Field
ciInstanceKlass java/lang/reflect/AccessibleObject 1 1 398 10 7 12 1 1 1 9 100 12 1 1 1 10 100 12 1 1 1 10 7 12 1 1 10 7 12 1 1 1 10 100 12 1 1 1 10 12 1 1 10 12 1 1 9 12 1 1 100 1 10 7 12 1 1 1 11 12 1 100 1 10 12 1 7 1 100 1 10 12 1 10 12 1 1 7 1 10 7 12 1 1 1 10 12 1 1 100 1 10 12 1 1 100 1 10 10 10 7 12 1 1 1 10 12 1 1 10 12 1 10 12 1 10 12 1 1 10 12 1 8 1 100 1 10 10 12 1 1 8 1 10 12 1 10 12 1 8 1 8 1 8 1 8 1 8 1 8 1 100 1 10 12 1 10 12 1 9 12 1 1 10 12 1 1 10 12 1 10 11 100 1 100 1 8 1 10 10 12 1 10 12 1 1 8 1 10 12 1 8 1 10 12 1 1 10 100 1 8 1 10 11 7 12 1 1 10 12 1 1 10 12 1 1 10 12 1 1 9 12 1 1 100 1 10 12 1 7 1 10 12 1 10 12 1 1 10 100 1 10 12 1 10 12 10 12 1 10 12 1 1 10 12 1 10 12 1 1 10 12 1 9 12 1 10 100 12 1 1 8 1 10 100 12 1 1 1 8 1 10 100 12 1 1 1 9 12 1 100 1 10 7 1 10 10 7 12 1 1 1 7 1 10 10 7 12 1 1 1 7 1 9 12 1 1 1 1 1 1 1 1 1 1 1 1 1 1 1 1 1 1 1 1 1 1 1 1 1 1 1 1 1 1 1 1 1 1 1 1 1 1 1 1 1 1 1 1 1 1 1 1 1 1 1 1 1 1 1 1 1 1 1 1 1 1 1 1 1 1 1 1 1 1 1 1 1 1 1 1 1 1 1 1 1 1 1 1 1
staticfield java/lang/reflect/AccessibleObject reflectionFactory Ljdk/internal/reflect/ReflectionFactory; jdk/internal/reflect/ReflectionFactory
instanceKlass java/lang/reflect/Constructor
instanceKlass java/lang/reflect/Method
ciInstanceKlass java/lang/reflect/Executable 1 1 548 10 7 12 1 1 1 10 7 12 1 1 1 10 7 12 1 1 1 11 7 12 1 1 1 10 7 12 1 1 1 10 12 1 1 10 7 12 1 1 1 10 100 12 1 1 1 10 12 1 8 1 10 10 12 1 1 10 12 1 1 10 100 12 1 1 1 18 12 1 1 11 100 12 1 1 1 8 1 8 1 8 1 10 100 12 1 1 1 11 12 1 1 100 1 8 1 8 1 10 12 1 100 1 8 1 10 12 1 8 1 11 100 12 1 1 1 100 1 10 12 1 1 11 12 1 8 1 18 8 1 10 12 1 10 12 1 1 18 8 1 10 12 1 100 1 10 12 1 10 12 1 11 100 12 1 1 10 12 1 1 8 1 8 1 10 12 1 1 10 12 1 1 10 10 12 1 100 1 10 10 12 1 10 12 1 1 10 100 12 1 1 10 12 1 10 12 1 10 12 1 1 10 100 12 1 1 10 12 1 10 12 1 10 100 12 1 1 1 10 12 1 8 1 10 12 1 10 12 1 3 100 1 8 1 10 12 1 10 12 1 10 10 12 1 10 12 1 1 8 1 8 1 8 1 9 12 1 10 12 1 100 1 8 1 9 12 1 10 12 1 10 12 1 1 10 12 1 1 10 12 1 10 12 10 12 1 7 1 10 12 1 10 12 1 1 100 1 10 100 12 1 1 1 100 1 10 7 12 1 1 1 10 12 1 1 11 7 12 1 1 10 7 12 1 1 10 100 12 1 1 1 10 12 1 1 9 12 1 10 12 1 1 10 12 1 10 12 1 1 9 100 12 1 1 1 10 100 12 1 1 1 10 12 1 10 12 1 1 9 12 1 10 10 10 10 100 12 1 1 1 10 12 1 9 12 1 10 12 1 1 9 12 1 100 1 100 1 1 1 1 1 1 1 1 1 1 1 1 1 1 1 1 1 1 1 1 1 1 1 1 1 1 1 1 1 1 1 1 1 1 100 1 1 1 1 1 1 1 1 100 1 1 1 1 1 1 1 1 1 1 1 1 100 1 1 1 1 1 1 1 1 1 1 1 1 1 1 1 1 1 1 1 1 1 1 1 1 1 1 1 1 1 1 1 1 1 1 1 1 1 1 1 1 1 100 1 1 1 1 1 1 1 1 1 1 1 1 1 1 1 1 1 1 1 1 1 100 1 100 1 1 15 10 100 12 1 1 1 16 15 16 1 16 1 15 10 12 16 1 100 1 1 100 1 100 1 1
ciInstanceKlass java/lang/reflect/Constructor 1 1 429 10 100 12 1 1 1 10 100 12 1 1 9 7 12 1 1 1 10 12 1 1 10 12 1 1 10 100 12 1 1 9 12 1 1 10 7 12 1 1 1 9 12 1 1 9 12 1 1 9 12 1 9 12 1 1 9 12 1 9 12 1 1 9 12 1 1 9 12 1 100 1 8 1 10 12 1 10 12 1 9 12 1 1 10 7 12 1 1 10 7 12 1 1 1 10 12 1 1 10 12 1 1 10 12 1 7 1 100 1 8 1 10 10 12 1 10 12 1 10 12 1 1 10 12 1 1 100 1 10 7 12 1 1 10 12 1 1 10 12 1 10 12 1 1 10 100 12 1 1 1 10 100 12 1 1 10 12 1 1 10 12 1 10 100 12 1 1 1 8 1 10 10 12 1 100 1 8 1 10 12 1 10 12 1 1 10 12 1 1 10 12 1 10 12 1 10 12 1 1 10 12 1 1 9 12 1 1 10 12 1 1 10 12 1 1 10 12 1 8 1 10 12 1 1 11 7 12 1 1 1 10 12 1 1 10 12 1 10 12 1 9 12 1 1 10 7 12 1 1 1 10 12 1 1 10 12 1 1 10 12 1 1 10 12 1 1 10 12 1 9 100 12 1 1 10 12 1 10 12 1 10 12 1 100 1 8 1 10 10 12 1 1 10 12 1 10 10 12 1 1 10 12 1 1 10 100 12 1 1 1 11 100 12 1 1 1 10 12 1 1 9 100 12 1 1 1 10 100 12 1 1 1 10 12 1 1 1 1 1 1 1 1 1 1 1 1 1 1 1 1 1 1 1 1 1 1 1 1 1 1 1 1 1 1 1 1 1 1 1 1 1 1 1 1 1 1 1 1 1 1 1 1 1 1 1 100 1 100 1 100 1 100 1 1 1 1 1 1 1 1 1 1 1 1 1 1 1 1 1 1 1 1 1 1 1 1 1 1 1 1 1 1 1 1 1 100 1 1
ciInstanceKlass java/lang/reflect/Method 1 1 446 9 7 12 1 1 1 10 7 12 1 1 1 10 7 12 1 1 9 12 1 1 10 12 1 1 10 12 1 1 10 7 12 1 1 10 7 12 1 1 1 9 12 1 1 9 12 1 9 12 1 1 9 12 1 9 12 1 9 12 1 1 9 12 1 9 12 1 1 9 12 1 9 12 1 9 12 1 1 100 1 8 1 10 12 1 10 12 1 9 12 1 1 8 1 10 7 12 1 1 10 7 12 1 1 1 10 12 1 1 10 12 1 1 10 12 1 10 12 1 1 10 12 1 1 100 1 10 12 1 1 10 12 10 7 12 1 1 10 12 1 1 10 12 1 10 12 1 10 12 1 10 7 12 1 1 1 10 12 1 1 10 7 1 10 100 12 1 1 1 10 7 12 1 1 10 12 1 1 10 12 1 1 10 12 1 10 7 12 1 1 1 10 12 1 10 8 1 10 12 1 10 12 1 7 1 8 1 8 1 8 1 10 12 1 10 12 1 1 10 12 1 1 10 10 12 1 1 10 12 1 11 100 1 9 12 1 1 10 12 1 1 10 12 1 10 12 1 1 10 12 1 1 11 7 12 1 1 1 10 12 1 10 12 1 10 12 1 10 12 1 10 12 1 9 12 1 1 10 7 12 1 1 1 10 12 1 1 10 100 12 1 1 1 10 100 12 1 1 1 10 100 12 1 1 1 11 100 12 1 1 1 10 100 12 1 1 1 100 1 100 1 100 1 10 12 1 10 12 1 1 10 12 1 100 1 8 1 10 12 1 10 10 12 1 1 10 12 1 1 10 12 1 1 10 12 1 1 8 1 10 12 1 1 1 1 1 1 1 1 1 1 1 1 1 1 1 1 1 1 1 1 1 1 1 1 1 1 1 1 1 1 1 1 1 1 1 1 1 1 1 1 1 1 1 1 1 1 1 1 1 1 1 1 1 100 1 100 1 100 1 1 1 1 1 1 1 1 1 1 1 1 1 1 1 1 1 1 1 1 1 1 1 1 1 1
ciInstanceKlass java/lang/reflect/Field 1 1 437 9 7 12 1 1 1 10 12 1 1 10 100 12 1 1 1 10 100 12 1 1 9 12 1 1 10 12 1 1 10 12 1 1 10 100 12 1 1 10 7 12 1 1 1 9 12 1 1 9 12 1 9 12 1 9 12 1 1 9 12 1 1 9 12 1 9 12 1 1 9 12 1 1 100 1 8 1 10 12 1 10 12 1 9 12 1 1 9 12 1 10 12 1 10 7 12 1 1 10 12 1 1 10 12 1 1 10 12 1 10 12 1 1 100 1 10 12 1 1 10 12 1 1 10 12 1 1 10 12 1 10 12 1 10 7 1 10 100 12 1 1 100 1 10 8 1 10 12 1 1 10 12 1 1 8 1 10 12 10 12 1 8 1 8 1 10 11 100 1 9 12 1 10 12 1 1 10 12 1 1 11 7 12 1 1 1 11 12 1 1 11 12 1 1 11 12 1 1 11 12 1 1 11 12 1 1 11 12 1 1 11 12 1 1 11 12 1 1 11 12 1 1 11 12 1 1 11 12 1 1 11 12 1 1 11 12 1 1 11 12 1 1 11 12 1 1 11 12 1 1 11 12 1 1 10 12 1 10 100 12 1 1 10 12 1 10 12 1 1 10 12 9 12 1 1 10 7 12 1 1 1 10 12 1 1 10 7 12 1 1 10 12 1 1 11 7 1 10 12 1 7 1 10 100 12 1 1 1 10 7 12 1 1 1 9 12 1 10 7 12 1 1 1 11 7 12 1 1 1 10 12 1 1 10 12 1 1 9 100 12 1 1 1 10 100 12 1 1 1 10 12 1 1 100 1 1 1 1 1 1 1 1 1 1 1 1 1 1 1 1 1 1 1 1 1 1 1 1 1 1 1 1 1 1 1 1 1 1 1 100 1 1 1 1 1 1 1 1 1 1 1 1 1 1 1 1 1 1 1 1 1 1 1 1 1 1 1 1 1 1 1 1 1 1 100 1 1 1 1 1 1 1 1 100 1 1
ciInstanceKlass java/lang/reflect/Parameter 0 0 226 10 100 12 1 1 1 9 100 12 1 1 1 9 12 1 1 9 12 1 1 9 12 1 10 12 1 1 10 12 1 1 10 100 12 1 1 1 100 1 10 10 12 1 1 11 100 12 1 1 1 10 12 1 10 100 12 1 1 1 10 12 1 1 10 12 1 10 12 1 8 1 8 1 10 100 12 1 1 1 10 12 1 10 12 10 12 1 8 1 10 12 1 9 12 1 1 10 12 1 1 9 12 1 1 10 12 1 1 10 12 1 1 10 12 1 1 10 12 1 10 10 12 1 10 100 12 1 1 1 10 12 1 1 11 100 12 1 1 10 100 12 1 1 100 1 10 100 12 1 1 1 10 12 1 1 10 12 1 1 10 12 1 1 10 12 1 1 9 12 1 100 1 10 11 12 1 1 11 12 1 1 100 1 1 1 1 1 1 1 1 1 1 1 1 1 1 1 1 1 1 1 1 1 1 1 1 1 1 1 1 1 1 1 1 1 1 1 1 1 1 100 1 1 1 1
ciInstanceKlass java/lang/StringBuffer 1 1 470 10 7 12 1 1 1 10 12 1 10 12 1 10 12 1 1 9 7 12 1 1 1 10 12 1 1 10 12 1 10 12 1 1 9 12 1 1 10 12 1 10 12 1 1 10 12 1 1 10 12 1 10 12 1 1 10 12 1 10 12 1 1 10 12 1 1 10 100 12 1 1 1 10 12 1 1 10 12 1 10 12 1 10 12 1 10 12 1 10 12 1 10 12 1 10 12 1 10 12 1 10 12 1 10 12 1 10 12 1 10 12 1 10 12 1 10 12 1 1 10 12 1 10 12 1 1 10 12 1 1 10 10 12 1 1 10 12 1 10 12 1 10 12 1 10 12 1 10 12 1 10 12 1 10 12 10 12 1 10 12 1 10 12 1 10 12 1 1 10 12 1 10 12 1 10 10 12 1 1 10 12 1 1 9 12 1 1 10 7 12 1 1 1 10 100 1 10 10 100 12 1 1 1 10 10 12 1 10 8 10 100 12 1 1 1 8 10 12 1 8 1 10 12 1 10 12 1 10 100 12 1 1 1 10 100 12 1 1 1 7 1 10 12 100 1 8 1 10 10 12 1 1 10 12 1 1 10 12 1 1 10 12 1 10 12 1 10 12 1 10 12 1 10 12 1 10 12 1 10 12 1 10 12 1 10 12 1 10 12 1 10 12 1 10 12 1 10 12 1 10 12 1 10 12 1 10 12 1 10 12 10 12 10 12 1 10 12 1 10 12 1 10 12 10 12 1 10 12 1 10 12 1 10 12 1 10 12 1 10 12 1 10 12 1 10 12 1 10 12 1 10 12 1 10 12 1 7 1 10 12 1 9 7 12 1 1 1 9 7 1 9 12 1 1 100 1 100 1 100 1 1 1 1 5 0 1 1 1 1 1 1 1 1 1 1 1 1 1 1 1 1 1 1 1 1 1 1 1 1 1 1 1 1 1 1 1 1 1 1 1 1 1 1 1 1 1 1 1 1 1 1 1 1 1 1 1 1 1 1 1 1 1 1 1 1 100 1 1 1 1 1 100 1 1 1 1 1 1 1 1 1 1 1 1 1 1 1 1 1
staticfield java/lang/StringBuffer serialPersistentFields [Ljava/io/ObjectStreamField; 3 [Ljava/io/ObjectStreamField;
instanceKlass java/lang/StringBuilder
instanceKlass java/lang/StringBuffer
ciInstanceKlass java/lang/AbstractStringBuilder 1 1 547 7 1 7 1 10 7 12 1 1 1 9 7 12 1 1 1 9 12 1 9 12 1 1 9 12 1 1 10 7 12 1 1 1 10 12 1 1 3 3 10 12 1 10 12 1 1 11 7 1 100 1 100 1 10 8 1 10 12 1 10 12 1 10 12 1 1 10 12 1 10 12 1 10 12 1 9 12 1 1 10 12 1 1 10 7 12 1 1 1 10 10 12 1 10 12 1 10 12 1 1 10 12 1 1 10 7 12 1 1 1 10 7 12 1 1 1 100 1 8 1 10 10 12 1 1 100 1 10 12 10 12 1 1 10 10 12 1 1 10 12 1 1 10 12 1 1 10 12 1 1 100 1 10 10 12 1 10 100 12 1 1 1 10 12 1 1 10 12 1 10 12 1 1 10 10 12 1 1 10 12 10 12 1 10 12 1 1 10 12 1 1 10 12 1 1 10 12 1 10 10 12 1 1 10 12 1 10 12 1 1 8 1 10 12 1 1 10 12 1 10 12 1 10 12 1 10 12 1 10 12 1 10 12 1 10 7 12 1 1 10 12 1 10 12 1 10 100 12 1 1 1 10 12 1 10 12 1 10 12 1 10 12 1 10 12 1 1 10 12 1 10 12 1 1 10 12 1 1 10 10 7 12 1 1 1 10 12 1 10 12 1 10 12 1 1 10 12 1 10 12 1 10 12 1 10 12 1 10 12 1 10 12 1 10 12 1 10 12 1 10 12 1 1 10 12 1 10 12 1 10 12 10 12 1 1 18 12 1 1 100 1 10 100 12 1 1 1 18 10 12 1 1 10 12 1 10 12 1 1 11 12 1 10 12 1 10 12 1 10 10 12 1 10 8 1 8 1 8 1 10 10 100 1 10 12 1 100 1 10 100 1 10 100 1 1 1 3 1 1 1 1 1 1 1 1 1 1 100 1 1 1 1 1 1 1 1 1 1 1 1 1 1 1 1 1 1 1 1 1 1 1 1 1 1 1 1 1 1 1 1 1 1 1 1 1 1 1 1 1 1 1 1 1 1 1 1 1 1 1 1 1 1 1 1 1 1 1 1 1 1 1 1 1 1 1 1 1 1 1 1 1 1 1 1 1 1 1 1 1 1 1 1 1 1 1 1 1 1 1 1 1 1 1 1 1 100 1 1 100 1 1 1 1 1 100 1 1 1 1 1 1 15 10 100 12 1 1 1 16 1 15 10 12 16 15 10 12 1 1 1 1 100 1 100 1 1
staticfield java/lang/AbstractStringBuilder EMPTYVALUE [B 0
instanceKlass javax/crypto/JceSecurityManager
ciInstanceKlass java/lang/SecurityManager 1 1 576 10 7 12 1 1 1 9 7 12 1 1 1 10 7 12 1 1 1 100 1 8 1 10 12 1 10 12 1 1 10 100 12 1 1 1 10 100 1 10 100 1 10 9 100 12 1 1 1 10 7 12 1 1 1 10 12 1 1 10 7 12 1 1 100 1 8 1 10 9 12 1 1 9 12 1 8 1 9 12 1 100 1 10 8 1 10 12 1 1 10 12 1 10 12 1 1 100 1 10 10 12 1 1 100 1 8 1 10 12 1 8 1 8 1 8 1 8 1 8 1 8 1 10 12 1 8 1 8 1 8 1 8 1 8 1 10 100 12 1 1 1 10 12 1 1 8 1 100 1 8 1 10 8 1 8 1 8 1 8 1 8 1 10 100 12 1 1 8 1 100 1 8 1 8 1 10 8 1 10 12 1 100 1 8 1 10 10 12 1 1 10 12 1 10 12 1 10 12 1 10 7 12 1 1 1 10 12 1 10 7 12 1 1 11 7 12 1 1 1 18 12 1 1 11 7 12 1 1 1 18 12 1 1 11 12 1 1 18 18 11 12 1 18 12 1 11 12 1 1 9 12 1 1 9 12 1 9 12 1 9 12 1 7 1 10 7 12 1 1 10 12 1 10 12 1 18 12 1 18 10 7 12 1 1 1 18 12 1 10 12 1 18 18 8 1 10 12 1 9 12 1 1 11 7 12 1 1 1 8 1 100 1 10 12 1 10 12 1 1 10 12 1 1 9 12 1 1 10 12 1 10 12 1 1 8 1 100 1 10 9 12 1 8 1 10 12 1 8 1 100 1 10 10 7 12 1 1 10 7 1 9 7 12 1 1 1 11 12 1 1 10 12 1 11 12 1 10 12 1 7 1 10 10 12 1 1 10 12 1 1 1 1 1 1 1 1 1 1 1 100 1 1 1 1 1 1 1 1 1 1 1 1 1 1 1 1 1 1 1 1 1 1 1 1 1 1 1 1 1 1 1 1 1 1 1 1 1 1 1 1 1 1 1 1 1 1 1 1 1 1 1 1 1 1 1 1 3 1 1 1 1 1 1 1 1 1 1 100 1 1 1 1 1 1 1 1 1 1 1 1 1 1 1 1 1 1 1 1 1 1 1 1 1 1 1 1 1 1 1 1 1 1 1 1 1 1 15 10 7 12 1 1 1 16 15 10 7 12 1 1 1 16 1 16 15 10 12 16 1 15 10 12 16 15 11 7 1 16 1 16 1 15 10 12 16 15 10 12 16 15 10 12 1 16 1 15 11 12 1 15 10 12 16 15 10 16 1 1 1 1 100 1 100 1 1
staticfield java/lang/SecurityManager packageAccessLock Ljava/lang/Object; java/lang/Object
staticfield java/lang/SecurityManager packageDefinitionLock Ljava/lang/Object; java/lang/Object
staticfield java/lang/SecurityManager nonExportedPkgs Ljava/util/Map; java/util/concurrent/ConcurrentHashMap
ciInstanceKlass java/security/AccessControlContext 1 1 373 9 7 12 1 1 1 9 12 1 1 10 100 12 1 1 1 8 1 10 100 12 1 1 1 10 7 12 1 1 1 9 12 1 9 12 1 1 9 12 1 1 10 7 12 1 1 100 1 10 12 1 11 100 12 1 1 1 11 12 1 11 12 1 11 12 1 1 7 1 11 12 1 1 10 12 1 10 7 12 1 1 1 9 100 12 1 1 1 10 100 12 1 1 1 11 100 12 1 1 1 10 7 1 100 1 8 1 10 12 1 10 12 1 1 7 1 10 7 12 1 1 1 9 12 1 9 12 1 9 12 1 9 12 1 1 9 12 1 1 9 12 1 9 12 1 10 7 12 1 1 1 9 12 1 10 12 1 1 10 12 1 1 8 1 10 12 1 1 10 12 1 1 10 100 12 1 1 1 100 1 10 10 12 1 1 10 100 12 1 1 1 10 8 1 10 100 12 1 1 8 1 10 100 12 1 1 8 1 8 1 10 12 1 8 1 10 12 1 8 1 10 12 1 10 12 1 10 12 1 1 8 1 8 1 100 1 10 12 1 10 12 1 1 100 1 10 12 1 8 1 10 12 1 10 12 1 10 8 1 10 12 1 1 10 12 1 1 10 12 1 1 10 12 1 1 10 12 1 10 12 1 10 12 1 10 12 1 1 10 10 10 12 1 1 1 1 1 1 1 1 1 1 1 1 1 1 1 1 1 1 1 1 1 1 1 1 100 1 1 1 1 1 1 1 1 1 1 1 1 1 1 1 1 1 1 1 1 1 1 1 1 1 1 1 1 1 1 1 1 1 1 1 1 1 1 1 1 1 1 1 1 1 1 1 1 1 1 1 1 3 1 1
ciInstanceKlass java/net/URL 1 1 743 10 7 12 1 1 1 10 12 1 10 7 12 1 1 9 12 1 1 9 12 1 10 100 12 1 1 1 10 12 1 1 10 12 1 1 9 12 1 1 10 7 12 1 1 1 8 1 10 12 1 1 7 1 10 10 12 1 1 8 1 10 12 1 1 9 12 1 7 1 8 1 10 12 1 10 12 1 8 1 9 12 1 10 12 1 1 9 12 1 10 12 1 10 12 1 9 12 1 9 12 1 8 1 9 12 1 10 12 1 1 8 1 9 12 1 1 10 12 1 1 10 7 12 1 1 1 8 1 10 12 1 7 1 10 12 1 10 12 1 10 12 1 10 12 1 1 10 12 1 1 8 1 10 12 1 1 10 12 1 8 1 9 12 1 8 1 10 12 1 10 7 12 1 1 1 100 1 10 12 1 10 12 1 1 10 7 12 1 1 1 100 1 8 1 10 10 12 1 8 1 10 12 1 1 10 12 1 10 12 1 10 12 1 10 12 1 10 12 1 8 1 10 12 1 10 10 7 12 1 1 1 10 12 1 9 100 12 1 1 1 10 100 12 1 1 1 9 12 1 1 10 12 1 10 100 12 1 1 1 100 1 100 1 10 12 1 10 12 1 10 12 1 10 12 1 10 12 1 10 12 10 10 10 12 1 100 1 10 12 1 10 12 1 1 8 1 9 100 12 1 1 1 10 100 12 1 1 1 10 12 1 1 9 100 12 1 1 1 10 12 1 1 100 1 10 12 1 10 12 1 10 10 12 1 1 10 12 1 1 10 12 1 10 12 1 10 12 1 10 7 12 1 1 1 10 12 1 1 10 12 1 9 12 1 1 9 12 1 1 100 1 8 1 10 10 12 1 9 12 1 1 10 7 12 1 1 8 1 10 7 12 1 1 8 1 10 12 1 1 10 12 1 8 1 8 1 10 7 12 1 1 1 100 1 10 100 12 1 1 1 10 12 1 10 12 1 7 1 10 9 12 1 1 10 7 12 1 1 8 1 10 12 1 1 7 1 10 10 7 12 1 1 1 8 9 7 12 1 1 1 10 12 1 10 12 1 10 12 1 10 12 1 10 7 12 1 1 11 7 12 1 1 10 12 1 10 12 1 9 12 1 10 12 1 1 10 100 12 1 1 10 100 12 1 1 1 8 10 100 12 1 1 100 1 10 8 8 10 12 1 8 8 8 100 1 10 12 1 9 12 1 1 10 12 1 10 12 1 1 10 12 1 10 12 10 12 1 1 10 12 1 1 10 10 10 12 1 10 12 1 10 12 1 10 12 1 10 12 1 10 10 12 1 100 1 8 1 10 10 10 12 1 1 10 12 1 10 12 1 1 8 1 7 1 10 10 10 7 1 10 12 1 9 7 12 1 1 1 9 12 1 1 7 1 10 10 7 12 1 1 1 100 1 1 1 1 1 5 0 1 1 1 1 1 1 1 1 1 1 1 1 1 1 1 1 1 1 1 1 1 1 1 1 1 1 1 1 1 1 1 1 1 1 1 1 1 1 1 100 1 1 1 1 1 1 1 1 1 1 1 1 1 1 1 1 1 1 1 1 1 1 1 1 1 1 1 1 1 1 1 1 1 1 1 1 1 100 1 1 1 1 1 1 1 1 1 1 1 1 1 1 1 1 100 1 1 1 1 1 1 1 1 1 1 1 1 1 1 1 1 1 1
staticfield java/net/URL defaultFactory Ljava/net/URLStreamHandlerFactory; java/net/URL$DefaultFactory
staticfield java/net/URL streamHandlerLock Ljava/lang/Object; java/lang/Object
staticfield java/net/URL serialPersistentFields [Ljava/io/ObjectStreamField; 7 [Ljava/io/ObjectStreamField;
ciInstanceKlass java/util/jar/Manifest 1 1 336 10 7 12 1 1 1 7 1 10 9 7 12 1 1 1 7 1 10 9 12 1 1 9 12 1 1 10 12 1 10 12 1 1 10 12 1 1 10 12 1 1 10 12 1 1 11 7 1 11 12 1 1 10 12 1 1 10 100 12 1 1 1 100 1 100 1 10 8 1 10 12 1 1 10 12 1 1 10 12 1 10 12 1 11 100 1 10 12 1 10 12 1 1 11 12 1 1 10 12 1 11 12 1 1 11 100 12 1 1 1 11 100 12 1 1 11 12 1 1 100 1 10 12 1 8 1 11 12 1 100 1 10 12 1 1 11 12 1 10 12 1 10 12 1 10 100 12 1 1 1 8 1 10 12 1 1 10 9 100 12 1 1 1 10 12 1 1 10 100 12 1 10 12 1 10 12 1 9 100 12 1 1 1 8 1 10 12 1 8 1 8 1 7 1 10 12 1 10 12 1 10 12 1 1 100 1 8 1 10 12 1 1 8 1 10 10 12 1 1 8 1 10 12 1 1 10 100 12 1 1 1 10 12 1 10 11 12 1 1 10 12 1 10 100 12 1 1 1 10 12 1 1 10 12 1 1 11 10 12 1 11 10 12 1 100 1 1 1 1 1 1 1 1 1 1 1 1 1 1 1 1 1 1 1 1 1 1 1 1 1 1 1 1 1 1 1 1 1 1 1 1 1 1 1 1 1 1 1 100 1 1 1 1 1 1 1 1 1 1 1 1 1 1 100 1 1 1 1 1 1 1 1 1 1 1
instanceKlass com/sun/javafx/fxml/BeanAdapter
instanceKlass java/util/concurrent/ConcurrentSkipListMap
instanceKlass javafx/collections/FXCollections$EmptyObservableMap
instanceKlass java/util/TreeMap
instanceKlass java/util/stream/Collectors$Partition
instanceKlass java/util/IdentityHashMap
instanceKlass java/util/EnumMap
instanceKlass java/util/WeakHashMap
instanceKlass java/util/Collections$EmptyMap
instanceKlass sun/util/PreHashedMap
instanceKlass java/util/HashMap
instanceKlass java/util/ImmutableCollections$AbstractImmutableMap
instanceKlass java/util/concurrent/ConcurrentHashMap
ciInstanceKlass java/util/AbstractMap 1 1 192 10 7 12 1 1 1 10 7 12 1 1 1 11 7 12 1 1 1 10 11 12 1 1 11 7 12 1 1 1 11 12 1 1 7 1 11 12 1 10 12 1 1 11 12 1 100 1 10 11 12 1 11 7 1 10 12 1 1 11 12 1 9 12 1 1 100 1 10 12 1 9 12 1 1 100 1 10 11 11 12 1 1 11 12 1 100 1 100 1 11 12 1 8 1 100 1 10 10 12 1 1 8 1 10 12 1 10 12 1 1 10 12 1 1 1 1 1 1 1 1 1 1 1 1 1 1 1 1 1 1 1 1 1 1 1 1 1 1 1 1 1 1 1 1 1 1 1 1 1 1 1 1 100 1 1 1 1 1 1 1 1 1 1 1 1 1 1 1 1 100 1 1 1 1 1 1 1 1 1 100 1 100 1 100 1 100 1 1 1 1 1
ciInstanceKlass java/util/List 1 1 217 10 100 12 1 1 1 11 100 12 1 1 1 11 100 12 1 1 1 11 12 1 1 11 100 12 1 1 11 12 1 1 11 12 1 1 10 100 12 1 1 1 7 1 7 1 10 12 1 1 100 1 10 100 12 1 1 1 9 7 12 1 1 1 7 1 10 12 10 12 1 7 1 10 12 1 1 10 12 1 10 12 1 1 100 1 1 1 1 1 1 1 1 1 1 1 1 1 1 1 1 1 1 1 1 1 1 1 1 1 1 1 1 1 1 1 1 1 1 1 1 1 1 1 1 1 1 1 1 1 1 1 1 1 1 100 1 100 1 1 1 1 1 1 1 1 1 1 1 1 1 1 1 1 1 1 1 1 1 1 1 1 1 1 1 1 1 1 1 1 1 1 1 1 1 1 1 1 1 1 1 1 1 1 1 1 1 1 1 1 1 1 1 1 1 1 1 1 1 1 1 1 1 1 1 1 1 1 1 1 100 1 1 100 1 1 1
instanceKlass javafx/scene/control/skin/VirtualFlow$ArrayLinkedList
instanceKlass sun/security/jca/ProviderList$ServiceList
instanceKlass com/sun/javafx/UnmodifiableArrayList
instanceKlass java/util/AbstractList$SubList
instanceKlass java/util/Collections$SingletonList
instanceKlass java/util/Vector
instanceKlass javafx/collections/ObservableListBase
instanceKlass javafx/collections/FXCollections$EmptyObservableList
instanceKlass sun/security/jca/ProviderList$3
instanceKlass java/util/AbstractSequentialList
instanceKlass java/util/Arrays$ArrayList
instanceKlass java/util/ArrayList$SubList
instanceKlass java/util/Collections$EmptyList
instanceKlass java/util/ArrayList
ciInstanceKlass java/util/AbstractList 1 1 218 10 7 12 1 1 1 9 7 12 1 1 1 10 12 1 1 10 12 1 1 100 1 10 10 12 1 1 11 7 12 1 1 1 11 12 1 1 11 12 1 10 7 12 1 1 1 10 12 1 11 12 1 11 12 1 11 12 1 10 12 1 1 10 12 1 1 11 100 12 1 1 1 11 7 1 11 7 1 10 12 1 7 1 10 12 1 10 12 1 1 7 1 7 1 10 12 1 100 1 10 100 1 100 1 10 8 1 10 12 1 1 10 12 1 10 12 1 1 10 12 1 8 1 100 1 8 1 8 1 8 1 10 7 1 11 10 10 12 1 11 12 1 10 12 1 1 8 1 8 1 1 1 1 1 1 1 1 1 1 1 1 1 1 1 1 1 1 1 1 1 1 1 1 1 1 1 1 1 1 1 1 1 1 1 1 1 1 1 1 1 1 1 1 1 1 1 1 1 1 1 1 1 1 1 1 1 1 100 1 100 1 1 1 1 1 1 1
ciInstanceKlass java/lang/AssertionStatusDirectives 0 0 24 10 100 12 1 1 1 100 1 1 1 1 1 1 1 1 1 1 1 1 1 1 1 1
ciInstanceKlass java/lang/invoke/MethodHandleNatives$CallSiteContext 1 1 49 10 7 12 1 1 1 7 1 10 10 7 12 1 1 1 10 7 12 1 1 1 10 7 12 1 1 1 100 1 1 1 1 1 1 1 1 1 1 1 1 1 1 1 1 1 100 1 1
ciInstanceKlass jdk/internal/invoke/NativeEntryPoint 0 0 92 10 100 12 1 1 1 9 100 12 1 1 1 10 100 12 1 1 1 100 1 9 12 1 9 12 1 9 12 1 1 9 12 1 1 9 12 1 1 100 1 8 1 10 12 1 11 100 12 1 1 1 10 12 1 1 10 12 1 11 100 12 1 1 11 12 1 10 12 1 1 10 12 1 1 1 1 1 1 1 1 1 1 1 1 1 1 1 1 1 1 1
instanceKlass java/lang/invoke/VolatileCallSite
instanceKlass java/lang/invoke/MutableCallSite
instanceKlass java/lang/invoke/ConstantCallSite
ciInstanceKlass java/lang/invoke/CallSite 1 1 302 10 7 12 1 1 1 10 7 12 1 1 1 9 7 12 1 1 1 10 12 1 1 9 12 1 1 10 7 12 1 1 1 10 12 1 100 1 10 12 1 1 10 12 1 1 9 100 12 1 1 1 10 100 12 1 1 10 12 1 1 100 1 100 1 10 10 100 12 1 1 1 10 12 1 1 8 1 10 12 1 10 12 1 1 10 12 1 10 12 1 1 10 12 1 1 10 10 100 12 1 1 10 12 1 1 9 12 1 9 100 12 1 1 1 8 1 10 7 12 1 1 1 10 12 1 1 100 1 10 12 1 1 9 12 1 8 1 100 1 10 12 1 10 12 1 100 1 8 1 10 10 12 1 10 12 1 1 100 1 10 12 1 1 10 12 1 10 12 1 10 12 1 1 10 12 1 1 9 12 1 1 8 10 12 1 1 9 12 1 1 100 1 10 10 12 1 10 100 12 1 1 1 10 12 1 1 10 12 1 1 10 12 1 10 7 12 1 1 1 100 1 8 1 10 10 12 10 12 1 1 100 1 100 1 100 1 8 1 10 12 1 10 7 12 1 1 1 1 1 1 1 1 1 1 1 1 1 1 1 1 1 1 1 1 1 1 1 1 1 1 1 1 1 1 1 1 1 1 1 1 1 1 1 1 1 1 1 1 1 1 1 1 1 1 1 1 1 1 1 1 1
staticfield java/lang/invoke/CallSite $assertionsDisabled Z 1
ciInstanceKlass java/lang/invoke/VolatileCallSite 0 0 37 10 100 12 1 1 1 10 12 1 10 100 12 1 1 1 10 12 1 10 12 1 1 1 1 1 1 1 1 1 1 1 1 1 1 1 1
ciInstanceKlass java/lang/invoke/MethodType 1 1 771 7 1 10 7 12 1 1 1 9 12 1 1 9 12 1 1 9 12 1 1 10 7 12 1 1 1 9 7 12 1 1 8 1 10 100 12 1 1 1 9 7 1 9 7 1 10 12 1 1 100 1 10 8 1 10 12 1 1 10 12 1 10 12 1 1 100 1 8 1 10 12 1 100 1 10 10 12 1 10 12 1 1 10 12 1 1 11 7 12 1 1 1 9 12 1 11 12 1 1 7 7 1 10 7 12 1 1 1 10 12 1 9 12 1 1 10 7 12 1 1 10 12 1 1 10 7 12 1 1 1 10 7 12 1 1 1 10 12 1 9 12 1 1 10 12 1 1 100 1 10 12 1 1 10 12 1 1 10 12 1 1 10 12 1 1 10 12 1 1 10 12 1 10 12 1 10 12 1 1 10 12 1 8 1 8 1 10 12 1 1 9 12 1 1 100 1 10 10 12 1 1 10 12 1 10 12 1 1 10 12 1 1 10 12 1 10 12 1 1 10 12 1 8 1 10 12 1 1 10 100 12 1 1 1 10 12 1 10 12 1 1 10 12 1 10 12 1 10 12 1 1 10 12 1 10 12 1 9 12 1 10 12 1 10 10 12 1 1 10 12 1 9 12 1 1 10 12 1 1 10 12 1 1 10 12 1 1 10 12 1 1 7 1 10 12 10 12 1 10 12 1 100 1 8 1 8 1 8 1 10 12 1 10 12 1 10 12 1 10 11 12 1 1 11 12 1 10 100 12 1 1 1 9 12 1 10 12 1 10 12 1 1 10 12 1 1 10 12 1 10 12 1 10 100 12 1 1 1 10 12 1 1 10 12 1 10 12 1 10 12 1 10 9 12 1 1 7 1 10 12 1 10 12 1 1 9 100 12 1 1 1 10 100 12 1 1 1 10 100 12 1 1 1 10 12 1 1 10 100 12 1 1 1 10 12 1 1 8 1 10 7 12 1 1 1 11 12 1 1 9 12 1 1 10 12 1 1 10 12 1 10 12 1 1 10 12 1 1 10 100 12 1 1 100 1 10 12 1 1 11 100 12 1 1 1 18 12 1 1 11 12 1 1 18 12 1 11 12 1 100 1 11 100 12 1 1 10 12 1 100 1 10 12 1 10 100 12 1 1 10 12 1 1 9 12 1 1 9 100 12 1 1 1 10 100 12 1 1 1 9 12 1 10 100 12 1 1 10 12 1 100 10 12 1 1 10 12 1 10 7 1 7 1 9 12 1 1 100 1 100 1 100 1 1 1 5 0 1 1 1 1 1 1 1 3 1 3 1 3 1 1 1 1 1 1 1 1 1 1 1 1 1 1 1 1 1 1 1 1 1 1 1 1 1 1 1 1 1 1 1 1 1 1 1 1 1 1 1 1 1 1 1 1 1 1 1 1 1 1 1 1 1 1 1 1 1 1 1 1 1 1 1 1 1 1 1 1 1 1 1 1 1 1 1 1 1 1 1 1 1 1 1 1 1 1 1 1 1 1 1 1 1 1 1 1 1 1 1 1 1 1 1 1 1 1 1 1 1 1 1 1 1 1 1 1 1 1 1 1 1 1 1 1 1 1 1 100 1 100 1 1 1 1 1 1 1 1 1 1 1 1 1 100 1 1 1 100 1 1 1 1 1 1 1 1 1 1 1 1 1 1 1 1 1 1 1 1 1 15 10 100 12 1 1 1 16 15 10 12 16 16 15 10 12 16 1 1 1 1 100 1 1 100 1 1 100 1 100 1 1
staticfield java/lang/invoke/MethodType internTable Ljava/lang/invoke/MethodType$ConcurrentWeakInternSet; java/lang/invoke/MethodType$ConcurrentWeakInternSet
staticfield java/lang/invoke/MethodType NO_PTYPES [Ljava/lang/Class; 0 [Ljava/lang/Class;
staticfield java/lang/invoke/MethodType objectOnlyTypes [Ljava/lang/invoke/MethodType; 20 [Ljava/lang/invoke/MethodType;
staticfield java/lang/invoke/MethodType METHOD_HANDLE_ARRAY [Ljava/lang/Class; 1 [Ljava/lang/Class;
staticfield java/lang/invoke/MethodType serialPersistentFields [Ljava/io/ObjectStreamField; 0 [Ljava/io/ObjectStreamField;
staticfield java/lang/invoke/MethodType $assertionsDisabled Z 1
ciInstanceKlass java/lang/BootstrapMethodError 0 0 45 10 100 12 1 1 1 10 12 1 10 12 1 10 100 12 1 1 1 10 100 12 1 1 1 1 1 1 5 0 1 1 1 1 1 1 1 1 1 1 1 100 1 1 1
instanceKlass jdk/net/UnixDomainPrincipal
ciInstanceKlass java/lang/Record 0 0 22 10 100 12 1 1 1 100 1 1 1 1 1 1 1 1 1 1 1 1 1 1
ciInstanceKlass java/lang/ClassNotFoundException 1 1 96 7 1 10 7 12 1 1 1 10 12 1 10 12 1 1 10 100 12 1 1 1 8 1 10 100 12 1 1 1 10 7 12 1 1 10 100 12 1 1 1 10 100 12 1 1 1 10 12 1 1 7 1 10 12 1 9 12 1 1 1 1 1 5 0 1 1 1 1 1 1 1 1 1 1 1 1 1 1 1 1 1 1 100 1 1 1 1 1 1 1 1 1 1 1 1
staticfield java/lang/ClassNotFoundException serialPersistentFields [Ljava/io/ObjectStreamField; 1 [Ljava/io/ObjectStreamField;
ciInstanceKlass jdk/internal/loader/ClassLoaders$AppClassLoader 1 1 119 8 1 10 7 12 1 1 1 10 7 12 1 1 1 10 100 12 1 1 1 10 12 1 1 10 100 12 1 1 1 10 12 1 1 10 12 1 1 7 1 8 1 10 12 10 7 12 1 1 1 10 100 12 1 1 10 12 1 1 10 12 1 1 10 7 12 1 1 1 100 1 10 12 1 1 1 1 1 1 1 1 1 1 1 1 1 1 1 1 1 1 1 1 1 100 1 1 1 1 1 1 1 1 1 1 1 1 1 1 1 1 1 1 1 100 1 1 1
ciInstanceKlass jdk/internal/loader/ClassLoaders$PlatformClassLoader 1 1 42 8 1 10 7 12 1 1 1 10 7 12 1 1 1 100 1 10 12 1 100 1 1 1 1 1 1 1 1 1 1 1 1 1 1 100 1 1 1 100 1 1
ciInstanceKlass java/lang/ArithmeticException 1 1 26 10 100 12 1 1 1 10 12 1 100 1 1 1 1 5 0 1 1 1 1 1 1 1 1 1
ciInstanceKlass java/lang/NullPointerException 1 1 52 10 7 12 1 1 1 10 12 1 9 7 12 1 1 1 10 12 1 1 9 12 1 1 10 12 1 1 10 12 1 1 1 1 5 0 1 1 1 1 1 1 1 1 100 1 100 1 100 1 1 1
ciInstanceKlass java/lang/IllegalMonitorStateException 1 1 26 10 100 12 1 1 1 10 12 1 100 1 1 1 1 5 0 1 1 1 1 1 1 1 1 1
ciInstanceKlass java/lang/OutOfMemoryError 1 1 26 10 100 12 1 1 1 10 12 1 100 1 1 1 1 5 0 1 1 1 1 1 1 1 1 1
ciInstanceKlass java/lang/InternalError 0 0 34 10 100 12 1 1 1 10 12 1 10 12 1 10 12 1 100 1 1 1 1 5 0 1 1 1 1 1 1 1 1 1 1 1
ciInstanceKlass java/lang/ClassCastException 1 1 26 10 100 12 1 1 1 10 12 1 100 1 1 1 1 5 0 1 1 1 1 1 1 1 1 1
ciInstanceKlass java/lang/NoClassDefFoundError 0 0 26 10 100 12 1 1 1 10 12 1 100 1 1 1 1 5 0 1 1 1 1 1 1 1 1 1
instanceKlass java/nio/DoubleBuffer
instanceKlass java/nio/FloatBuffer
instanceKlass java/nio/ShortBuffer
instanceKlass java/nio/CharBuffer
instanceKlass java/nio/IntBuffer
instanceKlass java/nio/LongBuffer
instanceKlass java/nio/ByteBuffer
ciInstanceKlass java/nio/Buffer 1 1 224 100 1 10 7 12 1 1 1 9 7 12 1 1 1 9 12 1 9 12 1 1 9 12 1 9 12 1 1 10 12 1 1 10 12 1 1 10 12 100 1 100 1 10 8 1 10 12 1 1 10 12 1 8 1 8 1 10 12 1 1 10 12 1 8 1 9 12 1 1 100 1 8 1 10 12 1 8 1 8 1 9 12 10 12 1 8 1 8 1 8 1 10 12 1 8 1 8 1 8 1 100 1 10 100 1 10 100 1 10 100 1 10 10 100 12 1 1 1 10 11 100 12 1 1 10 7 12 1 1 1 10 7 12 1 1 1 9 12 1 1 10 7 12 1 1 1 9 12 1 1 7 1 10 10 7 12 1 1 1 1 1 3 1 1 1 1 1 1 1 1 1 1 1 1 1 1 1 1 1 1 100 1 1 1 1 1 1 1 1 1 1 1 1 1 1 1 1 1 1 1 1 1 1 1 1 1 1 1 1 1 1 1 1 1 1 1 1 1 1 1 1 1 1
staticfield java/nio/Buffer UNSAFE Ljdk/internal/misc/Unsafe; jdk/internal/misc/Unsafe
staticfield java/nio/Buffer SCOPED_MEMORY_ACCESS Ljdk/internal/misc/ScopedMemoryAccess; jdk/internal/misc/ScopedMemoryAccess
staticfield java/nio/Buffer $assertionsDisabled Z 1
ciInstanceKlass jdk/internal/misc/UnsafeConstants 1 1 34 10 100 12 1 1 1 9 7 12 1 1 1 9 12 1 9 12 1 1 9 12 1 9 12 1 1 1 1 1 1 1 1 1
staticfield jdk/internal/misc/UnsafeConstants ADDRESS_SIZE0 I 8
staticfield jdk/internal/misc/UnsafeConstants PAGE_SIZE I 4096
staticfield jdk/internal/misc/UnsafeConstants BIG_ENDIAN Z 0
staticfield jdk/internal/misc/UnsafeConstants UNALIGNED_ACCESS Z 1
staticfield jdk/internal/misc/UnsafeConstants DATA_CACHE_LINE_FLUSH_SIZE I 0
instanceKlass java/lang/invoke/DelegatingMethodHandle
instanceKlass java/lang/invoke/BoundMethodHandle
instanceKlass java/lang/invoke/DirectMethodHandle
ciInstanceKlass java/lang/invoke/MethodHandle 1 1 644 100 1 9 7 12 1 1 1 10 7 12 1 1 1 10 7 12 1 1 1 7 1 7 1 10 12 1 1 9 12 1 1 10 12 1 10 12 1 1 10 12 1 1 10 100 12 1 1 1 10 12 1 1 10 12 1 1 11 100 12 1 1 1 10 12 1 1 10 12 1 10 12 1 9 12 1 1 10 12 1 1 100 1 100 1 10 8 1 10 12 1 1 10 12 1 8 1 10 12 1 1 10 12 1 10 7 12 1 1 1 10 12 1 10 12 1 1 10 12 1 1 10 12 1 1 10 12 1 1 10 7 12 1 1 1 10 100 12 1 1 1 7 1 10 12 1 1 10 12 1 1 10 12 1 1 8 1 10 7 12 1 1 1 8 1 10 12 1 1 10 12 1 1 10 12 1 1 10 12 1 8 1 10 12 1 1 8 1 10 12 1 8 1 10 100 12 1 1 1 9 12 1 1 100 1 10 9 100 12 1 1 1 9 100 1 8 1 10 12 1 1 10 12 1 10 12 1 1 10 12 1 10 12 1 1 10 12 1 10 12 1 1 10 12 1 10 12 1 1 10 12 1 1 8 1 10 12 1 1 8 1 10 12 1 10 12 1 1 10 12 1 10 12 1 10 12 1 1 9 100 12 1 1 1 10 12 1 1 11 12 1 10 12 1 10 12 1 1 10 100 12 1 1 1 100 1 11 12 1 10 100 1 11 12 1 100 1 10 12 1 11 12 1 9 100 12 1 1 1 11 12 1 1 11 100 12 1 1 1 10 12 1 1 9 12 1 11 12 1 9 12 1 9 12 1 9 12 1 11 12 1 1 9 12 1 9 12 1 9 12 1 9 12 1 9 12 1 9 12 1 9 12 1 8 1 10 12 1 10 12 1 8 1 10 12 1 10 12 1 10 10 7 12 1 1 10 12 1 1 100 1 8 1 10 12 1 1 10 12 1 1 10 12 1 10 12 1 100 1 10 100 12 1 1 1 10 12 1 9 7 12 1 1 1 10 12 1 1 10 12 1 1 8 1 9 12 1 9 12 1 1 9 12 1 1 10 12 1 7 1 10 12 1 10 12 1 1 9 12 1 1 9 12 1 1 10 7 12 1 1 1 11 7 12 1 1 9 12 1 10 12 1 1 10 12 1 9 12 1 10 12 1 8 10 12 1 1 8 1 1 1 1 1 1 100 1 1 1 1 1 1 1 1 1 1 1 1 1 1 1 1 1 1 1 1 1 1 1 1 1 1 1 1 1 1 1 1 1 1 1 1 1 1 1 1 1 1 1 1 1 1 1 1 1 1 1 1 1 1 1 1 1 1 1 1 1 1 1 1 1 1 1 1 1 100 1 1 1 1 1 1 1 1 1 100 1 1 1 1 1 1 1 1 1 1 1 1 1 1 1 1 1 1 1 1 1 1 1 1 1 1 1 100 1 1 100 1 1 100 1 1 1 1
staticfield java/lang/invoke/MethodHandle FORM_OFFSET J 20
staticfield java/lang/invoke/MethodHandle UPDATE_OFFSET J 13
staticfield java/lang/invoke/MethodHandle $assertionsDisabled Z 1
ciInstanceKlass jdk/internal/reflect/CallerSensitive 0 0 17 100 1 100 1 100 1 1 1 1 1 1 1 1 1 1 1
ciInstanceKlass jdk/internal/reflect/NativeConstructorAccessorImpl 1 1 126 10 7 12 1 1 1 9 7 12 1 1 1 9 12 1 1 10 7 12 1 1 1 10 7 12 1 1 1 10 7 12 1 1 1 9 12 1 9 12 1 1 9 12 1 1 10 7 12 1 1 1 7 1 10 10 12 1 1 10 12 1 10 12 1 10 12 1 1 9 12 1 1 10 7 12 1 1 1 100 1 10 12 1 1 10 12 1 1 8 10 12 1 1 1 1 1 1 1 1 1 1 1 1 1 1 1 1 1 1 1 1 1 1 100 1 100 1 100 1 1 1 1 1 1 1
staticfield jdk/internal/reflect/NativeConstructorAccessorImpl U Ljdk/internal/misc/Unsafe; jdk/internal/misc/Unsafe
staticfield jdk/internal/reflect/NativeConstructorAccessorImpl GENERATED_OFFSET J 16
instanceKlass java/lang/invoke/DirectMethodHandle$Special
instanceKlass java/lang/invoke/DirectMethodHandle$Interface
instanceKlass java/lang/invoke/DirectMethodHandle$Constructor
instanceKlass java/lang/invoke/DirectMethodHandle$Accessor
ciInstanceKlass java/lang/invoke/DirectMethodHandle 1 1 940 7 1 7 1 100 1 7 1 7 1 10 7 12 1 1 1 10 7 12 1 1 1 100 1 10 12 1 10 12 1 1 10 7 12 1 1 10 12 1 1 10 12 1 10 12 1 7 1 10 12 1 1 10 12 1 1 10 12 1 10 12 1 1 10 7 12 1 1 1 10 12 1 9 12 1 1 100 1 10 9 12 1 1 9 12 1 10 12 1 10 12 1 10 12 1 1 10 12 1 10 12 1 10 12 1 10 7 12 1 1 1 10 12 1 10 12 1 1 8 1 10 12 1 1 7 1 10 12 1 7 1 10 10 12 1 10 12 1 10 12 1 10 7 12 1 1 1 10 12 1 1 100 1 10 12 1 10 12 1 7 1 10 12 1 10 12 1 1 10 12 1 1 10 12 1 8 10 100 12 1 1 1 10 12 1 10 12 1 10 12 1 1 10 12 1 9 7 12 1 1 1 7 1 10 12 1 10 7 12 1 1 1 10 12 1 10 12 1 1 9 12 1 1 100 1 10 8 1 10 12 1 1 10 12 1 10 12 1 10 10 12 1 10 12 1 10 12 1 10 12 1 10 12 1 1 10 12 1 10 12 1 1 10 12 1 10 12 1 1 10 10 7 12 1 1 1 10 12 1 10 12 1 1 10 12 1 10 12 1 1 8 1 9 7 12 1 1 1 8 1 9 12 1 9 12 1 8 1 9 12 1 9 12 1 8 1 9 12 1 9 12 1 8 1 10 12 1 10 12 1 1 9 12 1 1 7 1 10 12 1 1 100 1 10 7 12 1 1 1 10 12 1 1 10 12 1 10 12 1 1 7 1 10 12 1 1 10 12 1 10 12 1 1 7 1 10 12 1 1 10 7 12 1 1 1 10 12 1 10 12 1 10 12 1 9 12 1 1 10 7 1 9 12 9 12 1 10 7 12 1 1 1 10 12 1 7 1 7 1 7 1 9 12 1 1 10 7 12 1 10 12 1 1 10 12 1 100 1 10 12 1 10 12 1 1 9 100 12 1 1 1 10 12 1 1 100 1 10 100 12 1 1 1 10 12 1 10 12 1 8 1 9 12 1 9 12 1 10 12 1 9 12 1 1 10 100 12 1 1 1 9 12 1 1 9 12 1 1 10 12 1 10 12 1 10 12 1 10 12 1 10 12 1 1 10 12 1 10 7 12 1 1 9 12 1 10 12 1 10 12 1 10 12 1 10 12 1 1 10 12 1 1 9 12 1 1 10 12 1 1 9 7 12 1 1 1 9 12 1 9 12 1 9 12 1 9 12 1 9 12 1 9 12 1 9 12 1 9 12 1 9 12 1 9 12 1 9 12 1 9 12 1 9 12 1 9 12 1 9 12 1 9 12 1 9 12 1 9 12 1 9 12 1 9 12 1 9 12 1 9 12 1 9 12 1 9 12 1 9 12 1 9 12 1 9 12 1 9 12 1 9 12 1 9 12 1 9 12 1 9 12 1 9 12 1 9 12 1 9 12 1 9 12 1 8 1 9 12 1 1 9 12 1 1 10 12 1 10 12 1 1 9 7 1 10 12 1 9 12 1 1 10 12 10 12 1 10 12 1 10 12 1 10 8 1 8 1 8 1 8 1 10 12 1 1 9 12 1 1 10 12 1 10 100 12 1 1 1 8 9 12 1 1 10 12 1 1 8 1 8 8 9 12 1 8 1 8 8 8 8 8 1 8 10 12 1 10 12 1 8 1 8 1 10 12 1 10 12 1 10 12 1 10 12 1 1 7 1 1 1 1 3 1 3 1 3 1 3 1 3 1 3 1 3 1 3 1 3 1 3 1 1 1 1 1 1 1 1 1 1 3 1 3 1 1 1 1 3 1 1 1 1 1 1 1 1 1 1 1 1 1 1 1 1 1 1 1 1 1 1 1 1 1 1 1 1 1 1 1 1 1 1 1 1 1 1 1 1 1 1 1 1 1 1 1 1 1 1 1 1 1 1 1 1 100 1 1 1 1 1 1 1 1 1 1 1 1 100 1 1 1 1 1 1 1 1 1 1 1 1 1 1 1 1 1 1 1 1 1 1 1 1 1 1 1 1 1 1 1 1 1 1 1 1 1 1 1 1 1 1 1 1 1 1 1 1 1 1 1
staticfield java/lang/invoke/DirectMethodHandle IMPL_NAMES Ljava/lang/invoke/MemberName$Factory; java/lang/invoke/MemberName$Factory
staticfield java/lang/invoke/DirectMethodHandle FT_UNCHECKED_REF I 8
staticfield java/lang/invoke/DirectMethodHandle ACCESSOR_FORMS [Ljava/lang/invoke/LambdaForm; 132 [Ljava/lang/invoke/LambdaForm;
staticfield java/lang/invoke/DirectMethodHandle ALL_WRAPPERS [Lsun/invoke/util/Wrapper; 10 [Lsun/invoke/util/Wrapper;
staticfield java/lang/invoke/DirectMethodHandle NFS [Ljava/lang/invoke/LambdaForm$NamedFunction; 12 [Ljava/lang/invoke/LambdaForm$NamedFunction;
staticfield java/lang/invoke/DirectMethodHandle OBJ_OBJ_TYPE Ljava/lang/invoke/MethodType; java/lang/invoke/MethodType
staticfield java/lang/invoke/DirectMethodHandle LONG_OBJ_TYPE Ljava/lang/invoke/MethodType; java/lang/invoke/MethodType
staticfield java/lang/invoke/DirectMethodHandle $assertionsDisabled Z 1
ciInstanceKlass java/lang/invoke/LambdaForm 1 1 1052 100 1 9 7 12 1 1 1 10 7 12 1 1 1 10 7 12 1 1 9 12 1 1 9 12 1 1 10 12 1 1 100 1 10 9 12 1 10 12 1 1 9 12 1 10 7 12 1 1 1 9 12 1 9 12 1 9 12 1 1 9 12 1 10 12 1 1 7 1 10 12 1 10 100 12 1 1 1 10 100 12 1 1 1 10 12 1 10 12 1 1 9 100 12 1 1 1 10 12 1 1 9 12 1 10 12 1 1 10 12 1 10 12 1 1 10 12 1 1 10 100 12 1 1 1 7 1 10 10 12 1 1 8 1 10 12 1 10 12 1 10 12 1 1 7 1 10 7 12 1 1 1 10 12 1 1 10 12 1 10 12 1 1 9 12 1 1 9 12 1 9 12 1 1 10 12 1 9 12 1 10 100 12 1 1 1 10 12 1 1 10 12 1 9 12 1 1 10 100 12 1 1 1 10 12 1 10 12 1 10 12 1 10 12 1 10 12 1 10 12 1 1 10 12 1 10 12 1 1 8 1 10 12 1 10 12 1 8 1 8 1 9 12 1 9 12 1 9 12 1 1 10 12 1 1 10 12 1 9 12 1 10 12 1 1 10 7 12 1 1 1 10 12 1 1 10 12 1 10 12 1 10 12 1 1 9 12 1 10 12 1 8 1 8 1 8 1 8 1 8 1 8 1 8 1 8 1 10 12 1 9 12 1 7 1 10 12 1 1 9 12 1 10 12 1 10 12 1 1 10 12 10 12 1 10 12 1 1 10 12 1 1 10 10 12 1 1 10 12 1 1 7 1 8 1 10 12 1 1 10 12 1 10 12 1 1 10 8 1 10 12 1 1 8 1 8 1 8 1 10 12 1 9 12 1 1 10 12 1 1 10 12 1 1 100 1 10 12 1 1 10 12 1 10 7 12 1 1 1 10 12 1 1 9 12 1 1 8 1 10 100 12 1 1 1 10 7 12 1 1 10 12 10 10 12 1 1 9 12 1 8 10 12 1 1 100 1 10 12 1 1 10 12 1 9 7 12 1 1 9 12 1 1 8 1 10 100 12 1 1 10 12 1 1 100 1 100 1 10 10 12 1 1 10 12 1 1 8 1 8 1 100 1 8 1 10 12 10 12 1 10 12 1 10 12 1 1 8 1 8 1 9 100 12 1 1 1 10 12 1 10 12 1 1 8 1 8 1 8 1 100 1 8 1 100 1 8 1 100 1 8 1 10 12 1 8 1 9 10 7 12 1 1 1 10 12 1 9 12 1 1 10 12 1 10 10 12 1 10 12 1 10 12 1 10 12 1 1 10 12 1 10 12 1 1 10 12 1 1 10 12 1 1 8 1 100 10 12 1 10 12 1 9 12 1 1 10 7 12 1 1 8 1 8 1 100 1 8 1 8 1 8 1 8 1 8 1 8 1 8 1 8 1 10 12 1 1 10 12 1 1 10 12 1 10 12 1 8 1 8 1 8 1 10 12 1 8 1 10 12 1 8 1 8 1 8 1 8 1 8 1 10 12 1 10 12 1 10 12 1 1 10 7 12 1 1 1 10 12 1 10 12 1 10 12 1 10 12 1 10 12 1 10 12 1 10 12 1 9 12 1 1 8 1 10 12 1 1 9 12 1 1 10 12 1 1 9 12 1 9 12 1 1 9 12 1 9 12 1 1 7 1 10 7 12 1 1 1 9 12 1 10 12 1 10 12 1 8 1 10 12 1 9 12 1 1 7 1 10 7 12 1 1 1 8 1 100 1 10 12 1 9 12 1 9 12 1 10 12 1 10 12 1 10 7 12 1 1 1 10 12 1 9 7 12 1 1 10 12 1 1 10 12 1 10 12 1 9 12 10 12 1 10 10 12 1 9 9 12 1 7 9 12 1 1 10 12 1 1 9 12 1 10 12 1 10 7 1 9 1 1 1 1 3 1 3 1 3 1 1 1 1 1 1 1 1 1 1 1 1 1 1 1 1 1 1 1 1 1 1 1 1 1 1 1 1 1 1 1 1 1 1 1 1 1 1 1 1 1 1 1 1 1 1 1 1 1 1 1 1 1 1 1 1 100 1 1 1 1 1 1 1 1 1 1 1 1 1 1 1 1 1 1 1 1 1 1 1 1 1 1 1 1 1 1 1 1 1 1 1 1 1 1 1 1 1 1 1 1 1 1 1 1 1 1 1 1 1 1 1 1 1 1 1 100 1 1 1 1 1 1 1 1 1 1 1 1 1 1 1 1 1 1 1 1 1 1 1 1 1 1 1 1 1 1 1 1 1 1 100 1 1 1 1 1 1 1 1 1 1 1 1 1 1 1 1 1 1 1 1 1 1 100 1 1 1 100 1 1 100 1 1 1 1 1 1 1 1 1 1 1
staticfield java/lang/invoke/LambdaForm COMPILE_THRESHOLD I 0
staticfield java/lang/invoke/LambdaForm INTERNED_ARGUMENTS [[Ljava/lang/invoke/LambdaForm$Name; 5 [[Ljava/lang/invoke/LambdaForm$Name;
staticfield java/lang/invoke/LambdaForm IMPL_NAMES Ljava/lang/invoke/MemberName$Factory; java/lang/invoke/MemberName$Factory
staticfield java/lang/invoke/LambdaForm LF_identity [Ljava/lang/invoke/LambdaForm; 6 [Ljava/lang/invoke/LambdaForm;
staticfield java/lang/invoke/LambdaForm LF_zero [Ljava/lang/invoke/LambdaForm; 6 [Ljava/lang/invoke/LambdaForm;
staticfield java/lang/invoke/LambdaForm NF_identity [Ljava/lang/invoke/LambdaForm$NamedFunction; 6 [Ljava/lang/invoke/LambdaForm$NamedFunction;
staticfield java/lang/invoke/LambdaForm NF_zero [Ljava/lang/invoke/LambdaForm$NamedFunction; 6 [Ljava/lang/invoke/LambdaForm$NamedFunction;
staticfield java/lang/invoke/LambdaForm createFormsLock Ljava/lang/Object; java/lang/Object
staticfield java/lang/invoke/LambdaForm DEBUG_NAME_COUNTERS Ljava/util/HashMap; null
staticfield java/lang/invoke/LambdaForm DEBUG_NAMES Ljava/util/HashMap; null
staticfield java/lang/invoke/LambdaForm TRACE_INTERPRETER Z 0
staticfield java/lang/invoke/LambdaForm $assertionsDisabled Z 1
ciInstanceKlass java/lang/invoke/MethodHandleNatives 1 1 684 100 1 10 7 12 1 1 1 9 7 12 1 1 1 10 12 1 1 100 1 10 10 12 1 1 10 12 1 10 12 1 8 1 8 1 8 1 8 1 8 1 8 1 8 1 8 1 8 1 8 1 10 12 1 1 7 1 10 7 12 1 1 1 10 100 12 1 1 1 7 1 10 10 12 1 1 8 1 10 12 1 8 1 10 12 1 1 8 1 10 12 1 1 9 100 12 1 1 1 8 1 10 100 12 1 1 1 100 1 10 12 100 1 100 1 8 1 7 1 10 10 12 1 7 1 9 7 12 1 1 10 12 1 1 10 12 1 10 7 12 1 1 1 7 1 10 12 1 1 10 7 12 1 1 1 10 12 1 10 12 1 1 10 12 1 1 9 12 1 8 1 10 12 1 8 1 10 12 1 8 1 8 1 8 1 100 1 10 12 1 8 1 10 12 1 1 10 12 1 10 100 12 1 1 1 100 1 8 1 10 100 12 1 1 1 7 1 8 1 10 12 1 8 1 8 1 8 1 8 1 8 1 10 12 1 1 10 12 1 1 10 12 1 10 12 1 1 10 12 1 1 7 1 10 12 1 100 1 100 1 10 12 1 10 12 1 8 1 8 1 10 10 12 1 1 10 12 1 1 8 1 10 100 12 1 1 1 8 1 8 1 10 12 1 1 10 7 12 1 1 1 100 1 10 12 1 1 7 1 9 12 1 1 10 7 12 1 1 1 10 10 12 1 9 12 1 10 12 1 1 9 12 1 9 12 1 10 12 1 1 10 12 1 10 12 1 1 7 1 7 1 10 12 1 1 10 12 1 10 12 1 1 10 7 12 1 1 1 10 12 1 8 1 10 12 1 10 12 1 10 12 1 1 10 12 1 10 7 12 1 1 1 10 12 1 1 100 1 8 1 10 9 7 12 1 1 1 10 12 1 1 10 12 1 1 100 1 10 12 1 1 10 12 1 1 100 1 100 1 10 10 100 1 100 1 10 100 1 10 10 12 1 1 10 100 1 10 12 1 10 12 1 10 12 1 1 10 12 1 1 10 12 1 1 10 12 1 10 12 1 1 10 8 1 100 1 10 12 1 10 12 1 10 12 1 10 12 1 10 12 1 1 10 12 1 9 12 1 1 10 7 12 1 1 1 9 12 1 1 11 7 12 1 1 1 10 12 1 10 12 1 10 10 12 1 10 7 12 1 1 1 1 1 1 1 1 1 1 1 1 1 1 1 100 1 1 1 1 1 1 1 1 1 1 1 1 1 1 1 1 1 1 1 1 1 1 1 1 1 1 1 1 1 1 1 1 1 1 1 1 1 1 1 1 1 1 1 1 1 1 1 1 1 1 1 1 1 1 1 1 1 1 1 1 1 1 1 1 1 1 1 1 1 1 1 1 1 1 1 1 1 1 1 1 1 1 1 1 1 1 1 1 1 1 1 1 1 1 1 1 1 1 100 1 1 1 1 1 1 1 1 1 1 1 1 1 1 1 1 1 1 1 1 1 1 1 1 1 1 1 1 100 1 1 1 1 1 1 1 100 1 1 1
staticfield java/lang/invoke/MethodHandleNatives JLA Ljdk/internal/access/JavaLangAccess; java/lang/System$2
staticfield java/lang/invoke/MethodHandleNatives $assertionsDisabled Z 1
ciInstanceKlass jdk/internal/reflect/ConstantPool 1 1 142 10 100 12 1 1 1 9 7 12 1 1 1 10 12 1 1 10 12 1 1 10 12 1 10 12 1 1 10 12 1 1 10 12 1 10 12 1 1 10 12 1 10 12 1 1 10 12 1 10 12 1 10 12 1 10 12 1 1 10 12 1 1 10 12 1 1 10 12 1 1 10 12 1 10 12 1 1 10 100 12 1 1 1 8 11 7 12 1 1 1 10 7 12 1 1 1 1 1 1 1 1 1 1 1 1 1 1 1 1 1 1 1 1 1 1 1 1 1 1 1 1 1 1 1 1 1 1 1 1 1 1 1 1 1 1 1 1 1 1 1 1
instanceKlass jdk/internal/reflect/UnsafeQualifiedStaticFieldAccessorImpl
ciInstanceKlass jdk/internal/reflect/UnsafeStaticFieldAccessorImpl 1 1 47 10 7 12 1 1 1 9 7 12 1 1 1 10 7 12 1 1 1 9 12 1 1 8 11 7 12 1 1 1 10 7 12 1 1 1 1 1 1 1 1 1 1 1 1 1 1
instanceKlass jdk/internal/reflect/UnsafeFieldAccessorImpl
ciInstanceKlass jdk/internal/reflect/FieldAccessorImpl 1 1 59 10 7 12 1 1 1 100 1 100 1 1 1 1 1 1 1 1 1 100 1 1 1 1 1 1 1 1 1 1 1 1 1 1 1 1 1 1 1 100 1 1 1 1 1 1 1 1 1 1 1 1 1 1 1 1 1 1 1
instanceKlass jdk/internal/reflect/UnsafeObjectFieldAccessorImpl
instanceKlass jdk/internal/reflect/UnsafeStaticFieldAccessorImpl
ciInstanceKlass jdk/internal/reflect/UnsafeFieldAccessorImpl 1 1 254 10 7 12 1 1 1 9 7 12 1 1 1 10 7 12 1 1 1 10 7 12 1 1 1 9 12 1 1 10 7 12 1 1 1 9 12 1 1 10 12 1 10 12 1 9 12 1 10 12 1 1 10 7 12 1 1 10 7 12 1 1 1 10 12 1 1 100 1 10 10 12 1 1 10 12 1 1 8 1 10 10 12 1 100 1 8 1 10 12 1 8 1 10 12 1 8 1 10 12 1 100 1 10 12 1 1 10 8 1 10 12 1 1 8 1 10 100 12 1 1 8 1 10 100 12 1 1 8 1 10 100 12 1 1 8 1 10 100 12 1 1 8 1 10 100 12 1 1 8 1 10 100 12 1 1 8 1 10 100 12 1 1 8 1 10 100 12 1 1 10 12 1 1 8 1 8 1 8 1 8 1 8 1 8 1 10 100 12 1 1 1 8 1 8 1 8 1 10 12 10 12 1 1 1 1 1 1 1 1 1 1 1 1 1 1 1 1 1 1 1 1 1 1 1 1 1 1 1 1 1 1 1 1 1 1 1 1 1 1 1 1 1 1 1 1 1 1 1 1 1 1 1 1
staticfield jdk/internal/reflect/UnsafeFieldAccessorImpl unsafe Ljdk/internal/misc/Unsafe; jdk/internal/misc/Unsafe
ciInstanceKlass java/lang/invoke/ConstantCallSite 1 1 65 10 7 12 1 1 1 9 7 12 1 1 1 9 12 1 1 10 7 12 1 1 1 10 12 1 100 1 10 12 9 12 1 1 100 1 10 10 12 1 1 10 12 1 1 1 1 1 1 1 1 1 1 1 1 1 100 1 1 1 1 1 1 1 1
staticfield java/lang/invoke/ConstantCallSite UNSAFE Ljdk/internal/misc/Unsafe; jdk/internal/misc/Unsafe
ciInstanceKlass java/lang/invoke/MutableCallSite 0 0 63 10 100 12 1 1 1 10 12 1 9 100 12 1 1 1 10 12 1 10 12 1 1 9 12 1 1 10 100 12 1 1 1 10 100 12 1 1 1 10 12 1 1 1 1 1 1 1 1 1 1 1 1 1 1 1 1 1 1 100 1 1 1
instanceKlass java/lang/invoke/VarHandleReferences$FieldStaticReadOnly
instanceKlass java/lang/invoke/VarHandleInts$FieldStaticReadOnly
instanceKlass java/lang/invoke/VarHandleLongs$FieldInstanceReadOnly
instanceKlass java/lang/invoke/VarHandleReferences$FieldInstanceReadOnly
instanceKlass java/lang/invoke/VarHandleByteArrayAsLongs$ByteArrayViewVarHandle
instanceKlass java/lang/invoke/VarHandleByteArrayAsInts$ByteArrayViewVarHandle
instanceKlass java/lang/invoke/VarHandleInts$FieldInstanceReadOnly
ciInstanceKlass java/lang/invoke/VarHandle 1 1 390 10 7 12 1 1 1 10 7 12 1 1 9 12 1 1 9 12 1 1 100 1 10 8 1 10 12 1 1 10 7 12 1 1 1 10 12 1 1 10 100 12 1 1 1 9 100 12 1 1 1 10 12 1 1 10 100 12 1 1 1 10 12 1 1 9 12 1 10 12 1 9 12 1 1 10 7 12 1 1 10 12 1 9 7 12 1 1 1 9 12 1 1 10 12 1 1 100 1 100 1 10 8 1 10 12 1 1 10 12 1 8 1 10 12 1 10 12 1 10 12 1 1 9 7 12 1 1 1 10 12 1 10 12 1 1 10 12 1 10 10 100 12 1 1 1 10 12 1 1 10 12 1 1 10 100 12 1 1 1 10 100 12 1 1 1 10 100 12 1 1 1 9 12 1 1 10 9 12 1 1 10 12 1 10 12 1 10 12 1 1 10 12 1 10 100 12 1 1 1 9 12 1 1 10 12 1 1 9 12 1 10 12 1 10 12 1 10 100 12 1 1 100 1 10 9 7 12 1 1 1 9 12 1 1 10 7 12 1 1 1 10 12 1 10 12 1 10 12 1 10 12 1 10 12 1 10 12 1 1 7 1 10 10 7 12 1 1 1 9 12 1 1 8 10 12 1 1 7 1 10 12 1 1 100 1 1 1 1 1 1 1 1 1 1 1 1 1 1 1 1 1 1 1 1 1 1 1 1 1 1 1 1 1 1 1 1 1 1 1 1 1 1 1 1 1 1 1 1 1 1 1 1 1 1 1 1 1 1 1 1 1 1 1 1 1 1 1 1 1 1 1 1 1 1 1 1 1 1 1 1 1 1 1 1 1 1 1 1 1 1 1 1 1 100 1 100 1 100 1 1 1 1 1 1 1 100 1 1 1
staticfield java/lang/invoke/VarHandle AIOOBE_SUPPLIER Ljava/util/function/BiFunction; jdk/internal/util/Preconditions$1
staticfield java/lang/invoke/VarHandle VFORM_OFFSET J 16
staticfield java/lang/invoke/VarHandle $assertionsDisabled Z 1
ciInstanceKlass java/lang/invoke/MemberName 1 1 757 7 1 7 1 100 1 9 12 1 1 10 7 12 1 1 1 9 12 1 1 10 12 1 1 10 12 1 1 10 12 1 1 10 12 1 10 12 1 1 10 7 12 1 1 1 10 12 1 9 100 12 1 1 10 12 1 100 1 100 1 10 12 1 8 1 10 12 1 1 10 12 1 10 12 1 1 10 12 1 9 12 1 1 8 1 10 100 12 1 1 1 7 1 10 10 12 1 1 100 1 100 1 10 12 1 1 9 12 1 1 100 1 8 1 10 12 1 10 12 1 10 12 1 10 12 1 10 12 1 1 10 12 1 10 12 1 10 12 1 1 10 12 1 1 10 12 1 8 1 8 1 8 1 10 100 12 1 1 1 10 12 1 9 12 1 1 3 10 12 1 10 12 1 10 12 1 10 10 7 12 1 1 1 10 12 1 10 12 1 10 12 1 10 12 1 7 1 8 10 12 1 1 10 12 1 1 8 1 9 100 1 8 9 100 1 10 12 1 1 10 12 1 10 12 1 8 1 10 12 1 1 10 12 1 10 12 1 10 12 1 10 12 1 1 100 1 10 12 1 1 10 12 1 8 1 10 12 1 10 12 1 8 1 10 12 1 1 10 12 1 1 100 1 10 12 1 1 10 12 8 1 8 1 100 1 10 12 1 10 100 12 1 1 1 100 1 10 12 10 12 1 10 12 1 10 12 1 10 12 1 10 10 12 1 10 12 1 10 12 1 3 10 12 1 3 10 12 1 3 3 3 3 3 3 3 100 1 10 12 1 10 7 12 1 1 1 10 12 1 3 9 12 1 10 12 1 1 3 10 12 1 10 10 7 12 1 1 1 10 12 1 1 10 100 1 10 10 12 1 10 12 1 10 12 1 10 10 12 1 1 10 12 1 10 12 1 10 12 1 100 1 10 10 10 12 100 1 10 10 10 12 1 1 10 12 1 1 10 10 12 1 8 10 100 1 10 12 1 10 100 1 10 12 1 10 12 1 10 12 1 10 10 12 1 10 12 1 1 10 12 1 1 10 12 1 10 12 1 10 12 1 100 1 10 12 1 1 100 1 8 1 10 7 1 10 12 1 10 12 10 12 1 1 10 12 1 10 12 1 8 1 8 1 8 1 8 1 10 12 1 10 12 1 10 12 1 1 8 1 8 1 10 12 1 8 1 10 10 12 1 10 12 1 8 1 8 1 10 10 12 1 8 1 10 100 12 1 1 1 8 1 10 12 1 10 12 1 1 10 12 1 8 1 8 1 8 1 8 1 100 1 10 8 1 8 1 8 1 8 1 10 12 1 100 1 100 1 100 1 10 100 1 10 100 1 10 100 12 1 1 1 9 7 12 1 1 1 100 1 100 1 1 1 1 1 1 1 3 1 3 1 3 1 3 1 3 1 3 1 1 1 1 1 1 1 1 3 1 3 1 1 1 1 3 1 1 1 1 1 1 1 1 1 1 1 1 1 1 1 1 1 1 1 1 1 1 1 1 1 1 1 1 1 1 1 1 1 1 1 1 1 1 1 1 1 1 1 1 1 1 1 1 1 1 1 1 1 1 1 1 1 1 1 1 1 1 1 1 1 1 1 1 1 1 1 1 1 1 1 1 1 1 1 1 1 1 1 1 1 1 1 1 1 1 1 1 1 1 1 1 1 1 1 1 1 1 1 1 1 1 100 1 1 1 1 1 1 1 1 1 1 1 1 1 1 1
staticfield java/lang/invoke/MemberName $assertionsDisabled Z 1
ciInstanceKlass java/lang/invoke/ResolvedMethodName 1 1 16 10 100 12 1 1 1 100 1 1 1 1 1 1 1 1
ciInstanceKlass java/lang/StackWalker 1 1 235 9 7 12 1 1 1 10 7 12 1 1 1 7 1 10 7 12 1 1 1 10 12 1 1 11 7 12 1 1 1 10 12 1 1 10 12 1 1 10 12 1 1 100 1 8 1 10 12 1 10 12 1 10 12 1 10 7 12 1 1 9 12 1 1 9 12 1 1 9 12 1 1 9 12 1 1 10 12 1 1 9 12 1 1 10 7 12 1 1 1 11 12 1 1 100 1 8 1 10 10 100 12 1 1 9 12 1 1 10 12 1 1 10 7 12 1 1 1 10 7 12 1 1 1 18 12 1 1 100 1 8 1 10 10 12 1 1 10 7 12 1 1 1 9 7 12 1 1 11 100 12 1 1 1 10 12 1 1 1 1 1 1 1 1 1 1 1 1 1 1 1 1 1 1 1 1 1 1 1 1 1 1 1 1 1 1 1 1 1 1 1 1 1 1 1 1 1 1 1 1 1 1 1 1 1 1 1 100 1 1 15 10 100 12 1 1 1 16 15 10 12 16 1 1 1 1 1 1 1 100 1 100 1 1
staticfield java/lang/StackWalker DEFAULT_EMPTY_OPTION Ljava/util/EnumSet; java/util/RegularEnumSet
staticfield java/lang/StackWalker DEFAULT_WALKER Ljava/lang/StackWalker; java/lang/StackWalker
instanceKlass java/lang/StackStreamFactory$StackFrameTraverser
instanceKlass java/lang/StackStreamFactory$CallerClassFinder
ciInstanceKlass java/lang/StackStreamFactory$AbstractStackWalker 1 1 306 7 1 100 1 3 10 7 12 1 1 1 10 7 12 1 1 10 7 12 1 1 1 9 12 1 1 10 12 1 1 9 12 1 1 9 12 1 1 9 12 1 1 9 12 1 9 7 12 1 1 1 10 7 12 1 1 1 10 12 1 1 9 12 1 1 10 7 12 1 1 1 10 12 1 1 9 12 1 1 9 100 12 1 1 1 100 1 10 8 1 10 12 1 1 10 12 1 8 1 10 12 1 1 10 100 12 1 1 1 100 1 8 1 10 12 1 8 1 10 12 9 7 12 1 1 1 10 7 12 1 1 9 12 1 8 1 5 0 8 1 8 1 9 12 1 1 10 12 1 1 10 12 1 1 10 12 1 9 12 1 10 12 1 10 12 1 10 12 1 10 12 1 1 10 12 1 10 12 1 1 8 1 10 12 1 10 12 1 10 12 1 10 12 1 1 8 1 10 12 1 1 10 12 1 1 10 12 1 1 10 12 1 10 12 1 10 7 12 1 1 1 9 12 1 8 1 10 12 1 10 12 1 10 12 1 10 12 1 10 12 1 10 12 1 10 12 1 1 10 12 1 1 10 12 1 1 10 12 1 8 1 1 1 1 1 1 1 1 1 1 1 1 1 1 1 1 1 1 100 1 1 1 1 100 1 1 1 1 1 1 1 1 1 1 1 1 1 1 1 1 1 1 1 1 1
ciInstanceKlass jdk/internal/module/Modules 1 1 504 10 100 12 1 1 1 9 7 12 1 1 1 11 7 12 1 1 1 11 12 1 1 11 12 1 1 11 12 1 1 11 12 1 11 12 1 11 12 1 11 12 1 11 12 1 1 10 100 12 1 1 1 10 100 12 1 1 1 18 12 1 1 10 100 12 1 1 1 100 1 10 100 12 1 1 1 10 100 12 1 1 1 10 100 12 1 1 10 12 1 1 11 12 1 9 12 1 1 11 7 12 1 1 1 10 12 1 1 10 10 12 1 10 9 12 1 1 10 100 12 1 1 10 12 1 1 10 100 12 1 1 100 1 11 100 12 1 1 1 10 100 12 1 1 1 11 100 12 1 1 10 12 1 1 10 100 12 1 1 10 100 12 1 1 1 10 12 1 1 10 12 1 1 11 12 1 1 18 12 1 1 11 100 12 1 1 10 100 12 1 1 1 11 100 12 1 1 1 100 1 11 12 1 1 11 100 12 1 1 1 11 12 1 1 10 12 1 1 10 100 12 1 1 18 12 1 1 11 12 1 1 18 12 1 1 11 12 1 1 10 12 1 18 18 10 12 1 1 9 12 1 1 11 100 12 1 1 1 100 1 10 11 12 1 11 12 1 1 11 12 1 1 10 100 1 10 12 1 1 10 100 12 1 1 10 12 1 1 11 12 10 12 1 1 100 1 10 18 12 1 10 12 1 1 100 1 8 1 10 12 1 10 100 12 1 1 18 12 1 11 11 12 10 12 1 10 10 100 1 18 12 1 10 10 10 7 12 1 1 10 7 12 1 1 1 10 12 1 1 1 1 1 1 1 1 1 1 1 1 1 1 1 1 1 1 1 1 1 1 1 1 1 1 1 1 1 1 1 1 1 100 1 1 1 1 1 1 1 1 1 1 1 1 1 1 1 1 1 1 1 1 1 1 1 1 1 1 1 1 1 1 1 1 1 1 1 100 1 1 1 1 1 1 1 1 1 1 1 1 1 1 1 1 1 1 1 1 1 1 1 15 10 100 12 1 1 1 16 15 10 12 1 16 16 15 10 12 1 16 1 16 1 15 10 12 1 16 1 16 1 15 10 12 16 1 15 10 16 1 15 10 12 16 1 15 10 12 16 15 10 12 16 15 10 12 1 1 1 100 1 100 1 1
staticfield jdk/internal/module/Modules JLA Ljdk/internal/access/JavaLangAccess; java/lang/System$2
staticfield jdk/internal/module/Modules JLMA Ljdk/internal/access/JavaLangModuleAccess; java/lang/module/ModuleDescriptor$1
staticfield jdk/internal/module/Modules $assertionsDisabled Z 1
ciMethod java/lang/Math ulp (D)D 574 0 10670 0 224
ciMethod java/lang/Math powerOfTwoD (I)D 272 0 5268 0 0
ciMethod java/lang/Math getExponent (D)I 516 0 21675 0 0
ciMethod java/lang/Math ceil (D)D 536 0 11469 0 -1
ciMethod java/lang/Math abs (D)D 0 0 1 0 -1
ciInstanceKlass javafx/beans/value/ObservableValue 1 1 143 100 1 10 12 1 1 100 1 10 12 1 100 1 10 100 1 10 12 1 8 1 10 100 12 1 1 1 18 12 1 1 11 100 12 1 1 1 18 12 1 1 8 1 18 12 1 11 12 1 1 11 100 12 1 1 1 18 11 12 1 11 100 12 1 1 100 1 100 1 1 1 1 1 1 1 1 1 1 1 1 1 1 1 1 1 1 1 1 1 1 1 1 1 1 1 1 1 1 1 1 15 10 100 12 1 1 1 16 1 15 11 12 16 1 15 11 12 15 11 12 15 11 12 1 100 1 100 1 1 1 100 1 8 1 1 12 10 1 1 1 8 1
instanceKlass javafx/beans/property/ReadOnlyObjectProperty
instanceKlass javafx/beans/binding/ObjectBinding
ciInstanceKlass javafx/beans/binding/ObjectExpression 1 1 108 10 7 12 1 1 1 10 7 12 1 1 1 100 1 8 1 10 12 1 100 1 10 12 1 10 100 12 1 1 1 10 12 1 10 12 1 10 12 10 12 1 1 10 12 1 10 100 12 1 1 1 100 1 10 12 1 1 10 12 1 100 1 1 1 1 1 1 1 1 1 1 1 1 1 1 1 1 1 1 1 1 1 1 1 1 1 100 1 8 1 1 12 10 1 1 1 8 1 1 1 8 1 1 8 1 1 8
instanceKlass javafx/beans/property/ObjectPropertyBase
ciInstanceKlass javafx/beans/property/ObjectProperty 1 1 130 10 7 12 1 1 1 10 7 12 1 1 1 10 100 12 1 1 1 10 12 1 10 12 1 1 10 12 1 1 100 1 8 1 10 12 1 8 1 10 12 1 1 10 12 1 8 1 8 1 10 100 12 1 1 1 8 1 8 1 10 12 1 8 1 10 12 1 100 1 100 1 1 1 1 1 1 1 1 1 100 1 1 1 1 1 100 1 8 1 1 12 10 1 1 1 8 1 1 1 8 1 1 1 8 1 1 1 8 1 1 1 8 1 1 1 8 1 1 1 8 1 1 8 1 1 8 1 8 1
instanceKlass javafx/scene/control/MultipleSelectionModel$1
instanceKlass javafx/scene/control/ListView$6
instanceKlass javafx/scene/control/ListView$4
instanceKlass javafx/scene/control/ListView$3
instanceKlass javafx/scene/control/ListView$5
instanceKlass javafx/scene/control/ComboBoxBase$9
instanceKlass javafx/scene/control/ComboBoxBase$8
instanceKlass javafx/scene/control/ComboBoxBase$7
instanceKlass javafx/scene/control/ComboBoxBase$6
instanceKlass javafx/scene/control/ComboBoxBase$5
instanceKlass javafx/scene/image/ImageView$11
instanceKlass javafx/scene/image/ImageView$2
instanceKlass javafx/scene/shape/SVGPath$2
instanceKlass javafx/scene/effect/DropShadow$6
instanceKlass javafx/scene/effect/DropShadow$4
instanceKlass javafx/scene/effect/Effect$EffectInputProperty
instanceKlass javafx/scene/control/ContextMenu$1
instanceKlass javafx/scene/control/PopupControl$1
instanceKlass javafx/stage/PopupWindow$6
instanceKlass javafx/scene/control/MenuItem$2
instanceKlass javafx/scene/control/MenuItem$1
instanceKlass javafx/scene/shape/Path$2
instanceKlass javafx/animation/Animation$3
instanceKlass javafx/animation/Animation$6
instanceKlass javafx/scene/Node$MiscProperties$8
instanceKlass javafx/scene/Node$MiscProperties$5
instanceKlass javafx/scene/Node$MiscProperties$6
instanceKlass javafx/scene/text/Text$TextAttribute$8
instanceKlass javafx/scene/Node$NodeTransformation$9
instanceKlass javafx/scene/Scene$7
instanceKlass javafx/scene/Scene$6
instanceKlass javafx/scene/Scene$8
instanceKlass javafx/scene/Scene$32
instanceKlass javafx/scene/Scene$49
instanceKlass javafx/scene/Scene$34
instanceKlass javafx/scene/Scene$26
instanceKlass javafx/scene/Scene$29
instanceKlass javafx/scene/Scene$46
instanceKlass javafx/scene/Scene$44
instanceKlass javafx/scene/Scene$9
instanceKlass javafx/scene/Scene$35
instanceKlass javafx/scene/Scene$18
instanceKlass javafx/scene/Scene$31
instanceKlass javafx/scene/Scene$28
instanceKlass javafx/scene/Scene$16
instanceKlass javafx/scene/Scene$14
instanceKlass javafx/scene/Scene$17
instanceKlass javafx/scene/Scene$41
instanceKlass javafx/scene/Scene$47
instanceKlass javafx/scene/Scene$33
instanceKlass javafx/scene/Scene$13
instanceKlass javafx/scene/Scene$50
instanceKlass javafx/scene/Scene$48
instanceKlass javafx/scene/Scene$25
instanceKlass javafx/scene/Scene$40
instanceKlass javafx/scene/Scene$30
instanceKlass javafx/scene/Scene$12
instanceKlass javafx/scene/Scene$23
instanceKlass javafx/scene/Scene$20
instanceKlass javafx/scene/Scene$36
instanceKlass javafx/scene/Scene$21
instanceKlass javafx/scene/Scene$39
instanceKlass javafx/scene/Scene$38
instanceKlass javafx/scene/Scene$37
instanceKlass javafx/scene/Scene$27
instanceKlass javafx/scene/Scene$19
instanceKlass javafx/scene/Scene$24
instanceKlass javafx/scene/Scene$22
instanceKlass javafx/scene/Scene$15
instanceKlass javafx/scene/Scene$43
instanceKlass javafx/scene/Scene$45
instanceKlass javafx/scene/Scene$42
instanceKlass javafx/beans/property/IntegerProperty$2
instanceKlass javafx/scene/control/TextField$2
instanceKlass javafx/scene/control/TextInputControl$4
instanceKlass javafx/scene/control/ButtonBase$2
instanceKlass javafx/scene/control/Label$1
instanceKlass javafx/scene/control/Control$3
instanceKlass javafx/scene/transform/Rotate$5
instanceKlass javafx/scene/layout/BorderPane$BorderPositionProperty
instanceKlass javafx/css/StyleableObjectProperty
instanceKlass javafx/beans/property/DoubleProperty$2
instanceKlass javafx/stage/Window$8
instanceKlass javafx/stage/Window$11
instanceKlass javafx/stage/Window$9
instanceKlass javafx/stage/Window$10
instanceKlass javafx/beans/property/SimpleObjectProperty
instanceKlass javafx/stage/Window$7
instanceKlass javafx/beans/property/BooleanProperty$2
ciInstanceKlass javafx/beans/property/ObjectPropertyBase 1 1 208 10 7 12 1 1 1 9 7 12 1 1 1 9 12 1 1 9 12 1 1 9 12 1 1 9 12 1 1 10 7 12 1 1 1 10 12 1 1 10 12 1 10 12 1 10 12 1 1 10 12 1 10 12 11 7 12 1 1 1 10 12 1 1 100 1 10 12 1 10 12 1 1 10 100 12 1 1 1 10 100 12 1 1 18 12 1 1 8 1 18 12 1 10 12 1 10 12 1 100 1 8 1 10 11 12 1 1 10 12 1 7 1 10 12 1 11 12 1 11 12 100 1 8 1 10 8 1 10 12 1 1 10 12 1 8 1 10 100 1 8 1 8 1 8 1 10 12 1 8 1 8 1 10 12 1 1 1 1 1 1 1 1 1 1 1 1 1 1 1 1 1 1 1 1 1 1 15 10 100 12 1 1 8 1 8 1 1 1 100 1 100 1 1 1 100 1 8 1 1 12 10 1 1 1 8 1 1
ciInstanceKlass javafx/beans/value/ObservableDoubleValue 1 0 49 100 1 100 1 100 1 1 1 1 1 1 100 1 8 1 1 12 10 1 1 1 8 1 1 1 8 1 1 1 8 1 1 1 8 1 1 1 8 1 1 8 1 1 1 8 1 1 8
instanceKlass javafx/beans/binding/DoubleBinding
instanceKlass javafx/beans/property/ReadOnlyDoubleProperty
ciInstanceKlass javafx/beans/binding/DoubleExpression 1 1 202 10 7 12 1 1 1 10 7 12 1 1 1 10 7 12 1 1 1 100 1 8 1 10 12 1 100 1 10 12 1 100 1 10 12 1 10 100 12 1 1 1 100 1 10 12 1 1 10 12 1 10 12 1 10 12 1 10 12 1 10 12 1 10 12 10 12 10 12 10 12 10 12 1 10 12 10 12 10 12 10 12 10 12 1 10 12 10 12 10 12 10 12 100 1 10 12 1 10 12 1 10 12 10 12 10 12 10 12 1 10 12 1 10 12 1 10 12 1 10 12 10 12 10 12 10 12 10 12 10 12 10 12 10 12 10 12 10 12 10 12 10 12 10 12 1 10 12 1 1 100 1 1 1 1 1 1 1 1 1 1 1 1 1 1 1 1 1 1 1 1 1 1 1 1 1 1 1 1 1 1 100 1 8 1 1 12 10 1 1 1 8 1 1 1 8 1 1 8 1 1 8
ciInstanceKlass javafx/util/Callback 1 0 14 100 1 100 1 1 1 1 1 1 1 1 1 1
ciInstanceKlass java/lang/AssertionError 0 0 79 10 100 12 1 1 1 10 12 1 10 100 12 1 1 1 10 100 1 100 1 10 12 1 1 10 12 1 10 12 1 10 12 1 10 12 1 10 12 1 10 12 1 10 12 1 1 1 1 5 0 1 1 1 1 1 1 1 1 1 1 100 1 1 1 1 1 1 1 1 1 1 1 1 1 1 1 1 1
instanceKlass javafx/scene/image/ImageView$7
instanceKlass javafx/scene/image/ImageView$8
instanceKlass javafx/scene/image/ImageView$5
instanceKlass javafx/scene/image/ImageView$6
instanceKlass javafx/scene/effect/DropShadow$5
instanceKlass javafx/scene/effect/DropShadow$1
instanceKlass javafx/scene/effect/DropShadow$8
instanceKlass javafx/scene/effect/DropShadow$7
instanceKlass javafx/scene/effect/DropShadow$3
instanceKlass javafx/scene/effect/DropShadow$2
instanceKlass javafx/scene/control/skin/ScrollPaneSkin$4
instanceKlass javafx/scene/control/skin/ScrollPaneSkin$3
instanceKlass javafx/scene/shape/LineTo$2
instanceKlass javafx/scene/shape/LineTo$3
instanceKlass javafx/scene/shape/MoveTo$2
instanceKlass javafx/scene/shape/MoveTo$3
instanceKlass javafx/scene/control/PopupControl$6
instanceKlass javafx/scene/control/PopupControl$5
instanceKlass javafx/scene/control/PopupControl$8
instanceKlass javafx/scene/control/PopupControl$3
instanceKlass javafx/scene/control/PopupControl$7
instanceKlass javafx/scene/control/PopupControl$4
instanceKlass javafx/scene/shape/Rectangle$2
instanceKlass javafx/scene/shape/Rectangle$3
instanceKlass javafx/scene/shape/Rectangle$5
instanceKlass javafx/scene/shape/Rectangle$4
instanceKlass javafx/animation/Animation$2
instanceKlass javafx/scene/layout/FlowPane$4
instanceKlass javafx/scene/text/Text$8
instanceKlass javafx/scene/text/Text$4
instanceKlass javafx/scene/text/Text$5
instanceKlass javafx/scene/transform/Rotate$3
instanceKlass javafx/scene/transform/Rotate$4
instanceKlass javafx/scene/transform/Rotate$2
instanceKlass javafx/scene/transform/Rotate$1
instanceKlass javafx/scene/Node$12
instanceKlass javafx/scene/Node$11
instanceKlass javafx/css/StyleableDoubleProperty
instanceKlass javafx/beans/property/DoubleProperty$1
instanceKlass javafx/stage/Stage$9
instanceKlass javafx/stage/Stage$6
instanceKlass javafx/stage/Stage$8
instanceKlass javafx/stage/Stage$7
instanceKlass javafx/stage/Window$6
instanceKlass javafx/beans/property/SimpleDoubleProperty
ciInstanceKlass javafx/beans/property/DoublePropertyBase 1 1 236 10 7 12 1 1 1 9 7 12 1 1 1 9 12 1 1 9 12 1 1 9 12 1 1 9 12 1 1 10 7 12 1 1 1 10 12 1 1 10 12 1 10 12 1 10 12 1 1 10 12 1 10 12 11 7 12 1 1 1 10 12 1 1 100 1 10 12 1 1 10 12 1 1 10 100 12 1 1 1 10 100 12 1 1 18 12 1 1 8 1 18 12 1 10 12 1 10 12 1 100 1 8 1 10 100 1 100 1 10 12 1 100 1 10 12 1 11 12 1 1 10 12 1 7 1 10 12 1 11 12 1 11 12 100 1 10 12 1 100 1 8 1 10 8 1 10 12 1 1 10 12 1 8 1 10 100 1 8 1 8 1 8 1 10 10 12 1 8 1 8 1 10 12 1 100 1 10 12 1 1 10 12 1 1 1 1 1 1 1 1 1 1 1 1 1 1 1 1 1 1 1 1 1 15 10 100 12 1 1 8 1 8 1 1 1 1 100 1 100 1 1 1 100 1 8 1 1 12 10 1 1 1 8 1 1
ciInstanceKlass javafx/stage/Window$3 1 1 40 9 7 12 1 1 1 10 7 12 1 1 1 9 100 12 1 1 1 10 12 1 1 10 100 12 1 1 1 1 1 1 1 1 1 1 1 1 1 1
instanceKlass com/sun/javafx/stage/EmbeddedWindow
instanceKlass javafx/stage/PopupWindow
instanceKlass javafx/stage/Stage
ciInstanceKlass javafx/stage/Window 1 1 682 10 100 12 1 1 1 9 100 12 1 1 1 10 100 12 1 1 1 9 7 12 1 1 1 10 7 12 1 1 1 9 12 1 1 10 7 12 1 1 1 9 12 1 1 7 1 10 12 1 9 12 1 1 9 12 1 1 7 1 8 1 10 12 1 9 12 1 8 1 9 12 7 1 8 1 10 12 1 9 12 1 7 1 8 1 10 12 1 9 12 1 7 1 8 1 10 9 12 9 12 1 8 1 7 1 6 0 9 12 9 12 1 8 1 9 12 9 12 1 8 1 9 12 9 12 1 8 1 9 12 7 1 10 9 12 1 1 7 1 10 9 12 1 1 7 1 10 9 12 1 9 12 1 7 1 10 7 12 1 1 1 10 12 1 9 12 1 1 10 12 1 10 7 12 1 1 9 12 1 1 9 12 1 1 10 12 1 1 10 100 12 1 1 1 10 12 1 1 10 7 12 1 1 1 6 0 10 10 12 1 10 10 12 1 1 10 12 1 10 12 1 10 12 1 1 10 7 12 1 1 10 6 0 10 12 1 10 6 0 10 12 1 1 4 4 10 12 1 1 10 12 1 1 10 7 12 1 1 1 10 7 12 1 1 10 100 12 1 1 1 10 10 12 10 12 1 1 10 12 10 10 12 1 10 12 1 1 10 12 1 10 12 1 10 12 1 10 12 1 10 7 1 11 100 12 1 1 10 10 12 1 9 12 1 1 100 1 10 10 7 12 1 1 1 11 100 12 1 1 10 12 1 1 9 12 1 1 11 12 1 1 11 12 1 10 12 10 12 1 10 12 1 10 12 1 1 9 12 1 100 1 10 12 1 10 12 1 1 10 7 1 9 12 1 1 10 100 1 7 1 10 10 12 1 9 12 1 100 1 10 10 12 1 9 12 1 100 1 10 10 12 1 9 12 1 100 1 10 10 12 1 9 12 1 100 1 10 10 7 12 1 1 1 10 12 1 10 12 1 10 12 1 1 10 7 12 1 1 1 9 12 1 100 1 10 10 12 1 7 1 9 12 1 10 12 1 1 10 7 12 1 1 1 10 7 12 1 1 1 10 12 1 10 12 1 10 12 1 10 12 1 9 12 1 1 10 12 1 7 1 8 10 12 1 10 10 7 12 1 1 1 11 7 12 1 1 1 9 12 1 1 10 12 1 11 12 1 11 12 1 10 12 1 10 12 1 10 12 1 1 10 12 1 10 12 10 100 12 1 1 1 10 12 1 1 10 10 12 1 1 10 10 7 12 1 1 10 12 1 1 9 12 1 10 12 1 1 7 1 10 10 12 1 1 100 1 1 1 1 1 1 1 1 1 1 1 1 1 1 1 1 1 1 1 1 1 1 1 1 1 1 1 1 1 1 1 1 1 1 1 1 1 1 1 1 1 1 1 1 1 1 1 1 1 1 1 1 1 1 1 1 1 1 1 1 1 1 1 1 1 1 1 1 1 1 1 1 1 1 1 1 1 1 1 1 1 1 1 1 1 1 1 1 1 1 1 1 1 1 1 1 1 1 1 1 1 1 1 100 1 1
staticfield javafx/stage/Window USER_DATA_KEY Ljava/lang/Object; java/lang/Object
staticfield javafx/stage/Window $assertionsDisabled Z 1
ciInstanceKlass javafx/stage/Stage 1 1 577 9 7 12 1 1 1 10 7 12 1 1 1 10 7 12 1 1 9 12 1 1 9 12 1 9 12 1 9 12 1 9 7 12 1 1 1 9 12 1 9 12 1 1 7 1 7 1 10 12 1 10 12 1 9 12 1 1 7 1 8 1 10 12 1 9 12 1 8 1 9 12 10 7 12 1 1 1 10 12 1 10 12 1 10 7 12 1 1 10 12 1 1 10 12 1 9 12 1 100 1 8 1 10 12 1 10 12 1 1 8 1 10 12 1 8 1 10 12 1 8 1 9 12 1 100 1 10 10 10 12 1 1 8 1 9 12 1 8 1 8 1 8 1 8 1 10 12 1 1 10 100 12 1 1 10 12 1 1 10 100 12 1 1 1 10 12 1 1 11 7 12 1 1 9 12 1 1 10 12 1 10 12 1 1 8 10 12 1 10 12 1 1 10 7 12 1 1 9 12 1 1 10 12 1 7 1 7 1 10 10 12 1 11 12 1 9 12 1 8 10 12 1 11 12 1 9 12 1 8 10 12 1 11 12 1 9 12 1 8 10 12 1 1 10 100 1 9 12 1 1 10 100 1 10 10 12 1 1 10 100 12 1 1 9 12 1 1 10 12 1 100 1 10 12 1 10 12 1 9 12 1 100 1 10 10 12 1 9 12 1 100 1 6 0 100 1 10 10 12 1 9 12 1 100 1 10 10 12 1 1 10 10 7 12 1 1 1 9 7 12 1 1 1 10 12 1 1 9 12 1 10 100 12 1 1 1 9 100 12 1 1 1 10 100 12 1 1 1 100 1 9 12 1 10 12 1 10 12 1 1 9 12 1 1 10 12 1 1 10 12 1 1 10 12 1 10 7 12 1 1 1 10 12 1 11 12 1 1 10 12 1 10 12 1 10 12 1 11 12 1 7 1 9 12 1 1 10 12 1 10 12 1 1 10 12 1 11 12 1 10 12 1 11 12 1 10 12 1 10 12 1 10 12 1 10 12 1 10 12 1 1 11 12 1 11 12 1 7 1 10 11 7 12 1 1 1 11 7 12 1 1 11 12 1 100 1 10 12 1 1 11 100 12 1 1 1 11 100 12 1 1 1 11 12 1 1 10 12 1 1 11 12 1 11 12 1 10 12 1 10 100 1 10 100 1 10 7 12 1 1 7 1 10 10 12 1 1 7 1 10 1 1 1 1 1 1 1 1 1 1 1 1 1 1 1 1 1 1 1 1 1 1 1 1 1 1 1 1 1 1 1 1 1 1 1 1 1 1 1 1 1 1 1 1 1 1 1 1 1 1 100 1 1 1 100 1
staticfield javafx/stage/Stage STAGE_ACCESSOR Lcom/sun/javafx/stage/StagePeerListener$StageAccessor; javafx/stage/Stage$2
staticfield javafx/stage/Stage $assertionsDisabled Z 1
instanceKlass javafx/beans/property/DoublePropertyBase
ciInstanceKlass javafx/beans/property/DoubleProperty 1 1 190 10 7 12 1 1 1 10 100 12 1 1 1 8 1 100 1 10 10 100 12 1 1 1 10 7 12 1 1 1 10 7 12 1 1 1 10 100 12 1 1 1 10 12 1 10 12 1 1 10 12 1 1 100 1 8 1 10 12 1 8 1 10 12 1 1 10 12 1 8 1 8 1 10 100 12 1 1 1 8 1 8 1 10 12 1 10 12 1 8 1 10 12 1 8 1 10 100 12 1 1 1 100 1 10 12 1 100 1 10 12 1 10 12 1 1 10 12 1 1 100 1 100 1 1 1 1 1 1 100 1 1 1 1 1 1 1 1 1 1 1 1 1 1 1 100 1 8 1 1 12 10 1 1 1 8 1 1 1 8 1 1 1 8 1 1 1 8 1 1 1 8 1 1 1 8 1 1 1 8 1 1 8 1 1 8 1 8 1 1
ciInstanceKlass javafx/stage/Window$4 1 1 40 9 7 12 1 1 1 10 7 12 1 1 1 9 100 12 1 1 1 10 12 1 1 10 100 12 1 1 1 1 1 1 1 1 1 1 1 1 1 1
instanceKlass javafx/scene/control/skin/VirtualFlow$8
instanceKlass javafx/scene/control/ComboBox$2
instanceKlass com/sun/javafx/scene/EventHandlerProperties$EventHandlerProperty
instanceKlass javafx/scene/Scene$11
instanceKlass javafx/scene/control/Control$4
instanceKlass javafx/scene/transform/Transform$4
instanceKlass javafx/beans/property/ReadOnlyObjectWrapper
ciInstanceKlass javafx/beans/property/SimpleObjectProperty 1 1 51 9 7 12 1 1 1 9 12 1 1 9 12 1 8 1 10 12 1 1 10 12 1 10 7 12 1 1 10 12 1 1 1 1 1 1 1 1 1 1 1 1 100 1 100 1 1 1 1 1 1
staticfield javafx/beans/property/SimpleObjectProperty DEFAULT_BEAN Ljava/lang/Object; null
instanceKlass javafx/scene/shape/Shape3D
instanceKlass javafx/scene/Camera
instanceKlass javafx/scene/image/ImageView
instanceKlass javafx/scene/shape/Shape
instanceKlass javafx/scene/SubScene
instanceKlass javafx/scene/Parent
ciInstanceKlass javafx/scene/Node 1 1 3315 7 1 10 7 12 1 1 1 10 12 1 1 9 12 1 1 11 7 12 1 1 1 10 12 1 1 10 7 12 1 1 1 10 12 1 1 10 7 12 1 1 11 12 1 11 12 1 11 12 1 11 12 1 9 12 1 1 9 7 12 1 1 1 10 12 1 1 9 12 1 10 7 12 1 1 10 12 1 10 12 1 1 10 12 1 9 12 1 9 12 1 9 12 1 9 12 1 10 12 1 1 10 12 1 9 12 1 1 9 7 12 1 1 1 10 12 1 1 9 12 1 10 12 1 10 12 1 1 9 7 12 1 1 9 12 1 10 12 1 1 10 7 12 1 1 1 10 7 12 1 1 10 7 1 10 12 1 18 12 1 1 10 7 12 1 1 1 9 12 1 10 12 1 1 9 12 1 10 12 1 1 10 12 1 1 10 12 1 1 10 12 1 1 9 12 1 10 12 1 10 7 12 1 1 1 10 12 1 1 9 12 1 10 12 1 10 12 1 1 10 12 1 1 9 12 1 10 12 1 1 9 12 1 10 12 1 1 10 7 12 1 1 1 10 12 1 9 12 1 10 12 1 10 12 1 1 10 12 1 10 12 1 1 9 12 1 10 12 1 10 12 1 9 12 1 10 12 1 1 10 12 1 1 10 12 1 1 9 12 1 1 7 1 10 12 1 10 7 12 1 1 1 11 7 1 10 12 1 1 9 12 1 1 11 12 1 1 11 12 1 1 10 12 1 1 10 7 12 1 1 1 9 12 1 1 10 12 1 7 1 10 12 1 1 7 1 10 12 10 12 1 10 7 1 9 12 1 1 10 12 1 1 10 12 1 10 12 1 10 12 1 10 12 1 1 10 12 1 1 10 12 1 9 12 1 1 10 12 1 10 12 1 10 12 1 1 10 12 1 9 12 1 1 10 7 12 1 1 9 12 1 1 10 12 1 1 10 100 12 1 1 10 10 12 1 10 12 1 10 10 10 10 12 1 1 10 7 1 9 12 1 1 10 7 1 10 9 12 1 1 10 12 1 9 12 1 8 1 7 1 10 12 1 10 12 1 1 10 7 12 1 9 12 1 1 10 12 7 1 10 12 1 10 12 1 1 10 7 1 9 12 1 1 9 12 1 1 10 7 12 1 1 1 10 12 1 1 10 10 12 1 1 10 7 12 1 9 12 1 1 10 12 7 1 10 12 1 10 12 1 9 12 1 1 10 100 1 100 1 10 12 1 10 12 1 9 12 1 1 10 10 10 12 1 10 10 10 12 1 9 12 1 1 10 10 10 12 1 9 12 1 1 10 10 10 12 1 9 12 1 1 10 12 1 1 10 10 9 7 12 1 1 10 9 12 1 10 12 1 9 12 1 10 12 1 10 12 1 10 10 12 1 9 12 1 7 1 8 10 12 1 10 12 1 1 10 7 1 9 12 1 1 10 10 12 1 7 1 10 10 10 12 1 10 10 12 1 10 10 100 12 1 1 1 10 12 1 1 10 100 12 1 1 1 10 12 1 1 100 1 10 12 1 100 1 10 11 7 1 10 12 1 10 12 1 9 12 1 1 9 7 12 1 1 10 12 1 10 12 1 10 12 1 1 11 7 12 1 1 1 11 12 1 10 12 1 10 12 1 10 12 1 10 12 1 10 12 1 10 12 1 10 12 10 100 12 1 1 1 100 1 10 10 100 12 1 1 1 10 12 1 1 10 100 12 1 1 10 12 1 10 12 1 10 12 1 10 7 12 1 1 1 9 12 1 10 7 12 1 1 10 12 10 12 10 12 10 12 1 10 12 1 1 10 12 1 1 10 12 1 1 10 7 12 1 1 1 10 12 1 10 10 10 12 1 1 10 10 12 1 10 10 12 1 1 10 12 1 100 1 8 1 10 12 10 12 1 1 18 12 1 1 10 12 1 1 10 12 1 9 12 1 1 10 7 12 1 1 1 10 12 1 1 10 10 12 1 10 12 1 10 10 12 1 10 12 1 10 10 12 1 10 12 1 10 10 12 1 10 12 1 10 10 12 1 1 100 1 8 1 10 10 12 1 1 8 1 9 12 1 10 12 1 10 12 1 9 100 12 1 1 1 10 100 12 1 1 8 1 10 12 10 100 12 1 1 10 12 1 1 10 9 12 1 1 10 7 12 1 1 1 7 1 4 10 12 1 10 7 1 10 7 1 10 9 12 1 1 9 12 1 10 9 12 1 9 12 1 9 12 1 9 12 1 9 12 1 9 12 1 9 12 1 1 7 1 10 9 12 1 1 7 1 10 9 12 1 7 1 10 9 12 1 1 9 12 1 9 12 1 7 1 10 9 12 1 1 10 12 1 1 9 12 1 10 12 1 9 12 1 7 1 10 10 12 1 9 12 1 7 1 10 10 12 1 9 12 1 7 1 10 10 12 1 1 10 7 1 10 12 1 10 10 12 1 10 7 12 1 1 1 9 7 12 1 1 1 10 7 12 1 1 1 10 12 1 18 12 1 10 12 1 10 12 1 1 10 12 1 10 10 12 1 1 10 10 12 1 10 12 1 1 6 0 10 12 1 10 12 1 10 12 1 10 12 1 10 12 1 9 100 12 1 1 1 10 12 1 1 10 7 12 1 1 1 10 12 1 10 12 1 6 0 10 12 1 10 12 1 100 1 10 12 1 9 12 1 1 100 1 10 12 1 10 12 1 10 12 1 10 12 1 10 12 1 10 100 1 10 7 12 1 1 10 12 1 10 12 1 10 12 1 10 12 1 10 12 1 10 12 1 10 12 1 10 12 1 9 12 1 1 10 7 12 1 1 10 12 1 1 9 12 1 1 10 12 1 10 12 1 10 12 1 10 10 12 1 10 12 1 1 10 12 1 10 12 1 1 10 12 10 12 1 10 12 10 12 1 9 12 1 1 10 12 1 1 10 100 12 1 1 10 12 1 1 10 10 12 1 10 12 1 6 0 10 12 1 10 12 1 10 10 12 1 10 12 1 10 10 12 1 10 12 1 7 1 10 12 1 10 12 1 9 7 12 1 1 10 12 1 9 12 1 1 10 7 12 1 1 10 12 1 10 12 1 10 12 1 10 12 1 10 12 1 1 10 12 1 10 12 1 10 12 1 10 12 1 10 12 10 12 10 12 1 10 12 1 10 10 10 10 10 10 10 10 10 10 12 1 1 10 12 1 1 10 12 1 10 12 1 10 12 1 10 12 1 10 10 12 1 10 12 1 1 9 12 1 1 10 12 1 1 7 1 10 12 1 10 12 1 10 12 1 1 10 12 1 10 10 10 12 1 10 12 1 10 12 1 7 1 10 12 1 10 12 1 10 12 1 10 12 1 1 10 12 1 10 12 1 1 10 12 1 9 12 1 1 9 100 12 1 1 1 9 12 1 10 12 1 1 7 1 10 12 10 100 12 1 1 10 12 1 10 12 1 1 10 12 1 10 12 1 1 10 10 100 1 10 10 10 12 1 1 10 12 10 100 12 1 1 1 10 12 1 1 10 7 1 10 10 12 1 10 12 1 1 10 100 12 1 1 1 10 12 10 12 1 10 12 10 12 1 10 12 1 10 12 1 10 12 9 12 9 12 10 12 10 12 1 10 12 1 1 10 12 10 12 10 12 1 1 10 100 12 1 1 10 100 12 1 1 1 10 12 1 10 12 10 12 10 12 1 10 12 1 10 12 1 10 12 1 10 12 1 10 12 10 12 10 12 10 12 1 10 12 10 12 10 12 10 12 1 9 12 1 10 12 1 10 12 1 10 12 1 10 12 10 10 10 10 12 1 10 12 1 1 10 12 1 1 10 12 1 10 12 1 10 12 1 10 12 1 10 12 1 10 12 1 10 12 1 10 12 1 10 12 1 10 12 1 10 12 1 10 12 10 12 1 10 12 1 1 10 12 1 1 10 12 1 10 12 1 11 12 1 1 11 7 12 1 1 11 12 1 10 12 1 1 10 12 1 1 10 12 1 10 10 10 10 10 12 10 12 10 12 1 10 12 1 10 7 12 1 1 1 10 12 1 10 12 1 10 12 1 1 10 12 1 10 12 1 10 12 1 1 10 7 12 1 1 1 10 12 1 1 10 12 1 1 10 12 1 10 10 6 0 6 0 10 12 1 6 0 6 0 10 12 1 10 10 10 12 1 10 12 1 1 10 10 12 1 10 10 10 12 1 10 10 10 12 1 10 10 10 12 1 10 10 10 12 1 10 10 10 12 1 10 10 10 12 1 10 10 10 12 1 9 12 1 1 10 10 10 12 1 10 10 10 12 1 10 10 10 10 9 12 1 1 9 100 12 1 1 10 12 1 1 10 7 12 1 1 1 10 12 1 10 12 1 9 12 1 9 7 12 1 1 7 1 10 12 1 10 12 1 1 9 12 1 9 12 1 9 12 1 1 7 1 10 10 12 1 1 10 12 1 10 12 1 1 10 12 1 10 10 12 1 10 12 1 10 12 1 10 12 1 10 12 1 10 12 1 10 10 12 1 10 10 10 12 1 9 12 1 7 1 10 10 12 1 9 12 1 7 1 10 10 12 1 10 12 1 10 10 12 1 10 12 1 10 10 12 1 10 12 1 10 10 12 1 10 12 1 10 10 12 1 10 12 1 10 10 12 1 10 12 1 10 10 12 1 10 12 1 10 10 12 1 10 12 1 10 10 12 1 10 12 1 10 10 12 1 10 12 1 10 10 12 1 10 12 1 10 10 12 1 10 12 1 10 10 12 1 10 12 1 10 10 12 1 10 12 1 10 10 12 1 10 12 1 10 10 12 1 10 12 1 10 10 12 1 10 12 1 10 10 12 1 10 12 1 10 10 12 1 10 12 1 10 10 12 1 10 12 1 10 10 12 1 10 12 1 10 10 12 1 10 12 1 10 10 12 1 10 12 1 10 10 12 1 10 12 1 10 10 12 1 10 12 1 10 10 12 1 10 12 1 10 10 12 1 10 12 1 10 10 12 1 10 12 1 10 10 12 1 10 12 1 10 10 12 1 10 12 1 10 10 12 1 10 12 1 10 10 12 1 10 12 1 10 10 12 1 10 12 1 10 10 12 1 10 12 1 10 10 12 1 9 12 1 1 10 12 1 1 10 10 7 1 10 12 1 10 10 9 12 1 1 10 12 1 1 10 12 1 10 12 1 1 10 10 12 1 9 12 1 7 1 10 10 12 1 10 12 1 10 12 1 10 12 1 1 10 12 1 1 10 12 1 1 100 1 10 10 12 1 10 12 1 11 10 12 1 1 10 12 1 10 100 12 1 1 10 12 1 8 1 8 1 8 1 8 1 10 12 1 10 10 7 12 1 1 1 9 12 1 1 10 12 1 10 12 1 9 12 1 10 12 1 1 9 12 1 9 12 1 10 12 1 9 12 1 9 12 1 9 12 1 1 9 7 12 1 9 12 1 10 12 1 1 10 12 1 10 12 1 10 12 1 1 10 10 12 1 10 12 1 10 12 1 10 12 1 10 12 1 9 12 1 1 10 7 1 10 12 10 7 1 10 10 10 12 1 18 12 1 10 12 1 9 12 1 100 1 10 10 12 1 7 1 10 9 12 1 10 7 12 1 1 1 10 12 1 10 12 1 10 12 1 10 12 1 9 12 1 1 10 12 1 7 1 8 10 12 1 10 12 9 12 1 1 18 12 1 1 11 7 12 1 1 1 10 12 1 1 7 1 10 12 1 9 12 1 10 7 1 10 9 12 1 9 12 1 10 12 1 10 12 1 10 12 1 1 10 12 1 1 10 7 1 10 12 1 9 100 12 1 1 1 9 7 12 1 1 1 10 12 1 1 10 7 12 1 1 1 8 1 10 12 1 10 12 1 11 12 10 12 1 1 9 12 9 12 1 10 12 1 11 7 1 11 9 12 1 1 10 12 1 1 10 12 1 9 12 1 10 9 10 9 10 12 1 1 9 12 1 10 12 1 10 12 10 12 1 1 11 11 9 7 12 1 1 1 10 12 1 10 12 1 10 12 1 9 7 12 1 1 1 10 12 1 9 12 1 8 10 12 1 9 12 1 1 9 100 12 1 1 10 12 1 1 10 12 1 10 12 1 9 12 1 10 12 1 10 12 1 9 12 1 10 12 1 10 9 12 1 10 100 1 10 12 1 1 10 12 10 12 10 12 10 12 10 12 1 1 10 12 1 9 12 1 10 100 1 10 12 100 1 9 12 1 100 1 10 12 1 10 12 1 10 12 1 1 10 12 1 1 10 100 12 1 1 1 10 12 1 1 100 1 10 10 12 1 11 12 1 10 12 1 1 100 1 10 12 1 11 100 12 1 1 100 1 7 1 8 1 10 12 1 1 8 1 10 7 12 1 1 7 1 10 10 12 1 1 9 7 12 1 1 9 7 12 1 1 8 10 7 12 1 1 1 9 12 1 1 8 9 12 1 8 9 12 1 8 9 12 1 8 1 9 12 1 8 1 9 12 1 8 1 9 12 1 18 12 1 100 1 100 1 1 1 1 1 1 1 1 1 1 1 1 1 6 0 1 1 1 6 0 1 1 1 1 1 3 1 3 1 1 1 3 1 1 1 1 1 1 1 1 1 1 1 1 1 100 1 100 1 1 1 1 1 1 1 1 1 1 1 1 1 1 1 1 100 1 1 1 1 1 1 1 1 1 1 1 100 1 1 1 1 1 1 1 1 1 1 1 1 1 1 100 1 1 1 1 1 1 1 100 1 1 1 1 1 1 1 1 1 1 1 1 1 1 1 1 1 1 1 1 1 1 1 1 1 1 1 1 1 1 1 1 1 1 1 1 1 1 1 1 1 1 1 1 1 1 1 1 1 1 1 1 1 1 1 1 1 1 1 1 1 1 1 1 1 1 1 1 1 1 1 1 1 1 1 1 1 1 1 1 1 1 1 1 1 1 1 1 1 1 1 1 1 1 1 1 1 1 1 1 1 1 1 1 1 1 1 1 1 1 1 1 1 1 1 1 1 1 1 1 1 1 1 1 1 1 100 1 1 1 1 1 1 1 1 1 1 1 1 100 1 1 1 1 1 1 1 1 1 1 1 1 1 1 1 1 1 1 1 1 1 1 1 1 1 100 1 1 1 1 1 1 1 1 1 1 1 1 1 1 1 1 1 1 1 1 1 1 1 1 1 1 1 1 1 1 1 1 1 1 1 1 1 1 1 1 1 1 1 1 100 1 100 1 100 1 100 1 100 1 100 1 100 1 100 1 100 1 100 1 100 1 100 1 100 1 100 1 100 1 100 1 100 1 100 1 100 1 100 1 100 1 100 1 100 1 100 1 100 1 100 1 100 1 100 1 100 1 100 1 100 1 100 1 100 1 100 1 100 1 100 1 100 1 100 1 1 15 10 100 12 1 1 8 1 15 10 7 12 1 1 1 16 15 10 12 8 1 8 1 16 15 10 12 16 15 10 12 1 100 1 1 1 1 1 1 1 1 1 1 1 1 1 1 100 1 1 100 1 1 1 100 1 100 1 1
staticfield javafx/scene/Node USER_DATA_KEY Ljava/lang/Object; java/lang/Object
staticfield javafx/scene/Node DEFAULT_ROTATION_AXIS Ljavafx/geometry/Point3D; javafx/geometry/Point3D
staticfield javafx/scene/Node DEFAULT_CACHE_HINT Ljavafx/scene/CacheHint; javafx/scene/CacheHint
staticfield javafx/scene/Node DEFAULT_CLIP Ljavafx/scene/Node; null
staticfield javafx/scene/Node DEFAULT_CURSOR Ljavafx/scene/Cursor; null
staticfield javafx/scene/Node DEFAULT_DEPTH_TEST Ljavafx/scene/DepthTest; javafx/scene/DepthTest
staticfield javafx/scene/Node DEFAULT_EFFECT Ljavafx/scene/effect/Effect; null
staticfield javafx/scene/Node DEFAULT_INPUT_METHOD_REQUESTS Ljavafx/scene/input/InputMethodRequests; null
staticfield javafx/scene/Node HOVER_PSEUDOCLASS_STATE Ljavafx/css/PseudoClass; com/sun/javafx/css/PseudoClassImpl
staticfield javafx/scene/Node PRESSED_PSEUDOCLASS_STATE Ljavafx/css/PseudoClass; com/sun/javafx/css/PseudoClassImpl
staticfield javafx/scene/Node DISABLED_PSEUDOCLASS_STATE Ljavafx/css/PseudoClass; com/sun/javafx/css/PseudoClassImpl
staticfield javafx/scene/Node FOCUSED_PSEUDOCLASS_STATE Ljavafx/css/PseudoClass; com/sun/javafx/css/PseudoClassImpl
staticfield javafx/scene/Node FOCUS_VISIBLE_PSEUDOCLASS_STATE Ljavafx/css/PseudoClass; com/sun/javafx/css/PseudoClassImpl
staticfield javafx/scene/Node FOCUS_WITHIN_PSEUDOCLASS_STATE Ljavafx/css/PseudoClass; com/sun/javafx/css/PseudoClassImpl
staticfield javafx/scene/Node SHOW_MNEMONICS_PSEUDOCLASS_STATE Ljavafx/css/PseudoClass; com/sun/javafx/css/PseudoClassImpl
staticfield javafx/scene/Node boundsAccessor Lcom/sun/javafx/scene/BoundsAccessor; javafx/scene/Node$$Lambda$174+0x0000000800d42bf0
instanceKlass javafx/scene/Group
instanceKlass javafx/scene/layout/Region
ciInstanceKlass javafx/scene/Parent 1 1 900 10 7 12 1 1 1 7 1 10 7 12 1 1 1 10 12 1 1 11 7 12 1 1 1 9 12 1 1 9 100 12 1 1 1 18 12 1 1 10 100 12 1 1 1 9 7 12 1 1 1 10 12 1 1 9 12 1 10 12 1 1 9 12 1 1 11 7 1 11 12 1 1 7 1 10 10 12 1 1 9 12 1 1 10 12 1 1 9 12 1 1 11 12 1 11 10 12 1 1 11 12 1 9 12 1 10 12 1 9 12 1 10 12 1 1 10 12 1 18 10 12 1 1 10 100 12 1 1 1 18 12 1 18 100 1 8 1 10 12 1 1 11 12 1 1 11 7 12 1 1 11 12 1 1 18 12 1 9 12 1 10 7 12 1 1 11 10 12 1 1 11 12 1 1 18 12 1 1 10 100 12 1 1 1 9 12 1 9 12 1 7 1 10 12 10 12 1 11 12 1 10 12 1 9 12 1 1 11 100 12 1 1 8 1 9 12 1 11 12 1 11 11 12 1 10 7 12 1 1 1 10 12 1 1 10 12 1 1 9 12 1 1 9 7 12 1 1 10 7 12 1 1 10 7 1 9 12 1 10 9 12 1 10 12 1 10 12 1 1 10 12 1 10 12 1 10 12 1 1 10 7 12 1 1 10 12 1 1 10 7 12 1 1 1 10 12 1 1 10 12 1 10 12 1 1 10 12 1 1 10 12 1 10 12 1 1 10 12 1 1 9 12 1 1 10 12 1 1 9 12 1 9 12 1 10 12 1 1 9 12 1 1 100 1 8 10 12 1 9 12 1 10 12 1 10 7 12 1 1 1 10 12 1 10 12 1 1 10 12 1 10 12 1 10 12 1 9 12 1 10 9 12 1 6 0 9 12 1 1 9 12 1 9 12 1 9 12 1 10 12 1 1 10 12 1 10 12 1 10 12 1 10 12 1 1 10 100 12 1 1 10 12 1 10 100 12 1 1 1 10 12 1 10 12 1 10 12 1 10 12 1 1 10 12 1 10 12 1 10 12 1 10 12 1 10 12 1 10 12 1 10 10 10 12 1 6 0 9 12 1 1 9 7 12 1 1 1 10 12 1 10 12 1 10 12 1 10 12 1 10 12 1 10 12 1 9 12 1 10 7 12 1 1 1 11 10 12 9 12 1 1 9 7 12 1 9 12 10 12 1 10 12 1 1 11 12 1 1 7 1 9 12 1 9 10 12 1 1 10 12 10 7 1 10 7 1 7 1 10 12 10 12 1 10 7 12 1 1 1 7 1 10 10 12 1 7 1 10 9 12 1 1 9 12 1 9 7 12 1 1 1 10 12 1 1 10 10 12 1 10 7 12 1 1 1 10 7 12 1 1 9 12 1 10 12 1 9 12 1 1 10 9 12 1 10 12 1 10 12 1 10 12 1 10 12 10 12 1 10 12 1 10 12 1 10 12 1 10 12 1 10 12 1 10 12 1 1 10 12 1 6 0 6 0 10 12 1 10 12 1 1 10 9 12 1 10 10 10 12 1 1 9 12 1 9 12 1 9 12 1 9 12 1 9 12 1 9 12 1 9 12 1 1 10 12 1 1 10 12 1 10 12 1 1 10 12 1 9 12 1 10 12 1 10 12 1 10 12 1 10 100 12 1 1 9 12 1 1 9 100 12 1 1 1 9 12 1 10 12 1 1 100 1 10 12 1 9 12 1 10 100 1 10 12 1 1 10 12 1 1 10 12 1 8 1 10 7 12 1 1 1 9 12 1 7 1 10 10 12 1 1 1 1 3 1 3 1 1 1 1 1 1 1 1 3 1 3 1 3 1 3 1 3 1 3 1 1 1 1 1 1 1 1 1 1 1 1 1 1 100 1 1 1 1 1 1 1 1 1 1 1 1 1 1 1 1 1 1 1 1 1 1 1 1 1 1 1 1 1 1 1 1 1 1 1 1 1 1 1 1 1 15 10 100 12 1 1 8 1 8 1 8 1 8 1 8 1 15 10 100 12 1 1 1 16 1 15 10 12 16 1 100 1 1 100 1 100 1 1
staticfield javafx/scene/Parent warnOnAutoMove Z 0
instanceKlass javafx/scene/control/ListCell$4
instanceKlass com/sun/javafx/scene/control/inputmap/InputMap$1
instanceKlass javafx/scene/Scene$FocusOwnerProperty
instanceKlass javafx/scene/Scene$3
instanceKlass javafx/scene/Node$ReadOnlyObjectWrapperManualFire
instanceKlass javafx/scene/Node$2
instanceKlass javafx/stage/Window$SceneModel
ciInstanceKlass javafx/beans/property/ReadOnlyObjectWrapper 1 1 47 10 7 12 1 1 1 10 12 1 10 12 1 10 12 1 9 7 12 1 1 1 7 1 10 12 1 10 12 1 10 1 1 1 1 1 1 1 1 1 1 1 1 1 1 1 1
ciInstanceKlass javafx/geometry/Insets 1 1 84 9 7 12 1 1 1 9 12 1 9 12 1 9 12 1 10 7 12 1 1 1 9 12 1 1 5 0 5 0 10 7 12 1 1 1 18 12 1 1 10 12 1 9 12 1 1 1 1 1 1 1 1 1 1 1 1 1 1 1 1 1 1 1 1 1 1 1 1 1 15 10 100 12 1 1 8 1 1 100 1 100 1 1
staticfield javafx/geometry/Insets EMPTY Ljavafx/geometry/Insets; javafx/geometry/Insets
instanceKlass javafx/scene/control/skin/VirtualFlow$ClippedContainer
instanceKlass javafx/scene/control/skin/VirtualFlow
instanceKlass javafx/scene/control/skin/ScrollBarSkin$EndButton
instanceKlass com/sun/javafx/scene/control/ContextMenuContent$MenuItemContainer
instanceKlass javafx/scene/control/Control
instanceKlass javafx/scene/layout/Pane
ciInstanceKlass javafx/scene/layout/Region 1 1 1425 7 1 10 7 12 1 1 1 9 7 12 1 1 1 10 12 1 1 10 12 1 1 10 12 1 1 10 12 1 10 12 1 10 12 1 10 12 1 10 7 12 1 1 1 10 12 1 1 10 7 12 1 1 1 10 7 12 1 1 10 12 1 10 12 1 10 10 12 1 10 7 12 1 1 1 10 12 1 10 12 1 10 12 1 10 12 1 1 10 12 1 1 10 12 1 18 12 1 1 10 12 1 11 7 12 1 1 1 11 12 1 1 10 12 1 1 10 12 1 11 7 12 1 1 1 10 12 1 1 10 12 1 6 0 6 0 10 12 1 1 9 7 12 1 1 1 10 100 12 1 1 1 11 100 12 1 10 12 1 100 1 10 12 1 10 12 1 1 10 12 1 10 12 1 1 10 7 12 1 1 10 12 1 10 12 1 10 12 1 1 11 12 1 1 11 100 12 1 1 11 12 1 1 10 12 1 10 12 1 1 10 7 12 1 1 9 7 12 1 1 1 10 7 12 1 1 6 0 100 1 8 1 10 12 1 1 9 12 1 10 7 1 8 1 10 7 12 1 18 12 1 1 9 12 1 1 10 7 12 1 1 1 9 12 1 1 7 1 10 12 1 9 12 1 1 7 1 10 12 1 9 12 1 7 1 10 12 1 9 12 1 7 1 10 12 9 12 1 1 9 12 1 1 9 12 1 9 12 1 9 12 1 9 12 1 9 12 1 9 12 1 9 12 1 9 12 1 9 12 1 9 12 1 9 12 1 9 12 1 9 12 1 1 9 12 1 9 12 1 10 12 1 1 9 12 1 10 12 1 10 100 12 1 1 100 1 10 12 1 10 7 12 1 10 12 7 1 7 1 10 100 12 1 1 1 11 100 12 1 1 1 10 100 12 1 1 1 10 12 1 9 12 1 100 1 10 10 12 1 1 10 12 1 10 12 1 9 12 1 1 10 12 1 1 10 7 12 1 9 12 1 9 12 1 9 12 1 1 10 7 12 1 1 1 10 12 1 9 7 12 1 1 1 10 12 1 1 10 12 1 10 12 7 1 10 12 1 10 12 1 1 9 12 1 10 12 1 9 12 1 7 1 10 9 12 1 1 10 7 1 10 7 1 8 9 7 12 1 1 1 10 12 1 9 12 8 9 12 1 10 12 1 10 12 1 9 12 1 8 9 12 1 9 12 8 9 12 1 10 12 1 10 12 1 9 12 1 8 9 12 1 9 12 8 9 12 1 10 12 1 10 12 1 9 12 1 1 100 1 10 12 1 7 1 10 10 12 1 1 10 12 100 1 10 10 12 1 100 1 10 10 12 1 100 1 10 10 12 1 10 12 1 10 7 12 1 1 1 9 7 12 1 1 1 10 7 12 1 1 1 10 12 1 1 18 12 1 1 10 12 1 1 10 12 1 10 12 10 12 10 12 1 1 10 12 1 10 10 10 12 1 10 10 12 1 10 10 12 1 10 12 1 10 12 1 10 12 1 10 12 1 10 12 1 6 0 10 12 1 10 12 1 10 12 1 10 12 1 10 12 1 10 12 1 10 12 1 1 9 12 1 10 12 10 10 12 10 12 1 1 10 12 10 12 1 10 10 12 1 10 12 1 1 10 12 1 1 7 1 10 10 12 1 6 0 9 12 1 1 10 12 10 12 1 1 10 12 10 12 1 1 10 12 1 1 10 12 1 10 12 1 9 12 1 1 10 12 1 1 9 12 1 10 12 1 9 12 1 10 12 1 10 12 1 10 12 1 1 10 12 1 1 10 12 1 10 12 1 10 12 1 10 12 1 1 7 1 10 12 1 10 12 1 1 10 10 10 12 1 1 9 12 1 10 12 1 10 12 1 10 12 1 10 12 1 1 9 12 1 1 10 12 1 1 9 12 1 10 12 1 1 10 12 1 1 9 12 1 10 12 1 9 12 1 10 12 1 9 12 1 10 12 1 1 10 12 1 1 10 12 1 10 12 1 1 100 1 4 10 12 1 10 12 1 1 10 10 100 12 1 1 1 10 100 12 1 1 10 12 10 12 1 10 12 1 10 12 1 1 10 12 1 1 11 7 1 10 10 100 12 1 1 1 10 12 1 1 10 12 1 1 10 12 1 10 12 1 7 1 10 12 1 1 10 10 12 1 10 12 1 10 12 1 100 1 10 10 12 1 10 9 7 12 1 1 10 100 12 1 1 10 10 12 1 10 10 12 1 10 10 12 1 10 10 12 1 10 12 1 10 12 1 10 12 1 10 12 1 10 12 1 10 12 1 10 12 1 10 12 1 6 0 10 12 1 1 10 9 7 12 1 1 10 12 1 1 10 7 12 1 1 1 11 12 1 10 12 1 1 9 12 1 10 12 1 10 12 1 10 12 1 10 12 1 10 12 1 10 12 1 10 12 1 10 12 1 10 12 1 10 12 1 1 10 7 12 1 1 1 10 12 1 1 7 1 10 12 1 4 4 10 12 1 10 12 1 10 12 1 10 12 1 1 10 12 1 10 12 1 10 12 1 9 100 12 1 1 1 10 12 1 1 9 12 1 10 12 1 1 10 12 1 1 10 12 1 10 12 1 1 9 7 12 1 1 1 10 12 1 1 10 7 12 1 1 1 10 12 1 1 10 12 1 1 10 10 10 10 10 10 10 10 12 1 1 10 10 12 1 1 10 7 12 1 1 1 9 12 1 1 10 12 1 9 12 1 10 12 1 100 1 10 12 1 100 1 10 12 1 11 12 1 1 10 12 1 1 10 12 1 7 1 10 10 12 1 1 1 1 1 1 1 1 1 1 1 1 1 1 1 1 1 1 1 1 1 1 1 1 1 1 1 1 1 1 1 1 100 1 1 1 1 1 1 1 1 1 1 1 1 1 1 1 1 1 1 1 1 1 1 1 1 1 1 1 1 1 1 1 1 1 1 1 1 1 1 1 1 1 1 1 1 1 1 1 1 1 1 1 1 1 1 1 1 1 1 1 1 1 1 1 1 1 1 1 1 1 1 1 1 1 1 1 1 1 1 100 1 1 1 1 1 1 1 1 1 1 1 1 1 1 1 1 100 1 100 1 100 1 100 1 100 1 100 1 100 1 100 1 100 1 100 1 100 1 100 1 100 1 100 1 100 1 1 15 10 7 12 1 1 1 16 15 10 12 16 1 16 15 10 12 15 10 100 12 1 1 8 1 1 1 1 1 1 1 1 100 1 1 100 1 100 1 1
instanceKlass javafx/scene/layout/StackPane
instanceKlass javafx/scene/control/PopupControl$CSSBridge
instanceKlass javafx/scene/text/TextFlow
instanceKlass javafx/scene/layout/HBox
instanceKlass javafx/scene/layout/VBox
instanceKlass javafx/scene/layout/FlowPane
instanceKlass javafx/scene/layout/BorderPane
ciInstanceKlass javafx/scene/layout/Pane 1 1 87 10 7 12 1 1 1 11 7 12 1 1 1 11 12 1 1 10 12 1 1 10 100 12 1 1 1 10 12 1 1 11 12 1 10 7 12 1 1 10 7 12 1 1 1 10 100 12 1 1 1 11 100 12 1 1 1 10 7 1 10 10 12 1 1 1 1 1 1 1 1 1 1 1 1 1 1 1 1 1 1 1 1 1 100 1 1
instanceKlass javafx/scene/Scene$2$1
ciInstanceKlass javafx/scene/Scene 1 1 2499 7 1 6 0 9 7 12 1 1 1 9 7 12 1 1 1 10 12 1 1 10 7 12 1 1 1 10 12 1 1 10 7 12 1 1 1 10 100 12 1 1 1 8 1 10 12 1 1 10 7 12 1 1 9 12 1 1 9 12 1 9 12 1 1 7 1 10 7 12 1 1 1 9 12 1 1 10 7 12 1 1 1 9 12 1 1 7 1 10 12 1 9 12 1 1 9 12 1 1 7 1 10 9 12 1 1 7 1 10 9 12 1 1 9 12 1 1 7 1 10 9 12 1 1 9 12 1 9 12 1 9 12 1 7 1 10 9 12 1 1 9 12 1 1 9 12 1 1 9 12 1 1 9 12 1 7 1 10 9 12 1 1 18 12 1 1 9 12 1 1 9 12 1 7 1 10 9 12 1 1 7 1 10 9 12 1 1 9 12 1 1 7 1 10 9 12 1 1 9 12 1 9 12 1 100 1 8 1 10 12 9 7 12 1 1 1 10 7 12 1 1 1 8 1 10 12 1 10 12 1 1 10 12 1 10 12 1 1 18 12 1 1 9 7 12 1 1 1 10 12 1 1 9 7 12 1 1 9 12 1 9 12 1 9 12 1 10 7 12 1 1 9 12 1 100 1 8 1 10 12 1 9 12 1 1 9 12 1 9 12 1 1 10 12 1 7 1 10 100 12 1 1 1 10 12 1 1 9 7 12 1 1 1 9 7 12 1 1 9 7 12 1 1 1 10 12 1 1 10 12 1 10 12 1 10 12 1 8 1 9 12 1 100 1 10 11 100 12 1 1 1 11 12 1 9 12 1 10 12 1 1 10 7 12 1 1 9 12 1 1 10 12 1 1 7 1 10 12 1 1 7 1 10 9 12 1 10 10 12 1 1 10 7 12 1 1 1 9 12 1 10 100 12 1 1 8 1 10 7 12 1 1 10 12 1 1 10 12 1 10 12 1 11 7 12 1 1 1 8 1 7 1 10 11 7 12 1 1 1 7 1 10 11 12 1 1 8 1 10 12 1 11 12 1 10 12 1 1 10 12 1 1 11 12 1 10 12 1 1 10 7 12 1 1 1 10 7 1 7 1 11 12 1 1 11 12 1 8 1 10 12 1 1 7 1 10 10 12 1 1 7 1 10 10 12 1 1 8 1 8 1 10 12 1 9 12 1 1 10 12 1 10 12 1 10 100 12 1 1 11 8 1 10 12 1 1 10 7 12 1 1 9 12 1 1 10 12 1 10 12 1 8 10 12 1 10 12 1 9 12 1 8 10 12 1 9 12 1 7 1 10 10 12 1 9 12 1 7 1 10 10 12 1 10 12 1 1 10 7 1 9 12 1 10 100 1 10 10 12 1 100 1 9 12 1 1 7 1 10 10 12 1 10 12 1 10 12 1 10 12 1 10 12 1 9 12 1 1 10 12 1 10 12 1 9 12 1 10 12 1 9 12 1 7 1 7 1 10 12 1 10 12 1 9 12 1 7 1 10 11 12 1 10 12 1 10 12 1 10 12 1 10 12 1 11 12 1 11 12 1 10 12 1 11 12 1 100 1 10 10 100 12 1 1 1 10 12 1 10 12 1 1 100 1 10 12 1 10 10 9 12 9 12 9 12 9 12 9 12 1 1 9 10 9 12 1 9 12 1 1 10 12 1 10 12 1 9 12 1 9 12 1 11 12 1 11 12 1 1 100 1 11 12 1 100 1 10 10 12 1 1 11 100 12 1 1 1 9 12 1 10 12 1 1 11 12 1 1 10 12 1 9 100 12 1 1 10 12 1 1 9 12 1 1 9 12 1 9 12 1 9 12 1 18 12 1 1 10 12 1 18 12 1 1 10 12 1 8 1 18 12 1 10 12 1 1 10 12 1 9 12 1 100 1 100 1 10 10 12 1 1 100 1 8 10 12 1 100 1 10 12 1 10 12 1 10 12 1 10 12 1 10 12 1 1 18 12 1 1 7 1 10 9 12 1 1 7 1 10 9 12 1 1 18 10 12 1 10 12 1 10 12 1 10 12 1 10 12 1 1 10 7 1 10 12 1 10 12 1 10 12 1 10 12 1 10 10 12 1 8 1 10 12 1 1 10 12 1 1 10 12 1 9 100 12 1 1 1 10 12 1 10 12 1 10 12 1 10 12 1 1 10 12 1 10 12 1 10 12 1 10 12 1 1 10 12 1 1 10 12 1 10 12 1 1 10 12 1 6 0 10 12 1 6 0 10 12 1 1 10 7 12 1 1 100 1 9 12 1 10 12 1 10 100 12 1 1 1 10 100 12 1 1 1 9 100 12 1 1 9 100 12 1 1 9 100 12 1 1 9 12 1 1 9 12 1 10 12 1 10 100 1 100 1 10 12 1 1 10 9 12 1 9 12 1 9 12 1 100 1 10 12 1 10 12 1 10 12 9 12 1 1 10 12 1 10 12 1 9 12 1 10 100 12 1 1 1 10 100 12 1 1 1 9 100 12 1 1 1 10 12 1 1 10 100 12 1 1 9 12 1 9 12 1 9 12 1 10 100 12 1 1 1 10 12 1 10 12 1 10 12 1 10 12 1 10 12 1 10 12 1 10 12 1 10 100 12 1 1 11 100 12 1 1 1 9 12 1 1 11 12 1 7 1 100 1 6 0 6 0 10 12 1 10 12 1 1 10 12 1 10 12 1 7 1 10 12 1 1 9 100 12 1 1 1 10 12 1 1 10 12 1 1 10 7 12 1 1 10 12 1 10 12 1 1 10 12 1 7 1 9 12 9 12 9 12 1 10 12 1 10 12 1 10 12 1 1 10 12 1 1 10 12 1 1 10 7 12 1 1 1 10 12 1 10 12 1 10 12 1 9 12 1 9 12 1 10 12 1 1 10 12 1 9 100 12 1 1 1 10 12 1 1 10 12 1 1 10 7 12 1 1 1 10 7 12 1 1 10 12 1 1 10 100 12 1 1 1 10 7 12 1 1 1 10 12 1 9 100 12 1 1 1 9 100 12 1 1 1 10 10 100 12 1 1 1 10 12 1 1 10 12 1 1 10 12 1 10 10 9 12 1 1 10 12 1 11 12 1 10 9 12 1 10 7 12 1 10 12 1 10 12 1 10 12 1 11 12 1 10 12 1 9 12 1 1 9 100 12 1 10 12 1 10 10 12 1 10 10 12 1 11 9 12 1 10 12 1 1 11 12 1 1 11 12 1 1 10 12 1 10 12 1 7 1 10 12 1 9 12 1 10 12 1 1 10 7 12 1 1 10 12 1 10 10 12 1 10 12 1 9 12 1 1 10 12 1 7 1 8 10 12 1 10 10 12 1 1 10 12 1 10 12 1 10 12 1 1 10 12 1 11 7 12 1 1 1 10 12 1 1 10 12 1 9 12 1 100 1 100 1 10 10 12 1 9 12 1 100 1 10 10 12 1 9 12 1 100 1 10 10 12 1 9 12 1 100 1 10 10 12 1 9 12 1 100 1 10 10 12 1 9 12 1 100 1 10 10 12 1 9 12 1 100 1 10 10 12 1 9 12 1 100 1 10 10 12 1 9 12 1 100 1 10 10 12 1 9 12 1 100 1 10 10 12 1 9 12 1 100 1 10 10 12 1 9 12 1 100 1 10 10 12 1 9 12 1 100 1 10 10 12 1 9 12 1 100 1 10 10 12 1 9 12 1 100 1 10 10 12 1 9 12 1 100 1 10 10 12 1 9 12 1 100 1 10 10 12 1 9 12 1 100 1 10 10 12 1 9 12 1 100 1 10 10 12 1 9 12 1 100 1 10 10 12 1 9 12 1 100 1 10 10 12 1 9 12 1 100 1 10 10 12 1 9 12 1 100 1 10 10 12 1 9 12 1 100 1 10 10 12 1 9 12 1 100 1 10 10 12 1 9 12 1 100 1 10 10 12 1 9 12 1 100 1 10 10 12 1 9 12 1 100 1 10 10 12 1 9 12 1 100 1 10 10 12 1 9 12 1 100 1 10 10 12 1 9 12 1 100 1 10 10 12 1 9 12 1 100 1 10 10 12 1 9 12 1 100 1 10 10 12 1 9 12 1 100 1 10 10 12 1 9 12 1 100 1 10 10 12 1 1 10 12 1 1 9 12 1 1 9 100 12 1 1 100 1 8 1 10 100 1 10 100 12 1 1 1 11 12 1 1 11 100 12 1 1 11 12 1 11 100 1 10 12 1 1 8 1 10 12 1 8 1 10 12 1 9 12 1 100 1 10 10 12 1 9 12 1 100 1 10 10 12 1 9 12 1 100 1 10 10 12 1 9 12 1 100 1 10 9 12 1 1 10 100 12 1 1 1 11 100 1 10 12 1 9 12 1 11 11 12 10 12 1 9 12 1 9 12 1 1 7 1 100 1 10 12 1 9 12 1 10 12 1 1 9 12 1 1 100 1 10 10 12 1 9 12 1 10 12 1 10 12 1 10 12 1 10 12 1 7 1 10 12 1 10 10 12 1 9 12 1 9 12 1 11 12 1 1 11 100 1 11 12 1 11 12 1 9 9 12 1 1 8 1 10 100 12 1 1 8 1 11 10 100 12 1 1 1 10 12 1 1 100 1 10 10 12 1 10 12 1 1 10 100 1 8 1 10 7 12 1 1 1 10 12 1 10 12 100 1 10 12 1 11 100 12 1 1 100 1 7 1 8 1 10 12 1 1 18 12 1 10 12 1 1 11 100 12 1 8 1 11 10 12 1 7 1 10 10 12 1 1 7 1 10 10 7 12 1 1 9 12 1 18 12 1 10 12 1 10 12 1 9 12 1 1 1 1 1 1 3 1 3 1 1 1 1 1 1 1 1 1 1 1 1 1 1 1 1 1 1 1 1 1 1 1 1 1 1 1 1 1 1 1 1 1 1 1 1 1 1 1 1 1 1 1 1 1 1 1 1 1 1 1 1 1 1 1 1 1 1 1 1 1 1 1 1 1 1 1 1 1 1 1 1 1 1 1 1 1 1 1 1 1 1 1 1 1 1 1 1 1 1 1 1 1 1 1 1 1 1 1 100 100 1 1 1 1 1 1 1 1 1 1 1 1 1 1 1 1 1 1 1 1 1 100 1 1 1 1 1 1 1 1 1 1 1 1 1 1 1 1 1 1 1 1 1 1 1 1 1 1 1 1 1 1 1 1 1 1 1 1 1 1 1 1 1 1 1 1 1 1 1 1 1 1 1 1 1 1 1 1 1 1 1 1 1 1 1 1 1 1 1 1 1 1 1 1 1 1 1 1 1 1 1 1 1 1 1 1 1 1 1 1 1 1 1 1 1 1 1 1 1 1 1 1 1 1 1 1 1 1 1 1 1 1 1 1 1 1 1 1 1 1 1 1 1 1 1 1 1 1 1 1 1 1 1 1 1 1 1 1 1 1 1 1 1 1 1 1 1 1 1 1 1 1 1 1 1 1 1 1 100 1 100 1 100 1 100 1 100 1 1 15 10 7 12 1 1 1 16 15 10 12 16 15 10 12 16 16 15 10 12 15 10 12 15 10 12 15 10 100 12 1 1 8 1 8 1 16 15 10 12 16 1 15 10 12 16 1 1 1 1 1 1 1 1 1 1 1 1 1 1 1 1 1 1 1 1 1 100 1 1 100 1 1 100 1 1 1 1 100 1 100 1 1
staticfield javafx/scene/Scene trackerMonitor Ljava/lang/Object; java/lang/Object
staticfield javafx/scene/Scene USER_DATA_KEY Ljava/lang/Object; java/lang/Object
staticfield javafx/scene/Scene defaultNodeOrientation Ljavafx/geometry/NodeOrientation; javafx/geometry/NodeOrientation
staticfield javafx/scene/Scene $assertionsDisabled Z 1
instanceKlass javafx/scene/control/ListView$1
instanceKlass javafx/scene/control/ScrollBar$1
instanceKlass javafx/scene/layout/StackPane$1
instanceKlass javafx/scene/shape/Shape$StrokeAttributes$8
instanceKlass javafx/scene/shape/Shape$StrokeAttributes$3
instanceKlass javafx/scene/shape/Shape$StrokeAttributes$1
instanceKlass javafx/scene/shape/Shape$StrokeAttributes$4
instanceKlass javafx/scene/control/skin/TextInputControlSkin$10
instanceKlass javafx/scene/control/skin/TextInputControlSkin$9
instanceKlass javafx/scene/control/skin/TextInputControlSkin$8
instanceKlass javafx/scene/control/skin/TextInputControlSkin$7
instanceKlass javafx/scene/Node$MiscProperties$10
instanceKlass javafx/scene/Node$MiscProperties$7
instanceKlass javafx/css/SimpleStyleableObjectProperty
instanceKlass javafx/scene/text/Text$TextAttribute$1
instanceKlass javafx/scene/text/Text$TextAttribute$4
instanceKlass javafx/scene/Scene$51
instanceKlass javafx/scene/layout/FlowPane$6
instanceKlass javafx/scene/layout/FlowPane$1
instanceKlass javafx/scene/layout/FlowPane$7
instanceKlass javafx/scene/layout/FlowPane$5
instanceKlass javafx/scene/control/ScrollPane$2
instanceKlass javafx/scene/control/ScrollPane$1
instanceKlass javafx/scene/control/TextField$3
instanceKlass javafx/scene/control/TextInputControl$2
instanceKlass javafx/scene/control/Separator$3
instanceKlass javafx/scene/control/Separator$2
instanceKlass javafx/scene/control/Separator$1
instanceKlass javafx/scene/text/Text$7
instanceKlass javafx/scene/text/Text$9
instanceKlass javafx/scene/text/Text$6
instanceKlass javafx/scene/shape/Shape$4
instanceKlass javafx/scene/shape/Shape$2
instanceKlass javafx/scene/control/Labeled$12
instanceKlass javafx/scene/control/Labeled$11
instanceKlass javafx/scene/control/Labeled$3
instanceKlass javafx/scene/control/Labeled$2
instanceKlass javafx/scene/control/Labeled$14
instanceKlass javafx/scene/control/Labeled$6
instanceKlass javafx/scene/control/Labeled$1
instanceKlass javafx/scene/control/Labeled$7
instanceKlass javafx/scene/control/Control$2
instanceKlass javafx/scene/layout/HBox$2
instanceKlass javafx/scene/layout/VBox$2
instanceKlass javafx/scene/layout/Region$ShapeProperty
instanceKlass javafx/scene/layout/Region$6
instanceKlass javafx/scene/layout/Region$5
instanceKlass javafx/scene/layout/Region$4
instanceKlass javafx/scene/layout/Region$3
instanceKlass javafx/scene/Node$8
instanceKlass javafx/scene/Node$14
ciInstanceKlass javafx/css/StyleableObjectProperty 1 1 62 10 7 12 1 1 1 9 7 12 1 1 1 10 12 1 10 12 1 10 12 1 1 9 7 12 1 1 10 100 1 1 1 1 1 1 1 1 1 1 1 1 1 1 1 100 1 8 1 1 12 10 1 1 1 8 1 1 1 8 1 1
ciInstanceKlass javafx/scene/layout/Region$4 1 1 145 9 7 12 1 1 1 10 7 12 1 1 1 9 12 1 1 8 1 9 100 12 1 1 1 10 12 1 1 7 1 10 12 1 1 10 12 1 1 10 7 1 10 7 12 1 1 1 9 7 12 1 1 1 10 7 12 1 1 1 10 12 1 1 11 7 12 1 1 1 11 7 12 1 1 1 11 12 1 100 1 9 12 1 1 10 100 12 1 1 1 11 100 12 1 1 1 10 100 12 1 1 1 10 12 1 1 10 12 1 9 7 12 1 1 1 10 12 1 1 9 12 1 1 1 1 1 1 1 1 1 1 1 1 1 1 1 1 1 1 1 1 1 1 1
ciInstanceKlass javafx/scene/layout/Region$MinPrefMaxProperty 1 1 47 9 7 12 1 1 1 10 7 12 1 1 1 9 12 1 1 9 12 1 1 10 7 12 1 1 1 1 1 1 1 1 1 1 1 1 1 1 1 1 1 1 1 1 1 1 1
ciInstanceKlass javafx/scene/Node$ReadOnlyObjectWrapperManualFire 1 1 35 9 7 12 1 1 1 10 7 12 1 1 1 8 1 10 12 1 1 1 1 1 1 1 1 1 1 1 1 1 1 7 1 1 1
ciInstanceKlass javafx/geometry/Orientation 1 1 46 7 1 9 12 1 1 9 12 1 9 12 1 1 10 7 12 1 1 10 7 12 1 1 1 10 12 1 1 8 10 8 10 12 1 1 1 1 1 1 1 1 1 1 1 1
staticfield javafx/geometry/Orientation HORIZONTAL Ljavafx/geometry/Orientation; javafx/geometry/Orientation
staticfield javafx/geometry/Orientation VERTICAL Ljavafx/geometry/Orientation; javafx/geometry/Orientation
staticfield javafx/geometry/Orientation $VALUES [Ljavafx/geometry/Orientation; 2 [Ljavafx/geometry/Orientation;
ciInstanceKlass javafx/scene/control/Label 1 1 146 10 7 12 1 1 1 18 12 1 1 9 7 12 1 1 1 10 12 1 10 12 1 10 12 1 10 12 1 1 7 1 8 1 11 7 12 1 1 1 9 7 12 1 1 1 10 12 1 1 10 12 1 1 7 1 9 7 12 1 1 1 11 12 1 1 9 12 1 1 7 1 10 12 1 10 12 1 1 10 100 12 1 1 1 10 12 1 1 100 1 7 1 10 10 100 12 1 1 1 10 100 12 1 1 1 1 1 1 1 1 1 1 1 1 1 1 1 1 1 1 1 1 1 1 1 1 15 10 7 12 1 1 1 16 1 15 10 12 16 1 100 1 100 1 1
instanceKlass javafx/scene/control/ListView
instanceKlass javafx/scene/control/ComboBoxBase
instanceKlass javafx/scene/control/ScrollBar
instanceKlass javafx/scene/control/ScrollPane
instanceKlass javafx/scene/control/Separator
instanceKlass javafx/scene/control/Labeled
instanceKlass javafx/scene/control/TextInputControl
ciInstanceKlass javafx/scene/control/Control 1 1 570 10 7 12 1 1 1 10 7 12 1 1 1 10 12 1 1 7 1 10 100 12 1 1 1 10 12 1 10 100 12 1 1 1 10 12 1 9 12 1 1 10 12 1 1 10 7 12 1 1 1 10 12 1 1 7 1 9 12 1 100 1 10 12 1 1 10 12 1 10 12 1 100 1 9 12 1 100 1 10 7 12 1 1 7 1 10 7 1 8 10 12 1 10 7 12 1 1 9 12 1 1 9 12 1 1 10 12 1 1 7 1 9 7 12 1 1 1 11 12 1 1 9 7 12 1 1 1 9 12 1 1 10 12 1 1 9 12 1 1 10 12 1 1 10 12 1 10 12 1 10 12 1 10 7 12 1 1 1 10 12 1 1 10 100 12 1 1 1 10 12 1 10 12 1 10 12 1 10 12 1 10 12 1 10 12 1 10 12 1 10 12 1 10 12 1 10 12 1 10 12 1 1 10 12 1 10 12 1 10 12 1 10 12 1 10 12 1 10 12 1 1 10 12 1 9 12 1 100 1 10 10 12 1 1 11 12 1 9 12 1 1 7 1 10 10 100 12 1 1 1 10 12 1 1 18 12 1 1 10 100 12 1 1 100 1 10 12 1 11 7 12 1 1 1 10 100 12 1 1 1 10 100 12 1 1 10 12 1 1 10 12 1 1 18 12 1 10 12 1 1 10 100 12 1 1 1 100 1 18 12 1 10 12 1 1 11 100 1 18 10 12 1 1 18 10 12 1 1 10 12 1 100 1 10 9 7 12 1 1 1 9 12 1 7 1 10 10 12 1 1 11 12 1 1 11 12 1 1 7 1 10 12 1 11 7 12 1 1 1 10 12 1 7 1 10 11 12 1 1 11 12 1 1 10 12 1 10 12 1 1 10 12 1 18 9 100 12 1 1 1 10 100 12 1 1 10 12 1 10 12 1 1 8 1 10 12 1 10 12 1 1 10 10 12 1 1 10 10 12 1 10 12 1 10 12 1 1 10 12 1 10 12 1 10 12 1 1 10 12 1 10 12 1 7 1 10 10 12 1 1 10 7 12 1 1 10 7 12 1 1 18 12 1 1 1 1 1 1 1 1 1 1 1 1 1 1 1 1 1 1 1 1 1 1 1 1 1 1 1 1 1 1 1 1 1 100 1 1 1 100 1 1 1 1 1 1 1 1 1 1 1 1 100 1 1 15 10 100 12 1 1 8 1 8 1 8 1 8 1 8 1 8 1 15 10 7 12 1 1 1 16 1 15 10 12 16 1 100 1 1 1 100 1 1 100 1 100 1 1
staticfield javafx/scene/control/Control contextMenuHandler Ljavafx/event/EventHandler; javafx/scene/control/Control$$Lambda$200+0x0000000800d84d88
staticfield javafx/scene/control/Control $assertionsDisabled Z 1
instanceKlass javafx/scene/control/Cell
instanceKlass javafx/scene/control/ButtonBase
instanceKlass javafx/scene/control/Label
ciInstanceKlass javafx/scene/control/Labeled 1 1 462 10 7 12 1 1 1 9 7 12 1 1 1 10 12 1 1 10 12 1 1 100 1 11 12 1 1 9 12 1 1 7 1 8 8 1 10 12 1 10 12 1 1 10 7 12 1 1 10 12 1 1 9 12 1 1 7 1 9 7 12 1 1 1 10 12 1 10 12 1 10 7 12 1 1 1 10 12 1 1 9 12 1 7 1 9 7 12 1 1 1 10 12 1 10 12 1 10 12 10 12 9 12 1 7 1 9 7 12 1 1 1 10 12 1 10 12 1 9 12 1 7 1 8 1 10 12 1 10 12 1 10 10 7 1 9 12 1 1 7 1 10 12 1 10 12 1 1 10 7 12 1 1 1 10 7 12 1 1 10 12 1 10 12 1 1 10 12 1 9 7 12 1 1 1 9 12 1 7 1 10 7 12 1 1 1 10 12 1 10 12 1 9 12 1 7 1 10 100 1 100 1 10 9 12 1 7 1 10 12 1 10 12 1 9 12 1 1 7 1 10 12 1 10 12 1 1 10 7 12 1 1 10 7 12 1 1 10 12 1 10 12 1 1 9 12 1 7 1 9 7 12 1 1 10 12 1 10 12 1 10 12 1 9 12 1 7 1 9 7 12 1 1 1 10 12 1 9 12 1 7 1 6 0 10 10 12 1 10 12 1 9 12 1 9 7 12 1 1 1 7 1 7 1 10 12 1 10 12 1 10 12 1 9 12 1 10 12 7 1 8 10 12 1 100 1 10 12 1 10 12 8 1 10 12 1 1 10 12 1 10 9 7 12 1 1 1 10 12 1 1 1 1 1 1 1 1 1 1 1 1 1 1 1 1 1 1 1 1 1 1 1 1 1 1 1 1 1 1 1 1 1 1 1 1 1 1 1 1 1 1 1 1 1 1 1 1 1 1 1 1 1 1 1 1 1 1 1 1 1 1 1 1 1 1 1 1 1 1 1 1 1 1 1 1 1 1 1 1 1 1 1 1 1 100 1 100 1 100 1 100 1 100 1 100 1 100 1 100 1 100 1 100 1 100 1 100 1 100 1 1 1
ciInstanceKlass javafx/scene/control/Button 1 1 129 10 7 12 1 1 1 10 7 12 1 1 10 12 1 10 12 1 10 12 1 1 7 1 8 1 11 7 12 1 1 1 9 7 12 1 1 1 10 12 1 1 10 12 1 1 10 12 1 1 10 7 12 1 1 9 12 1 1 10 12 1 1 7 1 10 12 1 10 12 1 9 12 1 7 1 10 10 12 1 7 1 10 10 12 1 1 7 1 10 12 1 8 1 10 7 12 1 1 1 9 12 1 1 8 1 9 12 1 1 1 1 1 1 1 1 1 1 1 1 1 1 1 1 1 1 1 1 1
staticfield javafx/scene/control/Button PSEUDO_CLASS_DEFAULT Ljavafx/css/PseudoClass; com/sun/javafx/css/PseudoClassImpl
staticfield javafx/scene/control/Button PSEUDO_CLASS_CANCEL Ljavafx/css/PseudoClass; com/sun/javafx/css/PseudoClassImpl
ciInstanceKlass javafx/scene/layout/VBox 1 1 400 7 1 8 1 10 12 1 1 10 12 1 1 7 1 8 1 7 1 10 12 1 1 10 12 1 1 10 7 12 1 1 1 9 12 1 1 10 10 12 1 1 10 12 1 1 11 100 12 1 1 1 9 12 1 1 7 1 10 12 1 10 12 1 1 10 7 12 1 1 10 12 1 1 9 12 1 1 7 1 9 7 12 1 1 1 10 12 1 10 12 1 1 10 7 12 1 1 10 12 1 10 12 1 1 9 12 1 1 100 1 10 12 1 10 12 1 1 10 100 12 1 1 10 12 1 9 12 1 1 10 12 1 1 11 7 12 1 1 1 11 7 12 1 1 11 12 1 7 1 10 12 1 1 9 7 12 1 1 10 12 1 1 6 0 10 10 12 1 1 10 12 1 1 9 12 1 1 10 12 1 1 10 12 1 10 12 1 10 12 1 1 10 12 1 10 12 1 10 12 1 10 12 1 1 10 12 1 10 12 1 10 12 11 12 1 1 10 12 1 1 10 12 1 11 12 1 10 12 1 1 10 12 1 1 10 12 1 10 12 1 1 10 12 1 9 12 1 1 10 12 1 1 9 12 1 10 12 1 1 10 12 1 10 12 1 10 7 12 1 1 1 10 7 12 1 1 10 12 1 10 12 1 10 12 1 10 12 1 10 12 1 10 12 1 10 12 1 1 10 12 1 1 10 12 1 1 10 12 1 1 9 12 1 1 7 10 12 1 1 9 7 12 1 1 1 10 12 1 18 12 1 1 1 1 1 1 1 1 1 1 1 1 1 1 1 1 1 1 1 1 1 1 1 1 1 1 100 1 1 1 1 100 1 100 1 1 1 1 1 1 1 1 100 1 100 1 100 1 1 15 10 7 12 1 1 1 16 1 15 10 12 16 1 1 100 1 100 1 1
staticfield javafx/scene/layout/VBox marginAccessor Ljavafx/util/Callback; javafx/scene/layout/VBox$$Lambda$187+0x0000000800d5ac90
ciInstanceKlass javafx/scene/layout/HBox 1 1 483 7 1 8 1 10 12 1 1 10 12 1 1 7 1 8 1 7 1 10 12 1 1 10 12 1 1 10 7 12 1 1 1 9 12 1 1 7 1 6 0 9 12 1 1 9 12 1 9 12 1 10 10 12 1 1 10 12 1 1 11 100 12 1 1 1 9 12 1 1 7 1 10 12 1 10 12 1 1 10 7 12 1 1 10 12 1 1 9 12 1 1 7 1 9 7 12 1 1 1 10 12 1 10 12 1 1 10 7 12 1 1 10 12 1 10 12 1 1 9 12 1 1 100 1 10 12 1 10 12 1 1 10 100 12 1 1 10 12 1 10 12 1 10 12 1 10 12 1 1 9 7 12 1 1 1 9 12 1 1 10 12 1 1 11 7 12 1 1 1 11 7 12 1 1 11 12 1 7 1 10 12 1 1 9 100 12 1 1 10 12 1 1 10 12 1 10 12 1 1 10 12 1 1 10 12 1 6 0 10 10 12 1 1 10 12 1 1 9 12 1 1 10 12 1 1 10 12 1 10 12 1 10 12 1 10 12 1 10 12 1 10 12 11 12 1 1 10 12 1 1 10 12 1 11 12 1 10 12 1 1 10 12 1 10 12 1 1 10 12 1 10 12 1 10 12 1 1 10 12 1 9 12 1 1 10 12 1 1 9 12 1 10 12 1 1 10 12 1 10 12 1 10 7 12 1 1 1 10 7 12 1 1 10 12 1 10 12 1 10 12 1 10 12 1 1 10 12 1 10 12 11 12 1 6 0 10 12 1 10 12 1 1 10 100 12 1 1 10 12 1 1 10 12 1 10 12 1 1 10 12 1 10 12 1 10 12 1 1 18 12 1 1 10 12 1 1 10 12 1 1 9 12 1 1 7 10 12 1 9 7 12 1 1 1 10 12 1 10 100 12 1 1 10 12 1 1 18 12 1 1 1 1 1 1 1 1 1 1 1 1 1 1 1 1 1 1 1 1 1 1 1 1 1 1 100 1 1 1 1 100 1 1 1 1 1 1 1 1 1 1 100 1 100 1 100 1 1 15 10 7 12 1 1 1 16 1 15 10 12 16 1 15 10 12 16 1 1 100 1 100 1 1
staticfield javafx/scene/layout/HBox marginAccessor Ljavafx/util/Callback; javafx/scene/layout/HBox$$Lambda$188+0x0000000800d5cc50
ciInstanceKlass javafx/scene/control/Skin 1 1 19 100 1 100 1 1 1 1 1 1 1 1 1 1 1 1 1 1 1
ciInstanceKlass javafx/scene/control/Labeled$6 1 1 87 9 7 12 1 1 1 10 7 12 1 1 1 9 12 1 1 10 12 1 1 100 1 10 12 1 1 7 1 10 12 1 1 10 12 1 10 7 12 1 1 1 10 12 1 1 9 100 12 1 1 1 8 1 10 12 1 10 12 1 1 1 1 1 100 1 1 1 1 1 1 1 1 1 1 1 1 1 1 100 1 12 1 1 1 1 1
ciInstanceKlass javafx/scene/control/Labeled$14 1 1 44 9 7 12 1 1 1 10 7 12 1 1 1 9 100 12 1 1 1 8 1 1 1 1 1 1 1 1 1 1 1 1 1 1 1 1 100 1 12 1 1 1 1 1
ciInstanceKlass javafx/scene/control/Labeled$10 1 1 43 9 7 12 1 1 1 10 7 12 1 1 1 9 100 12 1 1 1 8 1 1 1 1 1 1 1 1 1 1 1 1 1 1 1 100 1 12 1 1 1 1 1
ciInstanceKlass javafx/scene/control/ContextMenu 1 1 251 10 7 12 1 1 1 10 7 12 1 1 1 9 12 1 1 7 1 10 12 1 9 12 1 1 7 1 10 9 12 1 1 10 12 1 1 7 1 8 1 11 7 12 1 1 1 10 12 1 1 10 12 1 10 11 12 1 10 12 1 1 10 100 12 1 1 1 10 12 1 1 100 1 10 12 1 11 12 1 1 10 12 1 1 10 100 12 1 1 1 10 100 12 1 1 1 10 12 1 11 12 1 1 10 11 12 1 9 100 12 1 1 1 9 100 12 1 1 9 12 1 9 12 9 12 1 9 12 1 9 100 12 1 1 9 12 1 9 12 9 12 6 0 10 12 1 1 10 12 1 10 100 12 1 1 1 10 100 12 1 1 1 10 12 1 10 12 1 1 10 12 1 100 1 9 100 12 1 1 1 10 12 1 10 12 1 1 10 12 1 9 12 1 100 1 10 9 12 1 10 12 1 10 12 1 1 10 12 1 1 10 12 9 12 1 1 1 1 1 1 1 1 1 1 1 1 1 1 1 1 1 1 1 1 1 1 1 1 100 1 1 1 1 1 1 1 1 1 1 1
ciInstanceKlass javafx/scene/Scene$3 1 1 58 9 7 12 1 1 1 10 7 12 1 1 1 10 12 1 1 7 1 9 12 1 1 10 7 12 1 1 1 10 12 1 10 12 1 10 12 1 8 1 1 1 1 1 1 1 1 1 1 1 1 1 1 12 1 1 1 1
ciInstanceKlass javafx/scene/Scene$2$1 1 1 39 9 7 12 1 1 1 10 7 12 1 1 1 10 12 1 1 10 12 1 10 12 1 1 1 1 1 1 1 1 1 1 100 1 12 1 1 1 1
ciInstanceKlass com/sun/javafx/scene/layout/ScaledMath 1 1 43 10 100 12 1 1 1 10 7 12 1 1 1 10 7 12 1 1 1 10 12 1 10 12 1 10 12 1 1 10 12 1 100 1 1 1 1 1 1 1 1 1 1
instanceKlass javafx/scene/control/skin/VirtualContainerBase
instanceKlass javafx/scene/control/skin/ComboBoxBaseSkin
instanceKlass javafx/scene/control/skin/ScrollBarSkin
instanceKlass javafx/scene/control/skin/ScrollPaneSkin
instanceKlass javafx/scene/control/skin/TextInputControlSkin
instanceKlass javafx/scene/control/skin/SeparatorSkin
instanceKlass javafx/scene/control/skin/LabeledSkinBase
ciInstanceKlass javafx/scene/control/SkinBase 1 1 357 10 7 12 1 1 1 100 1 8 1 10 12 1 9 7 12 1 1 1 10 7 12 1 1 1 9 12 1 1 10 12 1 1 9 12 1 1 10 7 12 1 1 9 12 1 1 10 7 12 1 1 11 7 12 1 1 1 11 12 1 1 7 1 10 12 1 1 6 0 9 7 12 1 1 1 9 7 12 1 1 10 12 1 1 9 7 12 1 1 1 9 12 1 1 10 12 1 1 10 12 1 10 10 10 12 1 1 10 12 1 1 10 12 1 1 10 12 1 1 10 12 1 1 10 12 1 1 10 12 1 1 10 7 12 1 1 1 10 12 1 10 7 12 1 1 1 10 12 1 1 10 12 1 10 12 1 10 12 1 10 12 1 100 1 6 0 10 12 1 10 12 1 10 12 1 6 0 10 12 1 10 12 1 10 12 1 10 12 1 10 12 1 10 12 1 10 12 1 10 12 1 10 12 1 10 12 1 9 7 12 1 1 1 10 12 1 1 10 12 1 10 7 12 1 1 10 12 1 10 12 1 9 7 12 1 1 1 10 12 1 1 10 12 1 1 10 12 1 1 10 12 1 10 12 1 18 12 1 1 10 12 1 1 18 12 1 1 100 1 1 1 1 1 1 1 1 1 1 1 1 1 1 1 1 1 1 1 1 1 1 1 1 1 1 1 1 1 1 1 1 1 1 1 1 1 1 1 1 1 1 1 1 1 1 1 1 1 1 1 1 1 1 1 1 1 15 10 7 12 1 1 1 16 1 15 10 12 16 16 1 15 10 12 16 1 1 100 1 100 1 1 100 1 100 1 1
staticfield javafx/scene/control/SkinBase mouseEventConsumer Ljavafx/event/EventHandler; javafx/scene/control/SkinBase$$Lambda$310+0x0000000800e0e588
ciInstanceKlass javafx/scene/control/skin/LabelSkin 1 1 60 10 7 12 1 1 1 10 7 12 1 1 1 10 7 12 1 1 1 18 12 1 1 10 12 1 1 10 12 1 1 1 1 1 1 1 1 1 1 1 1 15 10 7 12 1 1 1 16 1 15 10 12 16 1 100 1 100 1 1
ciInstanceKlass javafx/scene/control/skin/ButtonSkin 1 1 273 10 7 12 1 1 1 18 12 1 1 9 7 12 1 1 1 18 9 12 1 18 12 1 1 9 12 1 1 7 1 10 12 1 9 12 1 1 7 1 10 12 1 9 12 1 1 10 7 12 1 1 1 18 12 1 1 10 12 1 1 10 12 1 18 10 12 1 1 18 10 12 1 1 18 10 12 1 10 7 12 1 1 10 12 1 1 10 12 1 1 10 12 1 1 10 12 1 10 12 1 10 12 1 10 12 1 1 10 100 1 10 12 1 1 10 12 1 9 100 12 1 1 1 100 1 100 1 10 12 1 9 12 1 1 10 100 12 1 1 1 11 100 12 1 1 1 100 1 11 12 1 1 11 12 1 11 11 12 1 1 10 12 9 12 1 9 12 1 11 11 10 12 1 1 10 12 1 10 12 1 1 10 100 12 1 1 10 12 1 10 100 12 1 1 1 10 100 12 1 1 1 10 12 1 10 12 1 1 1 1 1 1 1 1 1 1 1 1 1 1 1 1 1 1 1 1 1 1 15 10 7 12 1 1 1 16 15 10 12 15 10 12 16 1 15 10 12 16 16 1 15 10 12 16 15 10 12 15 10 12 15 10 12 1 100 1 1 100 1 100 1 1
ciInstanceKlass javafx/scene/control/skin/ScrollBarSkin$2 1 1 53 9 7 12 1 1 1 10 7 12 1 1 1 9 100 12 1 1 1 10 100 12 1 1 1 10 7 12 1 1 1 100 1 10 12 1 1 10 12 1 1 1 1 1 1 1 1 1 12 1 1 1 1
ciInstanceKlass javafx/scene/control/skin/ScrollBarSkin$3 1 1 53 9 7 12 1 1 1 10 7 12 1 1 1 9 100 12 1 1 1 10 100 12 1 1 1 10 7 12 1 1 1 100 1 10 12 1 1 10 12 1 1 1 1 1 1 1 1 1 12 1 1 1 1
ciInstanceKlass javafx/scene/text/Text$TextAttribute$6$1 1 1 58 9 7 12 1 1 1 10 7 12 1 1 1 7 1 9 7 12 1 1 1 9 7 12 1 1 1 10 7 12 1 1 1 10 12 1 1 10 12 1 1 10 7 12 1 1 1 1 1 1 1 1 1 1 1 1 1 1
ciMethodData javafx/scene/control/Control computeMinWidth (D)D 1 376 orig 80 0 0 0 0 0 0 0 0 0 0 0 0 249 127 0 0 0 0 0 0 0 0 0 0 0 0 0 0 0 0 0 0 0 0 0 0 0 0 0 0 0 0 0 0 0 0 0 0 0 0 0 0 0 0 0 0 0 0 0 0 0 0 0 0 0 0 0 0 0 0 0 0 0 0 0 0 0 0 0 0 data 71 0x40007 0x0 0x138 0x77 0xd0005 0x77 0x0 0x0 0x0 0x0 0x0 0x110005 0x77 0x0 0x0 0x0 0x0 0x0 0x150005 0x77 0x0 0x0 0x0 0x0 0x0 0x190005 0x77 0x0 0x0 0x0 0x0 0x0 0x1c0005 0xa 0x0 0x1e0f0d7c990 0x41 0x1e0f0d7ca40 0x2c 0x210005 0x0 0x0 0x0 0x0 0x0 0x0 0x260007 0x0 0x38 0x0 0x2a0003 0x0 0x50 0x2f0005 0x0 0x0 0x0 0x0 0x0 0x0 0x0 0x0 0x0 0x0 0x0 0x0 0x9 0x3 0x0 0x0 0x0 oops 2 35 javafx/scene/control/skin/LabelSkin 37 javafx/scene/control/skin/ButtonSkin methods 0
ciMethod javafx/beans/value/ObservableValue getValue ()Ljava/lang/Object; 0 0 1 0 -1
ciMethod javafx/beans/binding/ObjectExpression getValue ()Ljava/lang/Object; 518 0 18889 0 96
ciMethod javafx/beans/binding/ObjectExpression get ()Ljava/lang/Object; 0 0 1 0 -1
ciMethod javafx/beans/property/ObjectPropertyBase get ()Ljava/lang/Object; 516 0 125869 0 128
ciMethod javafx/beans/value/ObservableDoubleValue get ()D 0 0 1 0 -1
ciMethod javafx/beans/binding/DoubleExpression get ()D 0 0 1 0 -1
ciMethod javafx/stage/Window getRenderScaleX ()D 536 0 53818 0 0
ciMethod javafx/stage/Window getRenderScaleY ()D 536 0 66990 0 0
ciMethod javafx/beans/property/DoubleProperty get ()D 0 0 1 0 -1
ciMethod javafx/beans/property/DoublePropertyBase get ()D 16426 0 24771 0 128
ciMethod javafx/scene/Node getScene ()Ljavafx/scene/Scene; 516 0 153220 0 192
ciMethod javafx/scene/Node isResizable ()Z 320 0 160 0 -1
ciMethod javafx/scene/Node getContentBias ()Ljavafx/geometry/Orientation; 258 0 129 0 -1
ciMethod javafx/scene/Node minWidth (D)D 120 0 60 0 -1
ciMethod javafx/scene/Node minHeight (D)D 822 0 2290 0 -1
ciMethod javafx/scene/Node maxWidth (D)D 114 0 57 0 -1
ciMethod javafx/scene/Node getBaselineOffset ()D 0 0 1 0 -1
ciMethod javafx/scene/Parent getManagedChildren ()Ljava/util/List; 810 206 3265 0 -1
ciMethod javafx/scene/Parent prefWidth (D)D 604 0 5801 0 -1
ciMethod javafx/scene/Parent minWidth (D)D 1024 0 3863 0 0
ciMethod javafx/scene/Parent computeMinWidth (D)D 0 0 1 0 -1
ciMethod javafx/geometry/Insets getTop ()D 264 0 132 0 -1
ciMethod javafx/geometry/Insets getRight ()D 264 0 132 0 -1
ciMethod javafx/geometry/Insets getBottom ()D 300 0 150 0 -1
ciMethod javafx/geometry/Insets getLeft ()D 306 0 153 0 -1
ciMethod javafx/scene/layout/Region boundedSize (DDD)D 1024 0 6931 0 96
ciMethod javafx/scene/layout/Region _getSnapScaleXimpl (Ljavafx/scene/Scene;)D 522 0 53829 0 352
ciMethod javafx/scene/layout/Region _getSnapScaleYimpl (Ljavafx/scene/Scene;)D 552 0 67001 0 352
ciMethod javafx/scene/layout/Region getSnapScaleX ()D 522 0 58151 0 0
ciMethod javafx/scene/layout/Region getSnapScaleY ()D 546 0 75309 0 0
ciMethod javafx/scene/layout/Region snapSpaceX (DZ)D 772 0 7803 0 -1
ciMethod javafx/scene/layout/Region snapSpaceY (DZ)D 774 0 10104 0 -1
ciMethod javafx/scene/layout/Region snapSizeX (DZ)D 518 0 14117 0 0
ciMethod javafx/scene/layout/Region snapSizeY (DZ)D 518 0 28801 0 0
ciMethod javafx/scene/layout/Region isSnapToPixel ()Z 290 0 145 0 0
ciMethod javafx/scene/layout/Region getInsets ()Ljavafx/geometry/Insets; 516 0 9758 0 -1
ciMethod javafx/scene/layout/Region updateSnappedInsets ()V 300 0 632 0 0
ciMethod javafx/scene/layout/Region getMinWidth ()D 1024 0 5429 0 0
ciMethod javafx/scene/layout/Region getPrefWidth ()D 596 0 5801 0 -1
ciMethod javafx/scene/layout/Region getMaxWidth ()D 1024 0 5049 0 0
ciMethod javafx/scene/layout/Region minWidth (D)D 1024 0 5429 0 0
ciMethod javafx/scene/layout/Region prefWidth (D)D 596 0 5715 0 0
ciMethod javafx/scene/layout/Region maxWidth (D)D 1024 0 5049 0 0
ciMethod javafx/scene/layout/Region computeMaxWidth (D)D 260 0 130 0 -1
ciMethod javafx/scene/layout/Region snapSpaceX (D)D 1024 0 6736 0 -1
ciMethod javafx/scene/layout/Region snapSizeX (D)D 518 0 13827 0 1120
ciMethod javafx/scene/layout/Region snapSizeY (D)D 518 0 27983 0 0
ciMethod javafx/scene/layout/Region snappedTopInset ()D 538 0 17533 0 0
ciMethod javafx/scene/layout/Region snappedBottomInset ()D 552 0 17162 0 832
ciMethod javafx/scene/layout/Region snappedLeftInset ()D 542 0 17537 0 0
ciMethod javafx/scene/layout/Region snappedRightInset ()D 556 0 17145 0 832
ciMethod javafx/scene/layout/Region computeChildMinAreaHeight (Ljavafx/scene/Node;DLjavafx/geometry/Insets;D)D 1024 0 7689 0 -1
ciMethod javafx/scene/layout/Region computeMaxMinAreaWidth (Ljava/util/List;Ljavafx/util/Callback;)D 144 0 72 0 -1
ciMethod javafx/scene/layout/Region computeMaxMinAreaWidth (Ljava/util/List;Ljavafx/util/Callback;[DZ)D 0 0 1 0 -1
ciMethod javafx/scene/Scene getWindow ()Ljavafx/stage/Window; 516 0 92862 0 192
ciMethod javafx/scene/control/Control getSkin ()Ljavafx/scene/control/Skin; 512 0 284 0 -1
ciMethod javafx/scene/control/Control computeMinWidth (D)D 514 0 376 0 0
ciMethod javafx/scene/control/Control getSkinNode ()Ljavafx/scene/Node; 0 0 1 0 0
ciMethod javafx/scene/layout/VBox getContentBias ()Ljavafx/geometry/Orientation; 516 82 1631 0 -1
ciMethod javafx/scene/layout/VBox computeMinWidth (D)D 144 0 72 0 0
ciMethod javafx/scene/layout/VBox getAreaHeights (Ljava/util/List;DZ)[[D 762 4186 2660 0 -1
ciMethod javafx/scene/layout/VBox adjustAreaHeights (Ljava/util/List;[[DDD)D 274 0 136 0 -1
ciMethod javafx/scene/control/Skin getNode ()Ljavafx/scene/Node; 0 0 1 0 -1
ciMethodData javafx/beans/property/ObjectPropertyBase get ()Ljava/lang/Object; 2 125869 orig 80 0 0 0 0 0 0 0 0 0 0 0 0 249 127 0 0 0 0 0 0 0 0 0 0 0 0 0 0 0 0 0 0 0 0 0 0 0 0 0 0 0 0 0 0 0 0 0 0 0 0 0 0 0 0 0 0 0 0 0 0 0 0 0 0 0 0 0 0 0 0 0 0 0 0 0 0 0 0 0 0 data 23 0x90007 0x1cf1 0x38 0x1cdba 0x100003 0x1cdba 0x50 0x170005 0x75 0x0 0x1e0e95002d0 0x1d0 0x1e0e9500380 0x1aac 0x0 0x0 0x0 0x0 0x0 0x0 0x9 0x1 0x6 oops 2 10 javafx/scene/control/Labeled$14 12 javafx/scene/control/Labeled$6 methods 0
ciMethodData javafx/scene/Node getScene ()Ljavafx/scene/Scene; 2 153220 orig 80 0 0 0 0 0 0 0 0 0 0 0 0 249 127 0 0 0 0 0 0 0 0 0 0 0 0 0 0 0 0 0 0 0 0 0 0 0 0 0 0 0 0 0 0 0 0 0 0 0 0 0 0 0 0 0 0 0 0 0 0 0 0 0 0 0 0 0 0 0 0 0 0 0 0 0 0 0 0 0 0 data 23 0x40005 0x0 0x0 0x1e0e94fe650 0x25582 0x0 0x0 0x70104 0x0 0x0 0x1e0f0d7f530 0x24565 0x1e0e94feb30 0x4b 0x0 0x0 0x0 0x0 0x0 0x0 0x9 0x1 0x0 oops 3 3 javafx/scene/Node$ReadOnlyObjectWrapperManualFire 10 javafx/scene/Scene 12 javafx/scene/Scene$2$1 methods 0
ciMethod com/sun/javafx/scene/layout/ScaledMath ceil (DD)D 592 0 10663 0 416
ciMethod javafx/scene/control/SkinBase computeMinWidth (DDDDD)D 16 16 8 0 -1
ciMethodData java/lang/Double isNaN (D)Z 2 26978 orig 80 0 0 0 0 0 0 0 0 0 0 0 0 249 127 0 0 0 0 0 0 0 0 0 0 0 0 0 0 0 0 0 0 0 0 0 0 0 0 0 0 0 0 0 0 0 0 0 0 0 0 0 0 0 0 0 0 0 0 0 0 0 0 0 0 0 0 0 0 0 0 0 0 0 0 0 0 0 0 0 0 data 12 0x30007 0x5d70 0x38 0xaeb 0x70003 0xaeb 0x18 0x0 0x9 0x2 0x0 0x0 oops 0 methods 0
ciMethodData java/lang/Math getExponent (D)I 2 21675 orig 80 0 0 0 0 0 0 0 0 0 0 0 0 249 127 0 0 0 0 0 0 0 0 0 0 0 0 0 0 0 0 0 0 0 0 0 0 0 0 0 0 0 0 0 0 0 0 0 0 0 0 0 0 0 0 0 0 0 0 0 0 0 0 0 0 0 0 0 0 0 0 0 0 0 0 0 0 0 0 0 0 data 12 0x10002 0x53a9 0x0 0x0 0x0 0x0 0x0 0x0 0x9 0x2 0x0 0x0 oops 0 methods 0
ciMethodData java/lang/Double isInfinite (D)Z 2 12697 orig 80 0 0 0 0 0 0 0 0 0 0 0 0 249 127 0 0 0 0 0 0 0 0 0 0 0 0 0 0 0 0 0 0 0 0 0 0 0 0 0 0 0 0 0 0 0 0 0 0 0 0 0 0 0 0 0 0 0 0 0 0 0 0 0 0 0 0 0 0 0 0 0 0 0 0 0 0 0 0 0 0 data 18 0x50007 0x0 0x40 0x307c 0xd0007 0x307c 0x38 0x0 0x110003 0x0 0x18 0x0 0x0 0x0 0x9 0x2 0x0 0x0 oops 0 methods 0
ciMethodData java/lang/Math ulp (D)D 2 10670 orig 80 0 0 0 0 0 0 0 0 0 0 0 0 249 127 0 0 0 0 0 0 0 0 0 0 0 0 0 0 0 0 0 0 0 0 0 0 0 0 0 0 0 0 0 0 0 0 0 0 0 0 0 0 0 0 0 0 0 0 0 0 0 0 0 0 0 0 0 0 0 0 0 0 0 0 0 0 0 0 0 0 data 53 0x10002 0x288f 0x60008 0x6 0x1410 0x80 0x147f 0x68 0x0 0x40 0x210002 0x0 0x240003 0x0 0xf8 0x2a0003 0x147f 0xe0 0x300007 0x1410 0x70 0x0 0x370007 0x0 0x40 0x0 0x3e0007 0x0 0x30 0x0 0x450002 0x0 0x520007 0x0 0x48 0x1410 0x560002 0x1410 0x590003 0x1410 0x28 0x630002 0x0 0x0 0x0 0x0 0x0 0x0 0x0 0x9 0x2 0x0 0x0 oops 0 methods 0
ciMethodData java/lang/Math powerOfTwoD (I)D 2 5268 orig 80 0 0 0 0 0 0 0 0 0 0 0 0 249 127 0 0 0 0 0 0 0 0 0 0 0 0 0 0 0 0 0 0 0 0 0 0 0 0 0 0 0 0 0 0 0 0 0 0 0 0 0 0 0 0 0 0 0 0 0 0 0 0 0 0 0 0 0 0 0 0 0 0 0 0 0 0 0 0 0 0 data 25 0x30007 0x140c 0x70 0x0 0xa0007 0x0 0x40 0x0 0x110007 0x0 0x30 0x0 0x180002 0x0 0x290002 0x140c 0x0 0x0 0x0 0x0 0x0 0x0 0x9 0x1 0x0 oops 0 methods 0
ciMethodData javafx/beans/binding/ObjectExpression getValue ()Ljava/lang/Object; 2 18889 orig 80 0 0 0 0 0 0 0 0 0 0 0 0 249 127 0 0 0 0 0 0 0 0 0 0 0 0 0 0 0 0 0 0 0 0 0 0 0 0 0 0 0 0 0 0 0 0 0 0 0 0 0 0 0 0 0 0 0 0 0 0 0 0 0 0 0 0 0 0 0 0 0 0 0 0 0 0 0 0 0 0 data 16 0x10005 0x3a34 0x0 0x1e0e9501ed0 0x88 0x1e0e9500380 0xe0a 0x0 0x0 0x0 0x0 0x0 0x0 0x9 0x1 0x0 oops 2 3 javafx/scene/layout/Region$4 5 javafx/scene/control/Labeled$6 methods 0
ciMethodData javafx/beans/property/DoublePropertyBase get ()D 2 24783 orig 80 1 0 0 0 0 0 0 0 0 0 0 0 249 127 0 0 0 0 0 0 0 0 0 4 0 0 0 0 0 0 0 0 0 0 0 0 0 0 0 0 0 0 0 0 0 0 0 0 0 0 0 0 0 0 0 0 0 0 0 0 0 0 0 0 0 0 0 0 0 0 0 0 0 0 0 0 0 0 0 0 data 23 0x90007 0x1e 0x38 0x409c 0x100003 0x409c 0x50 0x8000000700170005 0x7 0x0 0x1e0eeafc110 0x8 0x1e0eeafc1c0 0x13 0x0 0x0 0x0 0x0 0x0 0x0 0x9 0x1 0x0 oops 2 10 javafx/scene/control/Labeled$10 12 javafx/scene/text/Text$TextAttribute$6$1 methods 0
ciMethodData javafx/scene/Scene getWindow ()Ljavafx/stage/Window; 2 92862 orig 80 0 0 0 0 0 0 0 0 0 0 0 0 249 127 0 0 0 0 0 0 0 0 0 0 0 0 0 0 0 0 0 0 0 0 0 0 0 0 0 0 0 0 0 0 0 0 0 0 0 0 0 0 0 0 0 0 0 0 0 0 0 0 0 0 0 0 0 0 0 0 0 0 0 0 0 0 0 0 0 0 data 30 0x40007 0x169ba 0x38 0x2 0x80003 0x2 0x88 0xf0005 0x0 0x0 0x1e0e95054f0 0x169ba 0x0 0x0 0x120004 0x0 0x0 0x1e0e95055a0 0x169b5 0x1e0e9505650 0x5 0x0 0x0 0x0 0x0 0x0 0x0 0x9 0x1 0x0 oops 3 10 javafx/scene/Scene$3 17 javafx/stage/Stage 19 javafx/scene/control/ContextMenu methods 0
ciMethodData javafx/scene/layout/Region getSnapScaleX ()D 2 58151 orig 80 0 0 0 0 0 0 0 0 0 0 0 0 249 127 0 0 0 0 0 0 0 0 0 0 0 0 0 0 0 0 0 0 0 0 0 0 0 0 0 0 0 0 0 0 0 0 0 0 0 0 0 0 0 0 0 0 0 0 0 0 0 0 0 0 0 0 0 0 0 0 0 0 0 0 0 0 0 0 0 0 data 18 0x10005 0xe222 0x0 0x0 0x0 0x0 0x0 0x40002 0xe222 0x0 0x0 0x0 0x0 0x0 0x0 0x9 0x1 0x0 oops 0 methods 0
ciMethodData javafx/scene/layout/Region _getSnapScaleXimpl (Ljavafx/scene/Scene;)D 2 53829 orig 80 0 0 0 0 0 0 0 0 0 0 0 0 249 127 0 0 0 0 0 0 0 0 0 0 0 0 0 0 0 0 0 0 0 0 0 0 0 0 0 0 0 0 0 0 0 0 0 0 0 0 0 0 0 0 0 0 0 0 0 0 0 0 0 0 0 0 0 0 0 0 0 0 0 0 0 0 0 0 0 0 data 31 0x10007 0xd137 0x20 0x9 0x70005 0xd137 0x0 0x0 0x0 0x0 0x0 0xc0007 0xd137 0x20 0x0 0x120005 0xd137 0x0 0x0 0x0 0x0 0x0 0x0 0x0 0x0 0x0 0x0 0x0 0x9 0x1 0x0 oops 0 methods 0
ciMethodData javafx/stage/Window getRenderScaleX ()D 2 53818 orig 80 0 0 0 0 0 0 0 0 0 0 0 0 249 127 0 0 0 0 0 0 0 0 0 0 0 0 0 0 0 0 0 0 0 0 0 0 0 0 0 0 0 0 0 0 0 0 0 0 0 0 0 0 0 0 0 0 0 0 0 0 0 0 0 0 0 0 0 0 0 0 0 0 0 0 0 0 0 0 0 0 data 16 0x40005 0x0 0x0 0x1e0eee1b040 0xd12e 0x0 0x0 0x0 0x0 0x0 0x0 0x0 0x0 0x9 0x1 0x0 oops 1 3 javafx/stage/Window$3 methods 0
ciMethodData javafx/stage/Window getRenderScaleY ()D 2 66990 orig 80 0 0 0 0 0 0 0 0 0 0 0 0 249 127 0 0 0 0 0 0 0 0 0 0 0 0 0 0 0 0 0 0 0 0 0 0 0 0 0 0 0 0 0 0 0 0 0 0 0 0 0 0 0 0 0 0 0 0 0 0 0 0 0 0 0 0 0 0 0 0 0 0 0 0 0 0 0 0 0 0 data 16 0x40005 0x0 0x0 0x1e0f0961f80 0x104a2 0x0 0x0 0x0 0x0 0x0 0x0 0x0 0x0 0x9 0x1 0x0 oops 1 3 javafx/stage/Window$4 methods 0
ciMethodData javafx/scene/layout/Region getSnapScaleY ()D 2 75309 orig 80 0 0 0 0 0 0 0 0 0 0 0 0 249 127 0 0 0 0 0 0 0 0 0 0 0 0 0 0 0 0 0 0 0 0 0 0 0 0 0 0 0 0 0 0 0 0 0 0 0 0 0 0 0 0 0 0 0 0 0 0 0 0 0 0 0 0 0 0 0 0 0 0 0 0 0 0 0 0 0 0 data 18 0x10005 0x1251c 0x0 0x0 0x0 0x0 0x0 0x40002 0x1251c 0x0 0x0 0x0 0x0 0x0 0x0 0x9 0x1 0x0 oops 0 methods 0
ciMethodData javafx/scene/layout/Region _getSnapScaleYimpl (Ljavafx/scene/Scene;)D 2 67001 orig 80 0 0 0 0 0 0 0 0 0 0 0 0 249 127 0 0 0 0 0 0 0 0 0 0 0 0 0 0 0 0 0 0 0 0 0 0 0 0 0 0 0 0 0 0 0 0 0 0 0 0 0 0 0 0 0 0 0 0 0 0 0 0 0 0 0 0 0 0 0 0 0 0 0 0 0 0 0 0 0 0 data 31 0x10007 0x1049c 0x20 0x9 0x70005 0x1049c 0x0 0x0 0x0 0x0 0x0 0xc0007 0x1049c 0x20 0x0 0x120005 0x1049c 0x0 0x0 0x0 0x0 0x0 0x0 0x0 0x0 0x0 0x0 0x0 0x9 0x1 0x0 oops 0 methods 0
ciMethodData com/sun/javafx/scene/layout/ScaledMath ceil (DD)D 2 10663 orig 80 0 0 0 0 0 0 0 0 0 0 0 0 249 127 0 0 0 0 0 0 0 0 0 0 0 0 0 0 0 0 0 0 0 0 0 0 0 0 0 0 0 0 0 0 0 0 0 0 0 0 0 0 0 0 0 0 0 0 0 0 0 0 0 0 0 0 0 0 0 0 0 0 0 0 0 0 0 0 0 0 data 22 0x70002 0x287f 0xa0007 0x287f 0x20 0x0 0x130002 0x287f 0x170002 0x287f 0x0 0x0 0x0 0x0 0x0 0x0 0x9 0x4 0x0 0x0 0x0 0x0 oops 0 methods 0
ciMethodData javafx/scene/layout/Region snapSizeX (D)D 2 14117 orig 80 0 0 0 0 0 0 0 0 0 0 0 0 249 127 0 0 0 0 0 0 0 0 0 0 0 0 0 0 0 0 0 0 0 0 0 0 0 0 0 0 0 0 0 0 0 0 0 0 0 0 0 0 0 0 0 0 0 0 0 0 0 0 0 0 0 0 0 0 0 0 0 0 0 0 0 0 0 0 0 0 data 25 0x30005 0x3622 0x0 0x0 0x0 0x0 0x0 0x60005 0x3622 0x0 0x0 0x0 0x0 0x0 0x0 0x0 0x0 0x0 0x0 0x0 0x9 0x3 0x0 0x0 0x0 oops 0 methods 0
ciMethodData javafx/scene/layout/Region snapSizeX (DZ)D 2 14117 orig 80 0 0 0 0 0 0 0 0 0 0 0 0 249 127 0 0 0 0 0 0 0 0 0 0 0 0 0 0 0 0 0 0 0 0 0 0 0 0 0 0 0 0 0 0 0 0 0 0 0 0 0 0 0 0 0 0 0 0 0 0 0 0 0 0 0 0 0 0 0 0 0 0 0 0 0 0 0 0 0 0 data 28 0x10007 0x0 0x80 0x3622 0x60005 0x3622 0x0 0x0 0x0 0x0 0x0 0x90002 0x3622 0xc0003 0x3622 0x18 0x0 0x0 0x0 0x0 0x0 0x0 0x9 0x4 0x0 0x0 0x0 0x0 oops 0 methods 0
ciMethodData javafx/scene/layout/Region snapSizeY (DZ)D 2 28801 orig 80 0 0 0 0 0 0 0 0 0 0 0 0 249 127 0 0 0 0 0 0 0 0 0 0 0 0 0 0 0 0 0 0 0 0 0 0 0 0 0 0 0 0 0 0 0 0 0 0 0 0 0 0 0 0 0 0 0 0 0 0 0 0 0 0 0 0 0 0 0 0 0 0 0 0 0 0 0 0 0 0 data 28 0x10007 0x0 0x80 0x6f7e 0x60005 0x6f7e 0x0 0x0 0x0 0x0 0x0 0x90002 0x6f7e 0xc0003 0x6f7e 0x18 0x0 0x0 0x0 0x0 0x0 0x0 0x9 0x4 0x0 0x0 0x0 0x0 oops 0 methods 0
ciMethodData javafx/scene/layout/Region snapSizeY (D)D 2 28801 orig 80 0 0 0 0 0 0 0 0 0 0 0 0 249 127 0 0 0 0 0 0 0 0 0 0 0 0 0 0 0 0 0 0 0 0 0 0 0 0 0 0 0 0 0 0 0 0 0 0 0 0 0 0 0 0 0 0 0 0 0 0 0 0 0 0 0 0 0 0 0 0 0 0 0 0 0 0 0 0 0 0 data 25 0x30005 0x6f7e 0x0 0x0 0x0 0x0 0x0 0x60005 0x6f7e 0x0 0x0 0x0 0x0 0x0 0x0 0x0 0x0 0x0 0x0 0x0 0x9 0x3 0x0 0x0 0x0 oops 0 methods 0
ciMethodData javafx/scene/layout/Region snappedTopInset ()D 2 17533 orig 80 0 0 0 0 0 0 0 0 0 0 0 0 249 127 0 0 0 0 0 0 0 0 0 0 0 0 0 0 0 0 0 0 0 0 0 0 0 0 0 0 0 0 0 0 0 0 0 0 0 0 0 0 0 0 0 0 0 0 0 0 0 0 0 0 0 0 0 0 0 0 0 0 0 0 0 0 0 0 0 0 data 27 0x50005 0x4370 0x0 0x0 0x0 0x0 0x0 0x90007 0x4311 0x58 0x5f 0xd0005 0x5f 0x0 0x0 0x0 0x0 0x0 0x0 0x0 0x0 0x0 0x0 0x0 0x9 0x1 0x0 oops 0 methods 0
ciMethodData javafx/scene/layout/Region snappedLeftInset ()D 2 17537 orig 80 0 0 0 0 0 0 0 0 0 0 0 0 249 127 0 0 0 0 0 0 0 0 0 0 0 0 0 0 0 0 0 0 0 0 0 0 0 0 0 0 0 0 0 0 0 0 0 0 0 0 0 0 0 0 0 0 0 0 0 0 0 0 0 0 0 0 0 0 0 0 0 0 0 0 0 0 0 0 0 0 data 27 0x50005 0x4372 0x0 0x0 0x0 0x0 0x0 0x90007 0x4372 0x58 0x0 0xd0005 0x0 0x0 0x0 0x0 0x0 0x0 0x0 0x0 0x0 0x0 0x0 0x0 0x9 0x1 0x0 oops 0 methods 0
ciMethodData javafx/scene/layout/Region boundedSize (DDD)D 2 6931 orig 80 0 0 0 0 0 0 0 0 0 0 0 0 249 127 0 0 0 0 0 0 0 0 0 0 0 0 0 0 0 0 0 0 0 0 0 0 0 0 0 0 0 0 0 0 0 0 0 0 0 0 0 0 0 0 0 0 0 0 0 0 0 0 0 0 0 0 0 0 0 0 0 0 0 0 0 0 0 0 0 0 data 30 0x30007 0xb 0x38 0x1909 0x70003 0x1909 0x18 0x110007 0x8bf 0x38 0x1055 0x150003 0x1055 0x18 0x210007 0x723 0x38 0x11f1 0x260003 0x11f1 0x18 0x0 0x9 0x6 0x0 0x0 0x0 0x0 0x0 0x0 oops 0 methods 0
ciMethodData javafx/scene/layout/Region minWidth (D)D 2 5435 orig 80 0 0 0 0 0 0 0 0 0 0 0 0 249 127 0 0 0 0 0 0 0 0 0 0 0 0 0 0 0 0 0 0 0 0 0 0 0 0 0 0 0 0 0 0 0 0 0 0 0 0 0 0 0 0 0 0 0 0 0 0 0 0 0 0 0 0 0 0 0 0 0 0 0 0 0 0 0 0 0 0 data 48 0x10005 0x133c 0x0 0x0 0x0 0x0 0x0 0xa0007 0x5cd 0x30 0xd6f 0xf0002 0xd6f 0x180007 0x5cd 0x58 0x0 0x1d0005 0x0 0x0 0x0 0x0 0x0 0x0 0x220002 0x5cd 0x250007 0x0 0x40 0x5cd 0x2b0007 0x5cd 0x38 0x0 0x2f0003 0x0 0x18 0x0 0x0 0x0 0x0 0x0 0x0 0x9 0x3 0x0 0x0 0x0 oops 0 methods 0
ciMethodData javafx/scene/layout/Region getMinWidth ()D 2 5438 orig 80 0 0 0 0 0 0 0 0 0 0 0 0 249 127 0 0 0 0 0 0 0 0 0 0 0 0 0 0 0 0 0 0 0 0 0 0 0 0 0 0 0 0 0 0 0 0 0 0 0 0 0 0 0 0 0 0 0 0 0 0 0 0 0 0 0 0 0 0 0 0 0 0 0 0 0 0 0 0 0 0 data 23 0x40007 0x5b3 0x38 0xd8c 0xb0003 0xd8c 0x50 0x120005 0x0 0x0 0x1e0f07e4120 0x5b3 0x0 0x0 0x0 0x0 0x0 0x0 0x0 0x0 0x9 0x1 0x0 oops 1 10 javafx/scene/layout/Region$MinPrefMaxProperty methods 0
ciMethodData javafx/scene/layout/Region maxWidth (D)D 2 5049 orig 80 0 0 0 0 0 0 0 0 0 0 0 0 249 127 0 0 0 0 0 0 0 0 0 0 0 0 0 0 0 0 0 0 0 0 0 0 0 0 0 0 0 0 0 0 0 0 0 0 0 0 0 0 0 0 0 0 0 0 0 0 0 0 0 0 0 0 0 0 0 0 0 0 0 0 0 0 0 0 0 0 data 53 0x10005 0x11ba 0x0 0x0 0x0 0x0 0x0 0xa0007 0x5b9 0x58 0xc01 0xf0005 0x152 0x0 0x1e0e97e4600 0x9ab 0x1e0eee1f060 0x104 0x180007 0x5b7 0x58 0x2 0x1d0005 0x2 0x0 0x0 0x0 0x0 0x0 0x220002 0x5b7 0x250007 0x0 0x40 0x5b7 0x2b0007 0x5b7 0x38 0x0 0x2f0003 0x0 0x18 0x0 0x0 0x0 0x0 0x0 0x0 0x9 0x3 0x0 0x0 0x0 oops 2 14 javafx/scene/control/Label 16 javafx/scene/control/Button methods 0
ciMethodData javafx/scene/layout/Region getMaxWidth ()D 2 5049 orig 80 0 0 0 0 0 0 0 0 0 0 0 0 249 127 0 0 0 0 0 0 0 0 0 0 0 0 0 0 0 0 0 0 0 0 0 0 0 0 0 0 0 0 0 0 0 0 0 0 0 0 0 0 0 0 0 0 0 0 0 0 0 0 0 0 0 0 0 0 0 0 0 0 0 0 0 0 0 0 0 0 data 23 0x40007 0x5b4 0x38 0xc06 0xb0003 0xc06 0x50 0x120005 0x0 0x0 0x1e0f07e4120 0x5b4 0x0 0x0 0x0 0x0 0x0 0x0 0x0 0x0 0x9 0x1 0x0 oops 1 10 javafx/scene/layout/Region$MinPrefMaxProperty methods 0
ciMethodData javafx/scene/Parent minWidth (D)D 2 3885 orig 80 0 0 0 0 0 0 0 0 0 0 0 0 249 127 0 0 0 0 0 0 0 0 0 0 0 0 0 0 0 0 0 0 0 0 0 0 0 0 0 0 0 0 0 0 0 0 0 0 0 0 0 0 0 0 0 0 0 0 0 0 0 0 0 0 0 0 0 0 0 0 0 0 0 0 0 0 0 0 0 0 data 56 0x50007 0x0 0xc8 0xd2e 0x100007 0xb7c 0xa8 0x1b2 0x180005 0x19a 0x0 0x1e0eeaff710 0xc 0x1e0eeaff7c0 0xc 0x220002 0x1b2 0x250007 0x0 0x40 0x1b2 0x2e0007 0x1b2 0x20 0x0 0x420005 0x0 0x0 0x0 0x0 0x0 0x0 0x470002 0x0 0x4a0007 0x0 0x40 0x0 0x500007 0x0 0x38 0x0 0x540003 0x0 0x18 0x0 0x0 0x0 0x0 0x0 0x0 0x9 0x3 0x0 0x0 0x0 oops 2 11 javafx/scene/control/skin/ScrollBarSkin$3 13 javafx/scene/control/skin/ScrollBarSkin$2 methods 0
ciMethodData javafx/scene/layout/Region computeChildMinAreaHeight (Ljavafx/scene/Node;DLjavafx/geometry/Insets;D)D 2 7701 orig 80 0 0 0 0 0 0 0 0 0 0 0 0 249 127 0 0 0 0 0 0 0 0 0 0 0 0 0 0 0 0 0 0 0 0 0 0 0 0 0 0 0 0 0 0 0 0 0 0 0 0 0 0 0 0 0 0 0 0 0 0 0 0 0 0 0 0 0 0 0 0 0 0 0 0 0 0 0 0 0 0 data 219 0x10005 0x1c12 0x0 0x0 0x0 0x0 0x0 0x80007 0x1c12 0xa8 0x0 0xe0005 0x0 0x0 0x0 0x0 0x0 0x0 0x130005 0x0 0x0 0x0 0x0 0x0 0x0 0x160003 0x0 0x18 0x1e0007 0x1c12 0xa8 0x0 0x240005 0x0 0x0 0x0 0x0 0x0 0x0 0x290005 0x0 0x0 0x0 0x0 0x0 0x0 0x2c0003 0x0 0x18 0x380005 0xe3c 0x0 0x1e0e97e4600 0xdc5 0x1e0e97e32b0 0x11 0x3b0007 0x469 0x2f0 0x17a9 0x3f0005 0x9d3 0x0 0x1e0e97e4600 0xdc5 0x1e0e97e32b0 0x11 0x450007 0x130c 0x298 0x49d 0x4a0007 0x49d 0xa8 0x0 0x500005 0x0 0x0 0x0 0x0 0x0 0x0 0x550005 0x0 0x0 0x0 0x0 0x0 0x0 0x580003 0x0 0x18 0x600007 0x49d 0xa8 0x0 0x660005 0x0 0x0 0x0 0x0 0x0 0x0 0x6b0005 0x0 0x0 0x0 0x0 0x0 0x0 0x6e0003 0x0 0x18 0x7b0007 0x0 0xb8 0x49d 0x820005 0x0 0x0 0x1e0e97e4600 0x48f 0x1e0e97e46b0 0xe 0x910005 0x0 0x0 0x1e0e97e4600 0x48f 0x1e0e97e46b0 0xe 0x940002 0x49d 0x970003 0x49d 0x50 0x9e0005 0x0 0x0 0x0 0x0 0x0 0x0 0xa10005 0x0 0x0 0x1e0e97e46b0 0x49d 0x0 0x0 0xab0007 0x1c12 0x140 0x0 0xaf0005 0x0 0x0 0x0 0x0 0x0 0x0 0xb50005 0x0 0x0 0x0 0x0 0x0 0x0 0xb80007 0x0 0xb0 0x0 0xc10007 0x0 0x90 0x0 0xca0005 0x0 0x0 0x0 0x0 0x0 0x0 0xcd0005 0x0 0x0 0x0 0x0 0x0 0x0 0xe20005 0xe3c 0x0 0x1e0e97e4600 0xdc5 0x1e0e97e32b0 0x11 0xe50005 0x2 0x0 0x1e0e97e4760 0x6c 0x1e0e97e46b0 0x1ba3 0x0 0x0 0x0 0x0 0x0 0x0 0x9 0x7 0x0 0x0 0x0 0x0 0x0 0x0 0x0 oops 13 52 javafx/scene/control/Label 54 javafx/scene/layout/Region 63 javafx/scene/control/Label 65 javafx/scene/layout/Region 120 javafx/scene/control/Label 122 javafx/scene/layout/VBox 127 javafx/scene/control/Label 129 javafx/scene/layout/VBox 146 javafx/scene/layout/VBox 193 javafx/scene/control/Label 195 javafx/scene/layout/Region 200 javafx/scene/layout/HBox 202 javafx/scene/layout/VBox methods 0
compile javafx/scene/layout/Region computeChildMinAreaHeight (Ljavafx/scene/Node;DLjavafx/geometry/Insets;D)D -1 4 inline 88 0 -1 javafx/scene/layout/Region computeChildMinAreaHeight (Ljavafx/scene/Node;DLjavafx/geometry/Insets;D)D 1 1 javafx/scene/layout/Region isSnapToPixel ()Z 1 130 javafx/scene/layout/Region minWidth (D)D 2 1 javafx/scene/layout/Region getMinWidth ()D 3 18 javafx/beans/property/DoublePropertyBase get ()D 2 15 javafx/scene/Parent minWidth (D)D 3 34 java/lang/Double isNaN (D)Z 3 24 javafx/scene/control/Control computeMinWidth (D)D 4 13 javafx/scene/layout/Region snappedTopInset ()D 5 5 javafx/scene/layout/Region getSnapScaleY ()D 6 1 javafx/scene/Node getScene ()Ljavafx/scene/Scene; 7 4 javafx/beans/property/ObjectPropertyBase get ()Ljava/lang/Object; 8 23 javafx/beans/binding/ObjectExpression getValue ()Ljava/lang/Object; 9 1 javafx/beans/property/ObjectPropertyBase get ()Ljava/lang/Object; 10 23 javafx/beans/binding/ObjectExpression getValue ()Ljava/lang/Object; 6 4 javafx/scene/layout/Region _getSnapScaleYimpl (Ljavafx/scene/Scene;)D 7 7 javafx/scene/Scene getWindow ()Ljavafx/stage/Window; 8 15 javafx/beans/property/ObjectPropertyBase get ()Ljava/lang/Object; 9 23 javafx/beans/binding/ObjectExpression getValue ()Ljava/lang/Object; 10 1 javafx/beans/property/ObjectPropertyBase get ()Ljava/lang/Object; 11 23 javafx/beans/binding/ObjectExpression getValue ()Ljava/lang/Object; 7 18 javafx/stage/Window getRenderScaleY ()D 8 4 javafx/beans/property/DoublePropertyBase get ()D 4 25 javafx/scene/layout/Region snappedLeftInset ()D 5 5 javafx/scene/layout/Region getSnapScaleX ()D 6 1 javafx/scene/Node getScene ()Ljavafx/scene/Scene; 7 4 javafx/beans/property/ObjectPropertyBase get ()Ljava/lang/Object; 8 23 javafx/beans/binding/ObjectExpression getValue ()Ljava/lang/Object; 9 1 javafx/beans/property/ObjectPropertyBase get ()Ljava/lang/Object; 10 23 javafx/beans/binding/ObjectExpression getValue ()Ljava/lang/Object; 6 4 javafx/scene/layout/Region _getSnapScaleXimpl (Ljavafx/scene/Scene;)D 7 7 javafx/scene/Scene getWindow ()Ljavafx/stage/Window; 8 15 javafx/beans/property/ObjectPropertyBase get ()Ljava/lang/Object; 9 23 javafx/beans/binding/ObjectExpression getValue ()Ljava/lang/Object; 10 1 javafx/beans/property/ObjectPropertyBase get ()Ljava/lang/Object; 11 23 javafx/beans/binding/ObjectExpression getValue ()Ljava/lang/Object; 7 18 javafx/stage/Window getRenderScaleX ()D 8 4 javafx/beans/property/DoublePropertyBase get ()D 2 34 java/lang/Double isNaN (D)Z 1 145 javafx/scene/layout/Region maxWidth (D)D 2 1 javafx/scene/layout/Region getMaxWidth ()D 3 18 javafx/beans/property/DoublePropertyBase get ()D 2 34 java/lang/Double isNaN (D)Z 1 148 javafx/scene/layout/Region boundedSize (DDD)D 1 161 javafx/scene/layout/Region snapSizeX (D)D 2 3 javafx/scene/layout/Region isSnapToPixel ()Z 2 6 javafx/scene/layout/Region snapSizeX (DZ)D 3 6 javafx/scene/layout/Region getSnapScaleX ()D 4 1 javafx/scene/Node getScene ()Ljavafx/scene/Scene; 5 4 javafx/beans/property/ObjectPropertyBase get ()Ljava/lang/Object; 6 23 javafx/beans/binding/ObjectExpression getValue ()Ljava/lang/Object; 7 1 javafx/beans/property/ObjectPropertyBase get ()Ljava/lang/Object; 8 23 javafx/beans/binding/ObjectExpression getValue ()Ljava/lang/Object; 4 4 javafx/scene/layout/Region _getSnapScaleXimpl (Ljavafx/scene/Scene;)D 5 7 javafx/scene/Scene getWindow ()Ljavafx/stage/Window; 6 15 javafx/beans/property/ObjectPropertyBase get ()Ljava/lang/Object; 7 23 javafx/beans/binding/ObjectExpression getValue ()Ljava/lang/Object; 8 1 javafx/beans/property/ObjectPropertyBase get ()Ljava/lang/Object; 9 23 javafx/beans/binding/ObjectExpression getValue ()Ljava/lang/Object; 5 18 javafx/stage/Window getRenderScaleX ()D 6 4 javafx/beans/property/DoublePropertyBase get ()D 3 9 com/sun/javafx/scene/layout/ScaledMath ceil (DD)D 4 7 java/lang/Double isInfinite (D)Z 4 19 java/lang/Math ulp (D)D 5 1 java/lang/Math getExponent (D)I 5 86 java/lang/Math powerOfTwoD (I)D 1 229 javafx/scene/layout/Region snapSizeY (D)D 2 3 javafx/scene/layout/Region isSnapToPixel ()Z 2 6 javafx/scene/layout/Region snapSizeY (DZ)D 3 6 javafx/scene/layout/Region getSnapScaleY ()D 4 1 javafx/scene/Node getScene ()Ljavafx/scene/Scene; 5 4 javafx/beans/property/ObjectPropertyBase get ()Ljava/lang/Object; 6 23 javafx/beans/binding/ObjectExpression getValue ()Ljava/lang/Object; 7 1 javafx/beans/property/ObjectPropertyBase get ()Ljava/lang/Object; 8 23 javafx/beans/binding/ObjectExpression getValue ()Ljava/lang/Object; 4 4 javafx/scene/layout/Region _getSnapScaleYimpl (Ljavafx/scene/Scene;)D 5 7 javafx/scene/Scene getWindow ()Ljavafx/stage/Window; 6 15 javafx/beans/property/ObjectPropertyBase get ()Ljava/lang/Object; 7 23 javafx/beans/binding/ObjectExpression getValue ()Ljava/lang/Object; 8 1 javafx/beans/property/ObjectPropertyBase get ()Ljava/lang/Object; 9 23 javafx/beans/binding/ObjectExpression getValue ()Ljava/lang/Object; 5 18 javafx/stage/Window getRenderScaleY ()D 6 4 javafx/beans/property/DoublePropertyBase get ()D 3 9 com/sun/javafx/scene/layout/ScaledMath ceil (DD)D 4 7 java/lang/Double isInfinite (D)Z 4 19 java/lang/Math ulp (D)D 5 1 java/lang/Math getExponent (D)I 5 86 java/lang/Math powerOfTwoD (I)D
